Lat,Lon,Alt,Date,H2,O18,Year,JulianDay,JulianDay_Sin,O18_Model_Run1,H2_Model_Run1,O18_Model_Run2,H2_Model_Run2,O18_Model_Run3,H2_Model_Run3,O18_Model_Run4,H2_Model_Run4,O18_Model_Run5,H2_Model_Run5,O18_Model_Run6,H2_Model_Run6,O18_Model_Run7,H2_Model_Run7,O18_Model_Run8,H2_Model_Run8,O18_Model_Run9,H2_Model_Run9,O18_Model_Run10,H2_Model_Run10
47.54260867,7.58371693,316.0,2004-01-14 23:00:00+00:00,-88.50962751,-11.9,2004,14,0.2386727660059501,-7.292632,-47.810463,-7.223317,-49.06041,-7.2223134,-48.831554,-7.2618957,-48.284218,-7.2561255,-48.234726,-7.3376555,-48.143406,-7.300644,-48.325195,-7.263846,-48.402817,-7.24913,-48.130005,-7.246027,-48.169342
47.54260867,7.58371693,316.0,2004-02-14 23:00:00+00:00,-66.74413536,-9.88,2004,45,0.6994583270516471,-7.3146334,-48.20122,-7.227842,-48.523254,-7.2453957,-48.359196,-7.259575,-48.328037,-7.2555647,-48.27895,-7.2862782,-48.26802,-7.243948,-48.16527,-7.2668386,-48.381035,-7.246183,-48.23988,-7.2540936,-48.27631
47.54260867,7.58371693,316.0,2004-03-14 23:00:00+00:00,-71.5587575,-9.69,2004,74,0.9562348265919056,-7.2749877,-48.364048,-7.228846,-48.469826,-7.2469063,-48.246525,-7.2546697,-48.33336,-7.2529087,-48.261173,-7.2528305,-48.217556,-7.2344546,-48.04406,-7.281168,-48.335854,-7.239658,-48.29239,-7.2495337,-48.21447
47.54260867,7.58371693,316.0,2004-04-14 22:00:00+00:00,-40.66799847,-6.1,2004,105,0.9721181966290613,-7.2708054,-48.373466,-7.229251,-48.469223,-7.2458935,-48.247963,-7.2533603,-48.334095,-7.252862,-48.25705,-7.2512836,-48.208645,-7.2333403,-48.036472,-7.2826476,-48.34622,-7.239897,-48.299034,-7.24924,-48.212097
47.54260867,7.58371693,316.0,2004-05-14 22:00:00+00:00,-50.25006643,-7.01,2004,135,0.7295575540864875,-7.311191,-48.193935,-7.225977,-48.4926,-7.247326,-48.331398,-7.259885,-48.325397,-7.255367,-48.283836,-7.282089,-48.273235,-7.2413487,-48.134132,-7.2656384,-48.36119,-7.2454896,-48.248672,-7.2537475,-48.281193
47.54260867,7.58371693,316.0,2004-06-14 22:00:00+00:00,-53.83051048,-7.21,2004,166,0.2802306751992159,-7.2946496,-47.848145,-7.2245297,-49.006054,-7.22391,-48.794292,-7.2614465,-48.28715,-7.255882,-48.237724,-7.3328366,-48.154884,-7.2954392,-48.324753,-7.2643175,-48.40634,-7.248649,-48.13559,-7.246369,-48.17749
47.54260867,7.58371693,316.0,2004-07-14 22:00:00+00:00,-34.72560691,-5.49,2004,196,-0.23030567023061196,-7.279092,-47.327724,-7.1989365,-49.582485,-7.203295,-49.257668,-7.265844,-48.258068,-7.258773,-48.204723,-7.388636,-48.014164,-7.348535,-48.34472,-7.2605867,-48.384125,-7.2489557,-48.055683,-7.243623,-48.06153
47.54260867,7.58371693,316.0,2004-08-14 22:00:00+00:00,-31.50057387,-4.8,2004,227,-0.6932812268869771,-7.263388,-46.81614,-7.1767707,-50.046524,-7.189511,-49.67464,-7.269959,-48.26116,-7.261536,-48.179905,-7.4387116,-47.89071,-7.387082,-48.43604,-7.258322,-48.38117,-7.2468615,-47.97558,-7.24059,-47.95953
47.54260867,7.58371693,316.0,2004-09-14 22:00:00+00:00,-31.38678091,-4.92,2004,258,-0.9634705485641486,-7.2530417,-46.53767,-7.166114,-50.29108,-7.1803875,-49.921745,-7.272827,-48.272503,-7.2632575,-48.167084,-7.467206,-47.820198,-7.405236,-48.50706,-7.2569976,-48.377975,-7.246378,-47.928913,-7.2373137,-47.904675
47.54260867,7.58371693,316.0,2004-10-14 22:00:00+00:00,-76.42100974,-10.75,2004,288,-0.970063921851507,-7.252806,-46.53168,-7.16574,-50.29654,-7.180082,-49.9276,-7.272916,-48.272533,-7.263322,-48.166794,-7.467798,-47.818962,-7.405433,-48.50955,-7.2569766,-48.377823,-7.246438,-47.92737,-7.2371836,-47.90324
47.54260867,7.58371693,316.0,2004-11-14 23:00:00+00:00,-75.39648751,-10.49,2004,319,-0.7116566222817751,-7.2627683,-46.79887,-7.1760073,-50.063732,-7.1888514,-49.69105,-7.270148,-48.261696,-7.261664,-48.17897,-7.4406157,-47.88639,-7.388245,-48.441216,-7.258093,-48.38,-7.24679,-47.97206,-7.2404685,-47.955738
47.54260867,7.58371693,316.0,2004-12-14 23:00:00+00:00,-98.71358212,-13.22,2004,349,-0.27195815753410524,-7.2777324,-47.278084,-7.196663,-49.625896,-7.20211,-49.29406,-7.266196,-48.25705,-7.2590075,-48.202427,-7.393205,-48.00311,-7.3520656,-48.35185,-7.260354,-48.383873,-7.2487845,-48.048344,-7.243457,-48.051258
47.54260867,7.58371693,316.0,2005-01-14 23:00:00+00:00,-42.77138547,-6.66,2005,14,0.2386727660059501,-7.289205,-47.872784,-7.2267613,-48.952385,-7.226688,-48.751057,-7.2597704,-48.283836,-7.2555594,-48.23931,-7.3259945,-48.164463,-7.295746,-48.317844,-7.2628493,-48.390945,-7.249091,-48.149403,-7.247001,-48.183727
47.54260867,7.58371693,316.0,2005-02-14 23:00:00+00:00,-115.1328526,-15.78,2005,45,0.6994583270516471,-7.2996416,-48.197292,-7.2276144,-48.42554,-7.249056,-48.301815,-7.258596,-48.314285,-7.2548423,-48.289703,-7.270695,-48.26967,-7.2423153,-48.11859,-7.2633886,-48.33138,-7.244021,-48.264717,-7.251897,-48.27688
47.54260867,7.58371693,316.0,2005-03-14 23:00:00+00:00,-59.70485452,-8.02,2005,73,0.9510565162951535,-7.2467213,-48.416348,-7.233456,-48.424732,-7.2421684,-48.261765,-7.247886,-48.391003,-7.2530355,-48.240513,-7.243757,-48.163868,-7.233011,-48.06487,-7.287105,-48.3878,-7.242261,-48.327442,-7.2458005,-48.1952
47.54260867,7.58371693,316.0,2005-04-14 22:00:00+00:00,-58.19910378,-8.51,2005,104,0.9760105506323683,-7.23969,-48.42935,-7.233896,-48.421196,-7.241387,-48.262413,-7.2465205,-48.40938,-7.252936,-48.234333,-7.2414494,-48.146656,-7.22901,-48.070724,-7.290469,-48.409225,-7.242391,-48.33634,-7.244725,-48.18679
47.54260867,7.58371693,316.0,2005-05-14 22:00:00+00:00,-48.05079866,-6.95,2005,134,0.741222010848596,-7.2928658,-48.23882,-7.2264752,-48.405453,-7.24974,-48.279182,-7.25908,-48.314743,-7.254558,-48.28722,-7.264085,-48.259335,-7.2422633,-48.091156,-7.2704105,-48.31805,-7.2424393,-48.269257,-7.251047,-48.279793
47.54260867,7.58371693,316.0,2005-06-14 22:00:00+00:00,-32.64544918,-5.24,2005,165,0.29671281927349075,-7.2933006,-47.929276,-7.2284164,-48.87621,-7.2288303,-48.699043,-7.2593102,-48.288853,-7.2552404,-48.243618,-7.319193,-48.179756,-7.2885327,-48.30766,-7.26346,-48.39545,-7.248357,-48.15768,-7.2475333,-48.195034
47.54260867,7.58371693,316.0,2005-07-14 22:00:00+00:00,-37.45673818,-5.67,2005,195,-0.2135209154397959,-7.2759376,-47.409714,-7.2028294,-49.461765,-7.208377,-49.161972,-7.2637925,-48.25782,-7.2581015,-48.210194,-7.375196,-48.039993,-7.3408184,-48.33067,-7.259623,-48.37257,-7.249203,-48.077816,-7.2446194,-48.080627
47.54260867,7.58371693,316.0,2005-08-14 22:00:00+00:00,-43.03745941,-6.33,2005,226,-0.680773409477016,-7.2604322,-46.896484,-7.180071,-49.938065,-7.194475,-49.58539,-7.268009,-48.258614,-7.260854,-48.185207,-7.425553,-47.915127,-7.380376,-48.420185,-7.2573066,-48.36968,-7.247036,-47.99683,-7.2414875,-47.97783
47.54260867,7.58371693,316.0,2005-09-14 22:00:00+00:00,-68.63931346,-9.610421834,2005,257,-0.9587178169872964,-7.250092,-46.6108,-7.1689577,-50.193165,-7.1851354,-49.84033,-7.271226,-48.268646,-7.2625995,-48.17199,-7.454801,-47.84216,-7.398881,-48.49128,-7.2561407,-48.367874,-7.246705,-47.949165,-7.237917,-47.92074
47.54260867,7.58371693,316.0,2005-10-14 22:00:00+00:00,-42.73606861,-6.38,2005,287,-0.9741004551724206,-7.249327,-46.593414,-7.1684003,-50.205864,-7.184623,-49.85457,-7.271357,-48.269466,-7.262702,-48.171394,-7.4563694,-47.83891,-7.399758,-48.496105,-7.256135,-48.36822,-7.246646,-47.946533,-7.2377257,-47.91767
47.54260867,7.58371693,316.0,2005-11-14 23:00:00+00:00,-103.3116898,-14.2,2005,318,-0.7236440382959123,-7.258795,-46.850544,-7.1783075,-49.979256,-7.193164,-49.6248,-7.268539,-48.2599,-7.261138,-48.183094,-7.430079,-47.90316,-7.3834124,-48.430054,-7.2571,-48.369045,-7.2469063,-47.989555,-7.2409573,-47.96893
47.54260867,7.58371693,316.0,2005-12-14 23:00:00+00:00,-78.0619552,-10.79,2005,348,-0.2884824328806098,-7.273788,-47.324978,-7.198847,-49.540813,-7.206207,-49.227386,-7.2644806,-48.255695,-7.258529,-48.205982,-7.3833675,-48.02011,-7.3476653,-48.341816,-7.259256,-48.372494,-7.2487583,-48.06514,-7.244282,-48.062267
47.54260867,7.58371693,316.0,2006-01-14 23:00:00+00:00,-75.03694923,-10.39,2006,14,0.2386727660059501,-7.2867556,-47.94029,-7.2302985,-48.841377,-7.2309856,-48.670166,-7.2577477,-48.283867,-7.2550173,-48.244137,-7.314278,-48.185196,-7.290171,-48.310307,-7.261817,-48.378414,-7.249013,-48.168648,-7.2480083,-48.19817
47.54260867,7.58371693,316.0,2006-02-14 23:00:00+00:00,-90.29273588,-11.52,2006,45,0.6994583270516471,-7.281264,-48.277668,-7.232147,-48.375465,-7.2494197,-48.264755,-7.256049,-48.305634,-7.2535152,-48.27428,-7.2573705,-48.24514,-7.2527285,-48.13413,-7.2711687,-48.30001,-7.2426324,-48.276554,-7.2506356,-48.254536
47.54260867,7.58371693,316.0,2006-03-14 23:00:00+00:00,-82.68571664,-11.23849183,2006,73,0.9510565162951535,-7.2248893,-48.40489,-7.2356873,-48.385757,-7.2382555,-48.274406,-7.24272,-48.424118,-7.252656,-48.2159,-7.23661,-48.092297,-7.213842,-48.101814,-7.2995024,-48.475582,-7.244248,-48.37024,-7.242152,-48.168888
47.54260867,7.58371693,316.0,2006-04-14 22:00:00+00:00,-76.08191291,-10.61,2006,104,0.9760105506323683,-7.2209787,-48.40553,-7.2348523,-48.39101,-7.236451,-48.280415,-7.2413425,-48.430607,-7.2525973,-48.21065,-7.2348847,-48.07594,-7.2081404,-48.096725,-7.3033824,-48.497887,-7.244391,-48.38325,-7.2411013,-48.161755
47.54260867,7.58371693,316.0,2006-05-14 22:00:00+00:00,-60.27743553,-8.47,2006,134,0.741222010848596,-7.2743783,-48.312782,-7.2345467,-48.385357,-7.248045,-48.256042,-7.2540126,-48.31683,-7.2529016,-48.26519,-7.2548037,-48.228188,-7.2506914,-48.123844,-7.273869,-48.31242,-7.2421536,-48.285313,-7.2502155,-48.2318
47.54260867,7.58371693,316.0,2006-06-14 22:00:00+00:00,-26.00399436,-4.08,2006,165,0.29671281927349075,-7.290741,-47.996445,-7.231936,-48.765675,-7.2332735,-48.61593,-7.257489,-48.290165,-7.254693,-48.248417,-7.307449,-48.200253,-7.2833166,-48.295822,-7.262405,-48.382236,-7.2483053,-48.176994,-7.248448,-48.209923
47.54260867,7.58371693,316.0,2006-07-14 22:00:00+00:00,-26.43863597,-3.64,2006,195,-0.2135209154397959,-7.2722025,-47.475445,-7.206106,-49.356186,-7.212938,-49.08033,-7.262062,-48.25735,-7.2575283,-48.214832,-7.3636227,-48.060375,-7.3342724,-48.320705,-7.2586055,-48.360962,-7.2493,-48.097275,-7.245503,-48.095352
47.54260867,7.58371693,316.0,2006-08-14 22:00:00+00:00,-60.3623681,-8.43,2006,226,-0.680773409477016,-7.256986,-46.963245,-7.183134,-49.83832,-7.1991878,-49.506996,-7.266425,-48.256454,-7.260278,-48.19,-7.4136934,-47.935043,-7.373984,-48.40695,-7.2563224,-48.3585,-7.247208,-48.017036,-7.241952,-47.99365
47.54260867,7.58371693,316.0,2006-09-14 22:00:00+00:00,-53.80678357,-7.78,2006,257,-0.9587178169872964,-7.246889,-46.67944,-7.1719375,-50.09771,-7.1899004,-49.76186,-7.2697663,-48.266586,-7.2619953,-48.17686,-7.4429555,-47.862232,-7.3925524,-48.4792,-7.255456,-48.358692,-7.246905,-47.969944,-7.2383943,-47.936394
47.54260867,7.58371693,316.0,2006-10-14 22:00:00+00:00,-49.6066388,-6.51,2006,287,-0.9741004551724206,-7.2461014,-46.662785,-7.17138,-50.111256,-7.189371,-49.776066,-7.270105,-48.266563,-7.2621136,-48.17593,-7.4444947,-47.858143,-7.3934083,-48.48349,-7.255419,-48.358524,-7.246872,-47.967384,-7.238166,-47.933605
47.54260867,7.58371693,316.0,2006-11-14 23:00:00+00:00,-67.40884533,-9.18,2006,318,-0.7236440382959123,-7.2554617,-46.920208,-7.1812916,-49.88036,-7.1977973,-49.54578,-7.2668552,-48.25758,-7.2605214,-48.187817,-7.418304,-47.923977,-7.3772182,-48.41701,-7.2560277,-48.357845,-7.247067,-48.010326,-7.241469,-47.984592
47.54260867,7.58371693,316.0,2006-12-14 23:00:00+00:00,-83.72738599,-11.11,2006,348,-0.2884824328806098,-7.270084,-47.39023,-7.2021837,-49.43634,-7.2107787,-49.14617,-7.262588,-48.25516,-7.257957,-48.21063,-7.3717546,-48.040287,-7.3414087,-48.331497,-7.258256,-48.360973,-7.248911,-48.084103,-7.2452087,-48.07714
47.54260867,7.58371693,316.0,2007-01-14 23:00:00+00:00,-93.4449454,-12.87,2007,14,0.2386727660059501,-7.284314,-48.009186,-7.2339683,-48.72842,-7.2352214,-48.588715,-7.2560368,-48.285183,-7.2544723,-48.249084,-7.302492,-48.205902,-7.2838416,-48.303276,-7.260807,-48.365467,-7.249008,-48.187687,-7.2489424,-48.212986
47.54260867,7.58371693,316.0,2007-02-14 23:00:00+00:00,-71.36453487,-9.46,2007,45,0.6994583270516471,-7.257197,-48.339863,-7.2381983,-48.358105,-7.245153,-48.271004,-7.250002,-48.34699,-7.252903,-48.25281,-7.249067,-48.19998,-7.2477794,-48.138374,-7.2759256,-48.337288,-7.243877,-48.307148,-7.248728,-48.22115
47.54260867,7.58371693,316.0,2007-03-14 23:00:00+00:00,-89.32212676,-12.11,2007,73,0.9510565162951535,-7.20866,-48.399036,-7.2332096,-48.404816,-7.230675,-48.313557,-7.237608,-48.425,-7.2519374,-48.19612,-7.2328277,-48.01746,-7.190075,-48.115856,-7.313124,-48.562237,-7.245778,-48.422295,-7.237938,-48.146904
47.54260867,7.58371693,316.0,2007-05-14 22:00:00+00:00,-56.86635214,-7.87,2007,134,0.741222010848596,-7.245477,-48.378456,-7.2386765,-48.355015,-7.2440114,-48.270905,-7.2485304,-48.373783,-7.2528996,-48.243988,-7.245085,-48.172523,-7.2406416,-48.14977,-7.2813683,-48.36808,-7.2445245,-48.32122,-7.2468224,-48.20836
47.54260867,7.58371693,316.0,2007-06-14 22:00:00+00:00,-44.71481808,-6.28,2007,165,0.29671281927349075,-7.2881722,-48.06553,-7.235415,-48.65287,-7.2376957,-48.53183,-7.2557616,-48.293068,-7.2541933,-48.253445,-7.2958784,-48.22118,-7.2777925,-48.281345,-7.261318,-48.3682,-7.2482667,-48.19733,-7.2493467,-48.225574
47.54260867,7.58371693,316.0,2007-07-14 22:00:00+00:00,-43.8169477,-6.05,2007,195,-0.2135209154397959,-7.2686014,-47.54319,-7.209753,-49.250023,-7.2175484,-48.998264,-7.260358,-48.257187,-7.256971,-48.219734,-7.351924,-48.080727,-7.3276553,-48.310707,-7.257576,-48.349102,-7.249482,-48.116337,-7.246356,-48.110992
47.54260867,7.58371693,316.0,2007-08-14 22:00:00+00:00,-44.13363048,-6.87,2007,226,-0.680773409477016,-7.2534556,-47.032036,-7.186449,-49.737057,-7.2036834,-49.42887,-7.2650533,-48.254036,-7.2596755,-48.194775,-7.4017916,-47.9551,-7.367519,-48.39505,-7.2553368,-48.347504,-7.2474575,-48.037495,-7.2424645,-48.0091
47.54260867,7.58371693,316.0,2007-09-14 22:00:00+00:00,-44.13363048,-6.87,2007,257,-0.9587178169872964,-7.2432857,-46.748554,-7.175108,-50.001312,-7.194435,-49.684395,-7.2686257,-48.263752,-7.261397,-48.181698,-7.431038,-47.88179,-7.385979,-48.46676,-7.254673,-48.34863,-7.2471805,-47.99065,-7.2388606,-47.95216
47.54260867,7.58371693,316.0,2007-10-14 22:00:00+00:00,-60.35032291,-8.99,2007,287,-0.9741004551724206,-7.242751,-46.733196,-7.174623,-50.014687,-7.1939673,-49.69857,-7.268881,-48.263798,-7.261521,-48.180935,-7.4325466,-47.877888,-7.3867555,-48.471695,-7.254777,-48.34919,-7.2471747,-47.98736,-7.2386193,-47.949226
47.54260867,7.58371693,316.0,2007-11-14 23:00:00+00:00,-79.00926983,-10.78,2007,318,-0.7236440382959123,-7.251907,-46.987732,-7.1845593,-49.779663,-7.202288,-49.46809,-7.2655997,-48.255367,-7.259939,-48.19268,-7.406373,-47.94383,-7.370545,-48.405304,-7.2550945,-48.34682,-7.2473474,-48.03042,-7.2419233,-48.00032
47.54260867,7.58371693,316.0,2007-12-14 23:00:00+00:00,-57.9994607,-8.37,2007,348,-0.2884824328806098,-7.2664595,-47.458157,-7.2056966,-49.330433,-7.215376,-49.0649,-7.2609344,-48.25512,-7.2574067,-48.215473,-7.3600907,-48.06117,-7.334826,-48.321095,-7.257279,-48.349514,-7.2490735,-48.10317,-7.246044,-48.092556
47.54260867,7.58371693,316.0,2008-01-14 23:00:00+00:00,-82.10126519,-10.4,2008,14,0.2386727660059501,-7.281667,-48.079582,-7.237696,-48.614708,-7.239624,-48.50469,-7.254453,-48.287804,-7.253941,-48.254154,-7.290812,-48.225864,-7.277397,-48.28855,-7.2597694,-48.351845,-7.2490287,-48.206688,-7.2497945,-48.228687
47.54260867,7.58371693,316.0,2008-02-14 23:00:00+00:00,-62.00643014,-8.5,2008,45,0.6994583270516471,-7.23273,-48.371506,-7.2395964,-48.336586,-7.2414103,-48.284184,-7.245354,-48.37644,-7.2526364,-48.23118,-7.2411213,-48.131126,-7.226161,-48.16542,-7.2886887,-48.42012,-7.2463202,-48.34635,-7.2450047,-48.19629
47.54260867,7.58371693,316.0,2008-03-14 23:00:00+00:00,-58.24612426,-7.88,2008,74,0.9562348265919056,-7.188675,-48.35212,-7.2298617,-48.44091,-7.2230663,-48.359352,-7.2317896,-48.42179,-7.2509713,-48.174397,-7.2287674,-47.94694,-7.1658316,-48.149395,-7.326435,-48.655033,-7.245709,-48.47931,-7.2338142,-48.1238
47.54260867,7.58371693,316.0,2008-04-14 22:00:00+00:00,-81.57874164,-10.73,2008,105,0.9721181966290613,-7.185765,-48.34925,-7.2292194,-48.44724,-7.221937,-48.364384,-7.231007,-48.425053,-7.2508745,-48.170853,-7.227931,-47.9362,-7.1623974,-48.1486,-7.328683,-48.669853,-7.2454543,-48.48755,-7.2331295,-48.11967
47.54260867,7.58371693,316.0,2008-05-14 22:00:00+00:00,-47.19478668,-6.26,2008,135,0.7295575540864875,-7.2280593,-48.376354,-7.2385216,-48.34882,-7.23917,-48.29109,-7.2439423,-48.383053,-7.252503,-48.224976,-7.239637,-48.10805,-7.217512,-48.162323,-7.293153,-48.44783,-7.2465634,-48.36227,-7.2437797,-48.18828
47.54260867,7.58371693,316.0,2008-06-14 22:00:00+00:00,-47.19496585,-6.51,2008,166,0.2802306751992159,-7.2844114,-48.119797,-7.23845,-48.560165,-7.24135,-48.46177,-7.254237,-48.294025,-7.253804,-48.257755,-7.2861032,-48.23709,-7.273472,-48.272957,-7.2600155,-48.35165,-7.248509,-48.216507,-7.250235,-48.23797
47.54260867,7.58371693,316.0,2008-07-14 22:00:00+00:00,-26.28930766,-4.36,2008,196,-0.23030567023061196,-7.264519,-47.59313,-7.2126675,-49.159885,-7.221545,-48.931606,-7.258919,-48.25637,-7.2565136,-48.22376,-7.3420863,-48.09704,-7.322314,-48.303875,-7.256561,-48.337616,-7.249556,-48.132317,-7.2471423,-48.122177
47.54260867,7.58371693,316.0,2008-08-14 22:00:00+00:00,-29.45637813,-4.6,2008,227,-0.6932812268869771,-7.249543,-47.091064,-7.189418,-49.64731,-7.2077007,-49.362423,-7.26405,-48.25266,-7.259169,-48.199226,-7.3912597,-47.971504,-7.36136,-48.38841,-7.2543573,-48.336407,-7.2477307,-48.0554,-7.242709,-48.022625
47.54260867,7.58371693,316.0,2008-09-14 22:00:00+00:00,-61.24115279,-8.79,2008,258,-0.9634705485641486,-7.2397366,-46.81636,-7.1783266,-49.906555,-7.198917,-49.611675,-7.267738,-48.260605,-7.260864,-48.186535,-7.4195466,-47.900776,-7.379171,-48.457233,-7.254098,-48.33976,-7.2474813,-48.01022,-7.2391934,-47.967342
47.54260867,7.58371693,316.0,2008-10-14 22:00:00+00:00,-91.96888229,-12.8,2008,288,-0.970063921851507,-7.2395287,-46.809128,-7.1782184,-49.91245,-7.1986504,-49.617085,-7.267802,-48.26081,-7.2609076,-48.18619,-7.4201584,-47.8989,-7.379389,-48.45945,-7.254145,-48.340343,-7.2475057,-48.00907,-7.2390795,-47.96603
47.54260867,7.58371693,316.0,2008-11-14 23:00:00+00:00,-89.88374997,-12.09,2008,319,-0.7116566222817751,-7.248853,-47.072006,-7.1885505,-49.665802,-7.207108,-49.379303,-7.2642407,-48.253082,-7.259276,-48.19834,-7.3932257,-47.96635,-7.362578,-48.39245,-7.254248,-48.33616,-7.2477093,-48.05247,-7.24252,-48.018707
47.54260867,7.58371693,316.0,2008-12-14 23:00:00+00:00,-134.4502205,-17.57,2008,349,-0.27195815753410524,-7.263424,-47.545883,-7.210419,-49.20509,-7.2203507,-48.96987,-7.2592573,-48.25509,-7.256761,-48.221462,-7.3466,-48.08596,-7.326283,-48.30946,-7.2563753,-48.33762,-7.249388,-48.12515,-7.2469997,-48.112045
47.54260867,7.58371693,316.0,2009-01-14 23:00:00+00:00,-78.8,-10.26,2009,14,0.2386727660059501,-7.2790585,-48.151432,-7.2412224,-48.49819,-7.243906,-48.417763,-7.2530904,-48.29123,-7.253515,-48.260113,-7.279088,-48.246002,-7.271103,-48.270977,-7.258642,-48.335693,-7.249039,-48.228825,-7.250888,-48.244602
47.54260867,7.58371693,316.0,2009-02-14 23:00:00+00:00,-99.3,-13.21,2009,45,0.6994583270516471,-7.2151494,-48.348423,-7.237032,-48.37452,-7.234196,-48.320072,-7.2399926,-48.372818,-7.2518415,-48.211212,-7.2375937,-48.057995,-7.201038,-48.19375,-7.301384,-48.507774,-7.247693,-48.40013,-7.240833,-48.17382
47.54260867,7.58371693,316.0,2009-03-14 23:00:00+00:00,-84.9,-11.63,2009,73,0.9510565162951535,-7.169992,-48.300514,-7.224919,-48.46986,-7.2166114,-48.402554,-7.2270436,-48.42966,-7.250218,-48.156776,-7.225037,-47.87749,-7.149867,-48.172203,-7.3374395,-48.742405,-7.244184,-48.53021,-7.229998,-48.106743
47.54260867,7.58371693,316.0,2009-04-14 22:00:00+00:00,-47.0,-6.23,2009,104,0.9760105506323683,-7.1655784,-48.299866,-7.223815,-48.47962,-7.2149196,-48.41121,-7.225773,-48.435917,-7.250057,-48.151474,-7.2237663,-47.859505,-7.145237,-48.167835,-7.3411775,-48.765213,-7.243698,-48.543392,-7.228904,-48.10038
47.54260867,7.58371693,316.0,2009-05-14 22:00:00+00:00,-27.1,-4.26,2009,134,0.741222010848596,-7.2076855,-48.338936,-7.235008,-48.39101,-7.2312403,-48.333378,-7.2376647,-48.380875,-7.2515306,-48.20187,-7.2355127,-48.02926,-7.1918044,-48.192448,-7.3075337,-48.546078,-7.2474084,-48.422024,-7.239085,-48.16221
47.54260867,7.58371693,316.0,2009-06-14 22:00:00+00:00,-44.9,-5.9,2009,165,0.29671281927349075,-7.282395,-48.204536,-7.241077,-48.424118,-7.2468266,-48.353848,-7.2525735,-48.298126,-7.2536116,-48.266495,-7.273327,-48.260616,-7.26276,-48.266094,-7.2593703,-48.332535,-7.248769,-48.247105,-7.2526984,-48.254543
47.54260867,7.58371693,316.0,2009-07-14 22:00:00+00:00,-25.9,-4.42,2009,195,-0.2135209154397959,-7.261512,-47.682762,-7.2177663,-49.03168,-7.226465,-48.835606,-7.2575173,-48.256588,-7.2558913,-48.229927,-7.328586,-48.121677,-7.3132544,-48.294453,-7.2556715,-48.32563,-7.249921,-48.153725,-7.248063,-48.141922
47.54260867,7.58371693,316.0,2009-08-14 22:00:00+00:00,-44.1,-6.51,2009,226,-0.680773409477016,-7.246393,-47.17639,-7.1937704,-49.53058,-7.2126546,-49.27245,-7.2629294,-48.250477,-7.2585244,-48.204956,-7.378007,-47.994358,-7.352993,-48.376606,-7.2537837,-48.32673,-7.248142,-48.077366,-7.243248,-48.041626
47.54260867,7.58371693,316.0,2009-09-14 22:00:00+00:00,-34.6,-5.48,2009,257,-0.9587178169872964,-7.2365575,-46.895027,-7.182305,-49.80076,-7.2036366,-49.52842,-7.267011,-48.25785,-7.2603006,-48.19172,-7.406967,-47.921284,-7.371263,-48.446507,-7.2535563,-48.330566,-7.247834,-48.032307,-7.2395597,-47.98484
47.54260867,7.58371693,316.0,2009-10-14 22:00:00+00:00,-55.9,-7.89,2009,287,-0.9741004551724206,-7.235942,-46.877792,-7.181652,-49.814686,-7.2031174,-49.542717,-7.2672114,-48.258385,-7.2604084,-48.19097,-7.4085307,-47.91739,-7.3722696,-48.45141,-7.2536063,-48.331223,-7.2477818,-48.02952,-7.2393327,-47.98168
47.54260867,7.58371693,316.0,2009-11-14 23:00:00+00:00,-102.4,-13.82,2009,318,-0.7236440382959123,-7.244927,-47.132477,-7.191845,-49.574226,-7.211264,-49.31162,-7.2634873,-48.250816,-7.258779,-48.202957,-7.38258,-47.982952,-7.3560324,-48.38652,-7.2537084,-48.327072,-7.248069,-48.070312,-7.242716,-48.032475
47.54260867,7.58371693,316.0,2009-12-14 23:00:00+00:00,-90.3,-12.32,2009,348,-0.2884824328806098,-7.259436,-47.598137,-7.213569,-49.114708,-7.224368,-48.905937,-7.2582397,-48.254093,-7.256317,-48.225643,-7.336672,-48.10099,-7.3203807,-48.30412,-7.255373,-48.32603,-7.249562,-48.14132,-7.247627,-48.12525
47.54260867,7.58371693,316.0,2010-01-14 23:00:00+00:00,-117.4,-15.69,2010,14,0.2386727660059501,-7.2759647,-48.22128,-7.243838,-48.38009,-7.2483053,-48.329903,-7.2519712,-48.292286,-7.2533965,-48.267414,-7.268148,-48.26382,-7.261438,-48.269936,-7.257811,-48.316383,-7.2494736,-48.25463,-7.2529287,-48.25897
47.54260867,7.58371693,316.0,2010-02-14 23:00:00+00:00,-99.3,-12.81,2010,45,0.6994583270516471,-7.1957455,-48.290554,-7.2314863,-48.40645,-7.2276125,-48.360626,-7.234705,-48.381504,-7.251019,-48.192097,-7.233371,-47.987923,-7.1840696,-48.204758,-7.3129663,-48.598682,-7.246603,-48.45292,-7.236854,-48.153965
47.54260867,7.58371693,316.0,2010-03-14 23:00:00+00:00,-93.0,-12.5,2010,73,0.9510565162951535,-7.150619,-48.2755,-7.2195024,-48.500153,-7.211289,-48.44905,-7.221726,-48.446404,-7.2494373,-48.138985,-7.2204795,-47.805122,-7.138298,-48.163475,-7.3500676,-48.82553,-7.241535,-48.584244,-7.2257814,-48.088497
47.54260867,7.58371693,316.0,2010-04-14 22:00:00+00:00,-58.8,-8.52,2010,104,0.9760105506323683,-7.146099,-48.275864,-7.2183824,-48.509907,-7.2097154,-48.45787,-7.220434,-48.452953,-7.249289,-48.133717,-7.219227,-47.78723,-7.133782,-48.158955,-7.3539886,-48.846184,-7.240979,-48.597378,-7.224657,-48.081753
47.54260867,7.58371693,316.0,2010-05-14 22:00:00+00:00,-58.2,-8.21,2010,134,0.741222010848596,-7.1882386,-48.28185,-7.229378,-48.421314,-7.224737,-48.374065,-7.2325244,-48.39231,-7.25077,-48.183353,-7.231225,-47.95711,-7.176534,-48.197304,-7.3189178,-48.637276,-7.245918,-48.47449,-7.2350473,-48.14358
47.54260867,7.58371693,316.0,2010-06-14 22:00:00+00:00,-61.9,-8.71,2010,165,0.29671281927349075,-7.271281,-48.23652,-7.243177,-48.304443,-7.2500167,-48.2883,-7.251092,-48.289043,-7.2533984,-48.27681,-7.2593246,-48.26833,-7.258623,-48.24609,-7.258166,-48.29887,-7.2488995,-48.269657,-7.2524214,-48.270405
47.54260867,7.58371693,316.0,2010-07-14 22:00:00+00:00,-40.2,-5.8,2010,195,-0.2135209154397959,-7.2580376,-47.755394,-7.2221365,-48.920918,-7.2309494,-48.755573,-7.2564626,-48.256313,-7.2553625,-48.235237,-7.3168306,-48.141243,-7.3052254,-48.290947,-7.254798,-48.313927,-7.250188,-48.172203,-7.248838,-48.158493
47.54260867,7.58371693,316.0,2010-08-14 22:00:00+00:00,-60.2,-8.4,2010,226,-0.680773409477016,-7.2427745,-47.251034,-7.1978316,-49.42473,-7.2171803,-49.193233,-7.262092,-48.249763,-7.257984,-48.210308,-7.366116,-48.012768,-7.3448825,-48.371464,-7.253228,-48.31699,-7.248576,-48.097633,-7.243518,-48.058422
47.54260867,7.58371693,316.0,2010-09-14 22:00:00+00:00,-48.8,-7.12,2010,257,-0.9587178169872964,-7.233713,-46.96355,-7.186267,-49.698177,-7.208235,-49.44977,-7.266409,-48.25598,-7.2597947,-48.19684,-7.3947744,-47.940556,-7.3633685,-48.43846,-7.253069,-48.321804,-7.248239,-48.052795,-7.2397118,-48.00152
47.54260867,7.58371693,316.0,2010-10-14 22:00:00+00:00,-72.0,-10.1,2010,287,-0.9741004551724206,-7.2332892,-46.947628,-7.185662,-49.71224,-7.2077193,-49.46367,-7.2667108,-48.257175,-7.2599087,-48.196163,-7.3963513,-47.937008,-7.364362,-48.442413,-7.2530727,-48.322197,-7.248292,-48.049793,-7.2395287,-47.99823
47.54260867,7.58371693,316.0,2010-11-14 23:00:00+00:00,-112.6,-15.21,2010,318,-0.7236440382959123,-7.2412677,-47.207047,-7.1959143,-49.46827,-7.2157564,-49.233208,-7.262711,-48.250202,-7.25825,-48.208237,-7.3705225,-48.002167,-7.3480573,-48.38043,-7.253196,-48.317722,-7.24852,-48.090775,-7.242967,-48.049534
47.54260867,7.58371693,316.0,2010-12-14 23:00:00+00:00,-105.9,-14.44,2010,348,-0.2884824328806098,-7.2559676,-47.67091,-7.2178736,-49.005344,-7.2289023,-48.82587,-7.2572484,-48.25373,-7.255773,-48.23089,-7.324774,-48.120167,-7.3121877,-48.3022,-7.254478,-48.3143,-7.249809,-48.159363,-7.248303,-48.142494
47.54260867,7.58371693,316.0,2011-01-14 23:00:00+00:00,-76.7,-10.25,2011,14,0.2386727660059501,-7.2597365,-48.2538,-7.246011,-48.279476,-7.250796,-48.27484,-7.25105,-48.284737,-7.252754,-48.268116,-7.254354,-48.255398,-7.2629004,-48.246998,-7.2589245,-48.277588,-7.249209,-48.27225,-7.2518682,-48.261776
47.54260867,7.58371693,316.0,2011-02-14 23:00:00+00:00,-92.0,-12.45,2011,45,0.6994583270516471,-7.176452,-48.259518,-7.2259555,-48.43776,-7.222476,-48.406937,-7.2295423,-48.39973,-7.250231,-48.173706,-7.228781,-47.915173,-7.171706,-48.19384,-7.325279,-48.683907,-7.244268,-48.50509,-7.23264,-48.135956
47.54260867,7.58371693,316.0,2011-03-14 23:00:00+00:00,-69.4,-9.17,2011,73,0.9510565162951535,-7.1314034,-48.255203,-7.213867,-48.53673,-7.2065516,-48.495705,-7.216384,-48.46555,-7.2487454,-48.12064,-7.2160025,-47.733997,-7.126123,-48.153385,-7.365209,-48.89161,-7.238669,-48.637077,-7.2214403,-48.06793
47.54260867,7.58371693,316.0,2011-04-14 22:00:00+00:00,-37.3,-5.43,2011,104,0.9760105506323683,-7.126735,-48.25587,-7.212756,-48.54643,-7.204926,-48.504143,-7.215088,-48.471962,-7.2485933,-48.115295,-7.214711,-47.71637,-7.1215906,-48.14929,-7.36911,-48.911728,-7.2380905,-48.65014,-7.220312,-48.06104
47.54260867,7.58371693,316.0,2011-05-14 22:00:00+00:00,-36.5,-5.61,2011,134,0.741222010848596,-7.168968,-48.258087,-7.223846,-48.45383,-7.2198024,-48.421513,-7.2273507,-48.410496,-7.249994,-48.164906,-7.226657,-47.884872,-7.164129,-48.186775,-7.331906,-48.718414,-7.2433534,-48.527214,-7.2307873,-48.124836
47.54260867,7.58371693,316.0,2011-06-14 22:00:00+00:00,-38.2,-5.81,2011,165,0.29671281927349075,-7.246755,-48.29313,-7.247068,-48.287304,-7.248519,-48.27632,-7.249874,-48.309937,-7.2525954,-48.257,-7.2493334,-48.217083,-7.2488203,-48.250538,-7.265889,-48.313847,-7.2491655,-48.295124,-7.24997,-48.243267
47.54260867,7.58371693,316.0,2011-07-14 22:00:00+00:00,-42.1,-6.6,2011,195,-0.2135209154397959,-7.25468,-47.829113,-7.226688,-48.80939,-7.235484,-48.67518,-7.25565,-48.25616,-7.254849,-48.240707,-7.304998,-48.160103,-7.2966967,-48.28991,-7.253872,-48.301723,-7.2504897,-48.190044,-7.249468,-48.17576
47.54260867,7.58371693,316.0,2011-08-14 22:00:00+00:00,-39.6,-5.64,2011,226,-0.680773409477016,-7.2391977,-47.327885,-7.2022023,-49.317917,-7.2216973,-49.114307,-7.2616296,-48.24864,-7.2575,-48.215885,-7.3543544,-48.0348,-7.3362246,-48.370213,-7.25274,-48.307827,-7.2490077,-48.117775,-7.243714,-48.075443
47.54260867,7.58371693,316.0,2011-09-14 22:00:00+00:00,-34.7,-5.39,2011,257,-0.9587178169872964,-7.230885,-47.032402,-7.1903586,-49.59378,-7.2126307,-49.369812,-7.26614,-48.254597,-7.259344,-48.202026,-7.383105,-47.962685,-7.3548026,-48.430843,-7.2525673,-48.31268,-7.248802,-48.07204,-7.2398424,-48.017982
47.54260867,7.58371693,316.0,2011-10-14 22:00:00+00:00,-69.2,-9.76,2011,287,-0.9741004551724206,-7.230517,-47.016243,-7.1896777,-49.607708,-7.2121773,-49.38373,-7.2663817,-48.254974,-7.2594504,-48.201374,-7.3846793,-47.95909,-7.3556204,-48.435085,-7.252539,-48.31296,-7.2488213,-48.069702,-7.2396765,-48.014862
47.54260867,7.58371693,316.0,2011-12-14 23:00:00+00:00,-65.6,-9.34,2011,348,-0.2884824328806098,-7.252274,-47.745834,-7.222397,-48.89438,-7.233448,-48.745605,-7.2564855,-48.253292,-7.2552276,-48.236446,-7.3129153,-48.139004,-7.30366,-48.30081,-7.2535877,-48.302353,-7.2501535,-48.17839,-7.2486267,-48.15923
47.54260867,7.58371693,316.0,2012-01-14 23:00:00+00:00,-70.4,-10.04,2012,14,0.2386727660059501,-7.2392974,-48.28314,-7.246035,-48.3025,-7.2462764,-48.290123,-7.2481136,-48.301125,-7.25223,-48.24971,-7.247587,-48.191517,-7.2379217,-48.26061,-7.269388,-48.351116,-7.250747,-48.31588,-7.2485366,-48.236755
47.54260867,7.58371693,316.0,2012-02-14 23:00:00+00:00,-117.5,-15.68,2012,45,0.6994583270516471,-7.1588874,-48.266365,-7.2205396,-48.475323,-7.217606,-48.452435,-7.2245417,-48.420338,-7.249543,-48.155148,-7.2244315,-47.847847,-7.158797,-48.182713,-7.340278,-48.750187,-7.2414703,-48.557076,-7.228318,-48.113388
47.54260867,7.58371693,316.0,2012-03-14 23:00:00+00:00,-68.4,-9.38,2012,74,0.9562348265919056,-7.1109247,-48.26489,-7.208135,-48.57806,-7.2013836,-48.543423,-7.210929,-48.487183,-7.2479415,-48.101147,-7.2115183,-47.663616,-7.113115,-48.143562,-7.3811088,-48.961067,-7.2356954,-48.68893,-7.2169023,-48.042503
47.54260867,7.58371693,316.0,2012-04-14 22:00:00+00:00,-56.7,-8.08,2012,105,0.9721181966290613,-7.1078134,-48.263977,-7.2074566,-48.584282,-7.20036,-48.549316,-7.2100663,-48.49121,-7.2478375,-48.097782,-7.210736,-47.652298,-7.110342,-48.142166,-7.3836308,-48.97415,-7.2353463,-48.69697,-7.2161865,-48.03804
47.54260867,7.58371693,316.0,2012-05-14 22:00:00+00:00,-44.0,-6.23,2012,135,0.7295575540864875,-7.1533313,-48.266502,-7.2189994,-48.48746,-7.2157006,-48.462532,-7.222932,-48.428566,-7.2493663,-48.148823,-7.2229238,-47.826008,-7.153522,-48.178497,-7.3450484,-48.775085,-7.240822,-48.57243,-7.226992,-48.10513
47.54260867,7.58371693,316.0,2012-06-14 22:00:00+00:00,-46.2,-6.6,2012,166,0.2802306751992159,-7.232047,-48.274094,-7.243667,-48.317318,-7.2435083,-48.302956,-7.246072,-48.310726,-7.2519646,-48.241276,-7.245489,-48.159737,-7.2310677,-48.253094,-7.2754703,-48.389675,-7.250154,-48.337566,-7.246741,-48.22531
47.54260867,7.58371693,316.0,2012-07-14 22:00:00+00:00,-32.6,-5.32,2012,196,-0.23030567023061196,-7.250534,-47.88724,-7.230455,-48.715908,-7.2395387,-48.61074,-7.255286,-48.255463,-7.254388,-48.245464,-7.294976,-48.17442,-7.2894034,-48.292603,-7.2529407,-48.289894,-7.250801,-48.205894,-7.2495623,-48.189137
47.54260867,7.58371693,316.0,2012-08-14 22:00:00+00:00,-37.5,-5.84,2012,227,-0.6932812268869771,-7.2356877,-47.387955,-7.20609,-49.222813,-7.22575,-49.04571,-7.2615657,-48.248085,-7.2571564,-48.220585,-7.3441224,-48.05318,-7.327963,-48.370773,-7.2522583,-48.298717,-7.2495246,-48.135002,-7.2436376,-48.089554
47.54260867,7.58371693,316.0,2012-09-14 22:00:00+00:00,-37.2,-5.62,2012,258,-0.9634705485641486,-7.228103,-47.097984,-7.194437,-49.492725,-7.2169476,-49.294014,-7.2661734,-48.25319,-7.2589417,-48.20733,-7.371919,-47.98415,-7.346479,-48.427006,-7.251964,-48.302994,-7.2493944,-48.090443,-7.239879,-48.033466
47.54260867,7.58371693,316.0,2012-10-14 22:00:00+00:00,-77.4,-10.79,2012,288,-0.970063921851507,-7.227811,-47.09172,-7.194133,-49.499527,-7.2167363,-49.29967,-7.2662797,-48.25343,-7.2589765,-48.206882,-7.372573,-47.98259,-7.3469644,-48.42819,-7.2519774,-48.303288,-7.2494454,-48.089478,-7.239771,-48.0321
47.54260867,7.58371693,316.0,2012-11-14 23:00:00+00:00,-96.4,-12.91,2012,319,-0.7116566222817751,-7.235113,-47.36763,-7.2051916,-49.241795,-7.2251563,-49.0628,-7.2618747,-48.247986,-7.257281,-48.21955,-7.346015,-48.048214,-7.329313,-48.37465,-7.252171,-48.298664,-7.2494974,-48.13224,-7.2433753,-48.085728
47.54260867,7.58371693,316.0,2013-01-14 23:00:00+00:00,-99.0,-13.28,2013,14,0.2386727660059501,-7.221606,-48.265182,-7.2409887,-48.33748,-7.2410245,-48.332607,-7.243222,-48.318874,-7.2514853,-48.23085,-7.243032,-48.12245,-7.2232494,-48.24079,-7.2821245,-48.432735,-7.2488184,-48.366356,-7.244339,-48.215935
47.54260867,7.58371693,316.0,2013-02-14 23:00:00+00:00,-101.5,-13.94,2013,45,0.6994583270516471,-7.139574,-48.275894,-7.2157364,-48.515846,-7.2132225,-48.499966,-7.2194767,-48.441723,-7.24875,-48.136734,-7.220037,-47.782692,-7.143845,-48.17599,-7.355383,-48.817837,-7.239156,-48.60318,-7.224009,-48.088623
47.54260867,7.58371693,316.0,2013-03-14 23:00:00+00:00,-97.4,-13.26,2013,73,0.9510565162951535,-7.0922,-48.273624,-7.2035084,-48.617413,-7.197364,-48.590675,-7.206309,-48.506653,-7.247163,-48.084194,-7.207409,-47.6021,-7.099638,-48.142548,-7.3954988,-49.026592,-7.233626,-48.73229,-7.21286,-48.01977
47.54260867,7.58371693,316.0,2013-04-14 22:00:00+00:00,-64.1,-8.88,2013,104,0.9760105506323683,-7.0875044,-48.273544,-7.2023306,-48.627655,-7.1957593,-48.598938,-7.205012,-48.512768,-7.2470055,-48.078922,-7.20617,-47.584106,-7.0952497,-48.13777,-7.3994703,-49.047455,-7.2330375,-48.745052,-7.2117515,-48.01296
47.54260867,7.58371693,316.0,2013-05-14 22:00:00+00:00,-67.8,-9.26,2013,134,0.741222010848596,-7.131755,-48.27568,-7.2136207,-48.532738,-7.2106752,-48.515568,-7.2172875,-48.45256,-7.248487,-48.12805,-7.2179546,-47.752262,-7.136465,-48.170624,-7.3620744,-48.85281,-7.238244,-48.6247,-7.2221804,-48.07736
47.54260867,7.58371693,316.0,2013-06-14 22:00:00+00:00,-50.8,-7.45,2013,165,0.29671281927349075,-7.211861,-48.268154,-7.2376304,-48.359657,-7.23759,-48.353943,-7.2402916,-48.334164,-7.251163,-48.21924,-7.240161,-48.079033,-7.2136025,-48.232483,-7.291329,-48.48155,-7.247635,-48.396305,-7.241784,-48.199867
47.54260867,7.58371693,316.0,2013-07-14 22:00:00+00:00,-49.4,-6.98,2013,195,-0.2135209154397959,-7.2473755,-47.98418,-7.236452,-48.582623,-7.244454,-48.514793,-7.2547317,-48.256886,-7.2538304,-48.252235,-7.2816434,-48.19989,-7.2785974,-48.291615,-7.2523465,-48.27866,-7.251272,-48.227127,-7.2498693,-48.21037
47.54260867,7.58371693,316.0,2013-08-14 22:00:00+00:00,-34.8,-5.54,2013,226,-0.680773409477016,-7.2332735,-47.471947,-7.2112436,-49.100735,-7.230534,-48.95331,-7.261414,-48.246765,-7.256652,-48.226685,-7.3311944,-48.07868,-7.3179884,-48.367443,-7.251663,-48.28797,-7.25024,-48.154976,-7.243874,-48.10873
47.54260867,7.58371693,316.0,2013-09-14 22:00:00+00:00,-43.0,-6.81,2013,257,-0.9587178169872964,-7.225557,-47.176197,-7.198868,-49.383816,-7.2215343,-49.208767,-7.2665057,-48.251595,-7.258473,-48.21295,-7.3598146,-48.00739,-7.337111,-48.425194,-7.251334,-48.29265,-7.2501273,-48.110157,-7.2400165,-48.05105
47.54260867,7.58371693,316.0,2013-10-14 22:00:00+00:00,-59.0,-8.19,2013,287,-0.9741004551724206,-7.2250824,-47.159473,-7.1982512,-49.39895,-7.2210817,-49.22344,-7.266787,-48.252033,-7.2585764,-48.212105,-7.3613615,-48.00338,-7.338075,-48.428387,-7.2512875,-48.292637,-7.2500963,-48.107376,-7.2397857,-48.048107
47.54260867,7.58371693,316.0,2013-11-14 23:00:00+00:00,-96.3,-13.15,2013,318,-0.7236440382959123,-7.23214,-47.42622,-7.2092237,-49.145313,-7.2291765,-48.99322,-7.262164,-48.2469,-7.256918,-48.22451,-7.3356633,-48.06768,-7.321117,-48.375965,-7.251584,-48.288746,-7.2502003,-48.147907,-7.2432756,-48.099792
47.54260867,7.58371693,316.0,2013-12-14 23:00:00+00:00,-137.7,-17.77,2013,348,-0.2884824328806098,-7.2449594,-47.90154,-7.2321005,-48.66922,-7.2423334,-48.585857,-7.255641,-48.254173,-7.254265,-48.247955,-7.289674,-48.180157,-7.285491,-48.301872,-7.252264,-48.28052,-7.2510266,-48.215885,-7.2489505,-48.193676
47.54260867,7.58371693,316.0,2014-01-14 23:00:00+00:00,-85.7,-11.27,2014,14,0.2386727660059501,-7.203637,-48.27979,-7.236006,-48.38047,-7.2366652,-48.380066,-7.238432,-48.340847,-7.2507143,-48.21265,-7.2383866,-48.06076,-7.2052493,-48.236233,-7.2972226,-48.50013,-7.2469907,-48.410694,-7.2400765,-48.190907
47.54260867,7.58371693,316.0,2014-02-14 23:00:00+00:00,-82.7,-11.26,2014,45,0.6994583270516471,-7.120282,-48.284195,-7.2109966,-48.557747,-7.208679,-48.54768,-7.2146626,-48.462154,-7.24793,-48.118896,-7.215534,-47.719948,-7.1264815,-48.17632,-7.370698,-48.887356,-7.2372637,-48.6481,-7.2198067,-48.064247
47.54260867,7.58371693,316.0,2014-03-14 23:00:00+00:00,-71.0,-9.36,2014,73,0.9510565162951535,-7.0726843,-48.283077,-7.198798,-48.658672,-7.1930223,-48.63883,-7.2015224,-48.52641,-7.246369,-48.06624,-7.203008,-47.538677,-7.082453,-48.144928,-7.410782,-49.096268,-7.231552,-48.77714,-7.2086315,-47.99513
47.54260867,7.58371693,316.0,2014-04-14 22:00:00+00:00,-65.1,-8.42,2014,104,0.9760105506323683,-7.067831,-48.282757,-7.1976423,-48.668655,-7.1914525,-48.647972,-7.200203,-48.532635,-7.2461963,-48.06095,-7.201758,-47.520794,-7.07797,-48.141853,-7.4147425,-49.116974,-7.230983,-48.790257,-7.2075,-47.988487
47.54260867,7.58371693,316.0,2014-05-14 22:00:00+00:00,-49.1,-7.08,2014,134,0.741222010848596,-7.112521,-48.28489,-7.208899,-48.5738,-7.2061067,-48.563095,-7.212501,-48.473064,-7.247663,-48.110153,-7.2134356,-47.689457,-7.1191134,-48.17149,-7.377341,-48.922268,-7.2363133,-48.669502,-7.2179537,-48.052765
47.54260867,7.58371693,316.0,2014-06-14 22:00:00+00:00,-24.7,-4.38,2014,165,0.29671281927349075,-7.193374,-48.279873,-7.232676,-48.40277,-7.233222,-48.401077,-7.2355037,-48.356213,-7.2503705,-48.201096,-7.2355094,-48.017136,-7.1955037,-48.227245,-7.3064523,-48.54914,-7.2458177,-48.44052,-7.237535,-48.1749
47.54260867,7.58371693,316.0,2014-07-14 22:00:00+00:00,-50.2,-7.23,2014,195,-0.2135209154397959,-7.2444124,-48.05828,-7.2415814,-48.467697,-7.2486424,-48.433826,-7.2548676,-48.256985,-7.2534027,-48.258167,-7.2698674,-48.22295,-7.269839,-48.287838,-7.251917,-48.268677,-7.251917,-48.24475,-7.2500477,-48.228558
47.54260867,7.58371693,316.0,2014-08-14 22:00:00+00:00,-37.1,-5.16,2014,226,-0.680773409477016,-7.2307343,-47.545593,-7.216035,-48.99044,-7.234958,-48.872864,-7.261914,-48.24588,-7.2561965,-48.232273,-7.319467,-48.1009,-7.3091035,-48.364693,-7.251099,-48.277645,-7.2509584,-48.17309,-7.244023,-48.1264
47.54260867,7.58371693,316.0,2014-09-14 22:00:00+00:00,-51.5,-7.54,2014,257,-0.9587178169872964,-7.2229104,-47.249466,-7.203154,-49.277435,-7.226088,-49.12885,-7.2671204,-48.24884,-7.257981,-48.218327,-7.34808,-48.028957,-7.3277354,-48.425766,-7.2507,-48.2822,-7.250857,-48.12785,-7.2401595,-48.068756
47.54260867,7.58371693,316.0,2014-10-14 22:00:00+00:00,-39.7,-6.14,2014,287,-0.9741004551724206,-7.222552,-47.234028,-7.202455,-49.292755,-7.225597,-49.14262,-7.2674103,-48.249226,-7.258087,-48.21751,-7.3496165,-48.024868,-7.3286347,-48.429203,-7.250619,-48.28208,-7.250854,-48.125404,-7.239913,-48.06551
47.54260867,7.58371693,316.0,2014-11-14 23:00:00+00:00,-143.9,-18.94,2014,318,-0.7236440382959123,-7.2295156,-47.499935,-7.2139087,-49.035965,-7.233642,-48.912567,-7.262664,-48.245792,-7.256463,-48.23011,-7.323949,-48.08974,-7.312211,-48.37337,-7.251021,-48.27828,-7.250896,-48.16646,-7.2434525,-48.117332
47.54260867,7.58371693,316.0,2014-12-14 23:00:00+00:00,-92.6,-12.78,2014,348,-0.2884824328806098,-7.242201,-47.973557,-7.237172,-48.555267,-7.246579,-48.504986,-7.255838,-48.25363,-7.253833,-48.25381,-7.277941,-48.20326,-7.276846,-48.297462,-7.2517867,-48.270332,-7.2517047,-48.23345,-7.249133,-48.21163
47.54260867,7.58371693,316.0,2015-01-14 23:00:00+00:00,-103.8,-13.96,2015,14,0.2386727660059501,-7.185809,-48.301296,-7.2310767,-48.42361,-7.2323275,-48.429375,-7.233591,-48.3627,-7.249922,-48.19475,-7.2335887,-48.002804,-7.18696,-48.23412,-7.3124447,-48.568314,-7.245509,-48.455673,-7.2358284,-48.166626
47.54260867,7.58371693,316.0,2015-02-14 23:00:00+00:00,-92.5,-12.02,2015,45,0.6994583270516471,-7.1012945,-48.298626,-7.20626,-48.60093,-7.2042108,-48.596245,-7.2099113,-48.483273,-7.247143,-48.10117,-7.2108684,-47.65913,-7.1085906,-48.173695,-7.385973,-48.956223,-7.2354374,-48.691864,-7.2155933,-48.040157
47.54260867,7.58371693,316.0,2015-03-14 23:00:00+00:00,-68.0,-8.85,2015,73,0.9510565162951535,-7.052971,-48.292324,-7.194136,-48.69928,-7.188448,-48.687473,-7.196757,-48.546066,-7.2455525,-48.04829,-7.1984577,-47.477036,-7.064796,-48.14539,-7.4260845,-49.165783,-7.2297263,-48.820824,-7.2042837,-47.972282
47.54260867,7.58371693,316.0,2015-04-14 22:00:00+00:00,-75.1,-10.12,2015,104,0.9760105506323683,-7.0481586,-48.29173,-7.192925,-48.70914,-7.1868396,-48.69602,-7.1954417,-48.552147,-7.2453933,-48.043083,-7.1972275,-47.459328,-7.060552,-48.141884,-7.43004,-49.186443,-7.2290883,-48.83406,-7.203156,-47.9654
47.54260867,7.58371693,316.0,2015-05-14 22:00:00+00:00,-72.3,-9.68,2015,134,0.741222010848596,-7.093244,-48.29749,-7.2042084,-48.616993,-7.2016363,-48.61162,-7.207692,-48.493526,-7.246883,-48.092445,-7.208825,-47.62842,-7.1011333,-48.170406,-7.3925633,-48.990917,-7.234509,-48.713562,-7.2137384,-48.028843
47.54260867,7.58371693,316.0,2015-06-14 22:00:00+00:00,-44.3,-6.6,2015,165,0.29671281927349075,-7.175463,-48.302094,-7.227778,-48.4459,-7.228874,-48.450653,-7.2306623,-48.378223,-7.249586,-48.18317,-7.2307096,-47.95907,-7.17733,-48.226162,-7.321686,-48.617374,-7.2442517,-48.484844,-7.2333107,-48.150517
47.54260867,7.58371693,316.0,2015-07-14 22:00:00+00:00,-26.4,-3.4,2015,195,-0.2135209154397959,-7.247506,-48.165535,-7.2461066,-48.34584,-7.252224,-48.349014,-7.2554817,-48.259098,-7.2528024,-48.264435,-7.257682,-48.248615,-7.2590723,-48.284527,-7.25201,-48.26016,-7.2527614,-48.258198,-7.250184,-48.24947
47.54260867,7.58371693,316.0,2015-08-14 22:00:00+00:00,-30.0,-4.55,2015,226,-0.680773409477016,-7.2282863,-47.619858,-7.2205896,-48.87956,-7.239402,-48.792343,-7.262926,-48.24284,-7.2557106,-48.238396,-7.3074336,-48.12304,-7.3002195,-48.36119,-7.2506003,-48.267586,-7.251638,-48.191357,-7.2442207,-48.14617
47.54260867,7.58371693,316.0,2015-09-14 22:00:00+00:00,-62.9,-8.48,2015,257,-0.9587178169872964,-7.2206225,-47.328903,-7.207441,-49.169514,-7.2306595,-49.048626,-7.268271,-48.24536,-7.2574887,-48.2239,-7.336215,-48.049644,-7.31877,-48.422276,-7.250105,-48.27204,-7.251573,-48.146477,-7.2402706,-48.08777
47.54260867,7.58371693,316.0,2015-10-14 22:00:00+00:00,-79.1,-10.96,2015,287,-0.9741004551724206,-7.2201505,-47.31244,-7.2067337,-49.184917,-7.2301626,-49.062202,-7.268525,-48.245903,-7.2575912,-48.223255,-7.3377194,-48.045677,-7.319716,-48.426373,-7.250145,-48.272846,-7.2516475,-48.143883,-7.2400455,-48.084484
47.54260867,7.58371693,316.0,2015-11-14 23:00:00+00:00,-93.4,-12.41,2015,318,-0.7236440382959123,-7.227126,-47.574497,-7.2184935,-48.925354,-7.2380877,-48.832016,-7.2637024,-48.24216,-7.255978,-48.23608,-7.3119264,-48.111588,-7.303292,-48.369804,-7.2505183,-48.268322,-7.2515936,-48.184566,-7.243629,-48.13697
47.54260867,7.58371693,316.0,2015-12-14 23:00:00+00:00,-53.2,-7.68,2015,348,-0.2884824328806098,-7.2411594,-48.05955,-7.2419295,-48.435265,-7.250526,-48.42004,-7.2565975,-48.254757,-7.253291,-48.26023,-7.2654796,-48.228424,-7.2671437,-48.291603,-7.251575,-48.260986,-7.252421,-48.248287,-7.249317,-48.232594
47.54260867,7.58371693,316.0,2016-01-14 23:00:00+00:00,-105.2,-14.0,2016,14,0.2386727660059501,-7.1678243,-48.31865,-7.226142,-48.46658,-7.2281184,-48.476665,-7.2287087,-48.38514,-7.2491236,-48.176624,-7.228791,-47.94509,-7.1681952,-48.230034,-7.3274693,-48.6365,-7.244077,-48.50172,-7.2314324,-48.143116
47.54260867,7.58371693,316.0,2016-02-14 23:00:00+00:00,-87.3,-11.95,2016,45,0.6994583270516471,-7.0828495,-48.319393,-7.201552,-48.644024,-7.199783,-48.645397,-7.2050962,-48.504074,-7.246343,-48.08322,-7.2061796,-47.59975,-7.090178,-48.17046,-7.401222,-49.02565,-7.2337637,-48.735977,-7.2112036,-48.01707
47.54260867,7.58371693,316.0,2016-03-14 23:00:00+00:00,-95.3,-12.39,2016,74,0.9562348265919056,-7.0328803,-48.30683,-7.1892204,-48.742,-7.183617,-48.738453,-7.1916814,-48.567432,-7.244719,-48.029343,-7.1935925,-47.41289,-7.046032,-48.144688,-7.4421797,-49.240173,-7.227742,-48.86801,-7.199733,-47.94822
47.54260867,7.58371693,316.0,2016-04-14 22:00:00+00:00,-61.1,-8.98,2016,105,0.9721181966290613,-7.029766,-48.30677,-7.1885366,-48.748432,-7.1826015,-48.74398,-7.190834,-48.57147,-7.244621,-48.026043,-7.192818,-47.40145,-7.043402,-48.14141,-7.444739,-49.253296,-7.227345,-48.876366,-7.198976,-47.943584
47.54260867,7.58371693,316.0,2016-05-14 22:00:00+00:00,-60.4,-8.58,2016,135,0.7295575540864875,-7.0770335,-48.31757,-7.2000866,-48.65553,-7.197898,-48.656513,-7.2035375,-48.511314,-7.2461557,-48.07699,-7.204709,-47.577515,-7.0849795,-48.167465,-7.406029,-49.050842,-7.2330747,-48.751537,-7.2098603,-48.00909
47.54260867,7.58371693,316.0,2016-06-14 22:00:00+00:00,-65.1,-8.78,2016,166,0.2802306751992159,-7.160447,-48.32103,-7.22381,-48.48273,-7.2256074,-48.492313,-7.2266307,-48.396015,-7.2488904,-48.16834,-7.226739,-47.913757,-7.1613297,-48.223923,-7.334133,-48.67168,-7.2431855,-48.52267,-7.22965,-48.131573
47.54260867,7.58371693,316.0,2016-07-14 22:00:00+00:00,-27.7,-4.3,2016,196,-0.23030567023061196,-7.248159,-48.242126,-7.2474375,-48.293953,-7.253269,-48.294006,-7.252066,-48.27775,-7.2521734,-48.265175,-7.2535715,-48.26644,-7.25135,-48.287834,-7.2523055,-48.25599,-7.2512336,-48.271767,-7.2505045,-48.260612
47.54260867,7.58371693,316.0,2016-08-14 22:00:00+00:00,-30.8,-5.1,2016,227,-0.6932812268869771,-7.2256083,-47.681583,-7.2242594,-48.7772,-7.243027,-48.71937,-7.2643557,-48.242302,-7.255212,-48.243786,-7.296234,-48.144173,-7.291817,-48.36275,-7.250184,-48.258377,-7.2524595,-48.20677,-7.244209,-48.164417
47.54260867,7.58371693,316.0,2016-09-14 22:00:00+00:00,-58.2,-8.52,2016,258,-0.9634705485641486,-7.2180967,-47.398556,-7.211256,-49.060204,-7.23494,-48.97156,-7.2696304,-48.242825,-7.2569404,-48.229816,-7.324469,-48.070354,-7.3096676,-48.422306,-7.2496986,-48.26323,-7.2524285,-48.163902,-7.240307,-48.10735
47.54260867,7.58371693,316.0,2016-10-14 22:00:00+00:00,-59.1,-8.74,2016,288,-0.970063921851507,-7.2179565,-47.392605,-7.2109733,-49.067177,-7.2347293,-48.97781,-7.2697563,-48.243046,-7.256976,-48.229496,-7.325171,-48.068687,-7.3100796,-48.423866,-7.2496686,-48.26321,-7.252396,-48.162766,-7.240216,-48.105896
47.54260867,7.58371693,316.0,2016-11-14 23:00:00+00:00,-71.1,-10.19,2016,319,-0.7116566222817751,-7.2250896,-47.66203,-7.2232842,-48.797413,-7.2424417,-48.737244,-7.264684,-48.241917,-7.255327,-48.242893,-7.2982254,-48.13923,-7.2931433,-48.366344,-7.2501035,-48.25845,-7.252445,-48.20459,-7.243937,-48.16047
47.54260867,7.58371693,316.0,2016-12-14 23:00:00+00:00,-60.4,-8.56,2016,349,-0.27195815753410524,-7.25154,-48.208733,-7.246151,-48.307274,-7.253734,-48.320114,-7.2551923,-48.26988,-7.252447,-48.266197,-7.254476,-48.253063,-7.256809,-48.26947,-7.252284,-48.256504,-7.2518005,-48.262386,-7.250168,-48.25425
47.54260867,7.58371693,316.0,2018-01-14 23:00:00+00:00,-62.8,-8.8,2018,14,0.2386727660059501,-7.1316566,-48.349236,-7.216236,-48.553642,-7.219518,-48.571507,-7.218786,-48.429264,-7.247535,-48.139874,-7.219196,-47.82878,-7.130648,-48.208015,-7.3579907,-48.772915,-7.2412767,-48.59283,-7.222513,-48.096516
47.54260867,7.58371693,316.0,2018-12-14 23:00:00+00:00,-64.5,-9.0,2018,348,-0.2884824328806098,-7.220403,-48.22711,-7.2455487,-48.339592,-7.2514515,-48.35248,-7.2437143,-48.31279,-7.251054,-48.246086,-7.244258,-48.215122,-7.2185073,-48.321415,-7.272167,-48.325634,-7.249582,-48.328514,-7.245722,-48.24225
47.54260867,7.58371693,316.0,2019-01-14 23:00:00+00:00,-68.46,-9.85,2019,14,0.2386727660059501,-7.1136346,-48.365723,-7.2113323,-48.595932,-7.2150855,-48.617817,-7.213673,-48.45149,-7.2467413,-48.121254,-7.2144027,-47.770718,-7.111369,-48.192123,-7.3734655,-48.84148,-7.239901,-48.637955,-7.2180314,-48.073124
47.54260867,7.58371693,316.0,2019-02-14 23:00:00+00:00,-118.68,-15.46,2019,45,0.6994583270516471,-7.027476,-48.377335,-7.1874585,-48.77132,-7.1860237,-48.78808,-7.190474,-48.566795,-7.243896,-48.027985,-7.1919875,-47.428047,-7.0349665,-48.1442,-7.447092,-49.2346,-7.228825,-48.869415,-7.198093,-47.947727
47.54260867,7.58371693,316.0,2020-07-14 22:00:00+00:00,-25.74,-3.66,2020,196,-0.23030567023061196,-7.176384,-48.33337,-7.2346153,-48.455914,-7.241961,-48.487465,-7.231995,-48.370617,-7.2489643,-48.19591,-7.2308373,-48.066734,-7.16143,-48.23336,-7.313493,-48.510418,-7.247824,-48.446743,-7.233328,-48.174442
47.54260867,7.58371693,316.0,2012-12-14 23:00:00+00:00,-85.6,-11.73,2012,349,-0.27195815753410524,-7.2491393,-47.840847,-7.228083,-48.76339,-7.238375,-48.650135,-7.2557483,-48.254,-7.2546105,-48.24318,-7.2994447,-48.163254,-7.293279,-48.298332,-7.2528014,-48.290398,-7.250601,-48.199574,-7.2490683,-48.18005
47.54260867,7.58371693,316.0,2017-03-14 23:00:00+00:00,-66.0,-9.33,2017,73,0.9510565162951535,-7.015177,-48.32722,-7.1847773,-48.781494,-7.1793513,-48.785576,-7.187156,-48.586884,-7.2439275,-48.012104,-7.189199,-47.356888,-7.0293193,-48.139473,-7.4567094,-49.306732,-7.2260118,-48.9104,-7.195524,-47.926773
47.54260867,7.58371693,316.0,2017-05-14 22:00:00+00:00,-49.1,-7.14,2017,134,0.741222010848596,-7.056266,-48.338028,-7.194754,-48.702732,-7.1925616,-48.70953,-7.1981773,-48.53486,-7.24526,-48.05615,-7.1994314,-47.5109,-7.0645514,-48.16037,-7.4232674,-49.131058,-7.231104,-48.80125,-7.204963,-47.982788
47.54260867,7.58371693,316.0,2017-06-14 22:00:00+00:00,-40.6,-5.69,2017,165,0.29671281927349075,-7.1393485,-48.33705,-7.217963,-48.532112,-7.220276,-48.5455,-7.2208824,-48.422253,-7.247978,-48.14672,-7.2211547,-47.84341,-7.1396027,-48.213898,-7.3518524,-48.753662,-7.241347,-48.57673,-7.224513,-48.103554
47.54260867,7.58371693,316.0,2017-07-14 22:00:00+00:00,-28.8,-4.01,2017,195,-0.2135209154397959,-7.2256727,-48.24116,-7.246953,-48.330643,-7.2518053,-48.34226,-7.2455072,-48.30654,-7.251181,-48.249302,-7.2455273,-48.220455,-7.224092,-48.3071,-7.2696075,-48.323166,-7.2503157,-48.319275,-7.246634,-48.244354
47.54260867,7.58371693,316.0,2017-08-14 22:00:00+00:00,-34.0,-5.25,2017,226,-0.680773409477016,-7.225959,-47.782284,-7.2298336,-48.642647,-7.246844,-48.624508,-7.2652507,-48.242786,-7.254536,-48.251102,-7.282259,-48.172935,-7.280503,-48.364372,-7.2504864,-48.2509,-7.253451,-48.21808,-7.244349,-48.189053
47.54260867,7.58371693,316.0,2017-09-14 22:00:00+00:00,-63.1,-8.91,2017,257,-0.9587178169872964,-7.216023,-47.480858,-7.216365,-48.939415,-7.2390246,-48.88387,-7.2709618,-48.24016,-7.256297,-48.236164,-7.311392,-48.096455,-7.298426,-48.426792,-7.2494154,-48.254093,-7.253393,-48.18146,-7.2404857,-48.129383
47.54260867,7.58371693,316.0,2017-10-14 22:00:00+00:00,-36.3,-5.6,2017,287,-0.9741004551724206,-7.2155833,-47.46513,-7.2157097,-48.954983,-7.2385836,-48.898006,-7.271299,-48.24036,-7.2563987,-48.23542,-7.312973,-48.09225,-7.2992616,-48.430904,-7.2493615,-48.25431,-7.2533946,-48.179214,-7.240261,-48.126244
47.54260867,7.58371693,316.0,2018-03-14 23:00:00+00:00,-91.1,-11.85,2018,73,0.9510565162951535,-6.996227,-48.346584,-7.180216,-48.82288,-7.1747046,-48.833538,-7.1822867,-48.60728,-7.2430882,-47.994003,-7.1845007,-47.298073,-7.0116,-48.130962,-7.472055,-49.37713,-7.224289,-48.953785,-7.1911807,-47.90423
47.54260867,7.58371693,316.0,2018-04-14 22:00:00+00:00,-47.1,-6.42,2018,104,0.9760105506323683,-6.9909415,-48.343548,-7.1790924,-48.83281,-7.173146,-48.842857,-7.1809535,-48.613693,-7.242934,-47.988632,-7.1833386,-47.280434,-7.007504,-48.128098,-7.4759746,-49.398193,-7.2236342,-48.967175,-7.1900773,-47.897636
47.54260867,7.58371693,316.0,2018-05-14 22:00:00+00:00,-42.0,-6.47,2018,134,0.741222010848596,-7.037805,-48.3572,-7.1900454,-48.745064,-7.1879163,-48.7572,-7.1932716,-48.556232,-7.244427,-48.0379,-7.194647,-47.454132,-7.0460877,-48.151657,-7.438566,-49.200783,-7.229478,-48.845547,-7.200621,-47.95984
47.54260867,7.58371693,316.0,2018-06-14 22:00:00+00:00,-38.7,-5.85,2018,165,0.29671281927349075,-7.1213136,-48.352844,-7.2130823,-48.575375,-7.2158966,-48.592403,-7.215892,-48.444256,-7.2471623,-48.128304,-7.2163386,-47.785454,-7.1210656,-48.2008,-7.367215,-48.82214,-7.2399783,-48.622547,-7.2200537,-48.080173
47.54260867,7.58371693,316.0,2018-07-14 22:00:00+00:00,-45.3,-6.77,2018,195,-0.2135209154397959,-7.2078996,-48.275608,-7.243609,-48.381966,-7.2490444,-48.398285,-7.241059,-48.32927,-7.250387,-48.22995,-7.240027,-48.168144,-7.2011843,-48.271748,-7.2853985,-48.390488,-7.249643,-48.36276,-7.2418184,-48.21966
47.54260867,7.58371693,316.0,2018-08-14 22:00:00+00:00,-33.1,-5.39,2018,226,-0.680773409477016,-7.2336726,-47.91838,-7.234696,-48.52217,-7.25037,-48.53989,-7.2658997,-48.242607,-7.253864,-48.256973,-7.270561,-48.19762,-7.2694445,-48.36489,-7.250878,-48.2433,-7.254764,-48.232647,-7.2444286,-48.209766
47.54260867,7.58371693,316.0,2018-09-14 22:00:00+00:00,-29.4,-4.56,2018,257,-0.9587178169872964,-7.2169933,-47.57204,-7.22144,-48.822273,-7.2423406,-48.80124,-7.271723,-48.23494,-7.2556953,-48.24258,-7.298602,-48.122456,-7.2860413,-48.430103,-7.249965,-48.2486,-7.2544656,-48.1912,-7.2403855,-48.151672
47.54260867,7.58371693,316.0,2018-10-14 22:00:00+00:00,-119.1,-16.23,2018,287,-0.9741004551724206,-7.2164507,-47.55547,-7.2207446,-48.838207,-7.2419243,-48.81564,-7.272042,-48.234795,-7.2558,-48.241814,-7.300134,-48.118206,-7.2868176,-48.433285,-7.249885,-48.24861,-7.2544913,-48.189095,-7.2401485,-48.148495
47.54260867,7.58371693,316.0,2019-05-14 22:00:00+00:00,-60.31,-8.46,2019,134,0.741222010848596,-7.019476,-48.376297,-7.185433,-48.78709,-7.1833534,-48.803387,-7.188315,-48.5768,-7.2436223,-48.0193,-7.189918,-47.3969,-7.028283,-48.14024,-7.4538,-49.27045,-7.227846,-48.890575,-7.196225,-47.936592
47.54260867,7.58371693,316.0,2019-06-14 22:00:00+00:00,-35.23,-5.55,2019,165,0.29671281927349075,-7.1031394,-48.368046,-7.2082033,-48.618168,-7.211456,-48.639286,-7.2108707,-48.46606,-7.2463923,-48.109737,-7.211513,-47.72788,-7.101816,-48.18652,-7.382648,-48.890923,-7.238599,-48.667866,-7.215559,-48.056858
47.54260867,7.58371693,316.0,2019-07-14 22:00:00+00:00,-38.0,-5.65,2019,195,-0.2135209154397959,-7.19081,-48.312828,-7.238603,-48.4224,-7.2450833,-48.446785,-7.236188,-48.351295,-7.249615,-48.21111,-7.2351623,-48.110752,-7.180493,-48.25199,-7.300886,-48.45756,-7.2487082,-48.409126,-7.237176,-48.19418
47.54260867,7.58371693,316.0,2019-08-14 22:00:00+00:00,-34.87,-5.4,2019,226,-0.680773409477016,-7.242982,-48.04885,-7.237694,-48.416588,-7.25388,-48.454865,-7.2644715,-48.26255,-7.253114,-48.2618,-7.261417,-48.207645,-7.2633443,-48.315582,-7.252471,-48.242207,-7.253748,-48.241047,-7.244856,-48.22871
47.54260867,7.58371693,316.0,2019-09-14 22:00:00+00:00,-60.16,-8.7,2019,257,-0.9587178169872964,-7.219172,-47.67141,-7.226212,-48.706173,-7.245784,-48.714813,-7.272471,-48.230873,-7.255076,-48.248882,-7.286528,-48.147774,-7.273058,-48.433777,-7.2500963,-48.23977,-7.255598,-48.202087,-7.2403445,-48.17357
47.54260867,7.58371693,316.0,2019-10-14 22:00:00+00:00,-49.5,-7.43,2019,287,-0.9741004551724206,-7.218189,-47.6517,-7.2255564,-48.721867,-7.245306,-48.7289,-7.2727604,-48.2306,-7.255184,-48.248146,-7.288086,-48.143562,-7.273779,-48.437138,-7.2500505,-48.240044,-7.2555714,-48.19974,-7.240104,-48.170425
47.54260867,7.58371693,316.0,2019-11-14 23:00:00+00:00,-86.48,-11.57,2019,318,-0.7236440382959123,-7.2387466,-47.993885,-7.2361507,-48.457016,-7.252885,-48.494465,-7.2664394,-48.25217,-7.2534323,-48.260235,-7.2647624,-48.202015,-7.264783,-48.346806,-7.2517877,-48.241135,-7.2545276,-48.23617,-7.2439346,-48.22064
47.54260867,7.58371693,316.0,2020-02-14 23:00:00+00:00,-46.73,-6.89,2020,45,0.6994583270516471,-7.0090833,-48.39329,-7.182784,-48.813236,-7.181434,-48.833813,-7.185455,-48.587696,-7.243052,-48.00909,-7.187257,-47.37128,-7.0171065,-48.12974,-7.4624524,-49.303005,-7.2272897,-48.914906,-7.1936555,-47.924038
47.54260867,7.58371693,316.0,2020-03-14 23:00:00+00:00,-50.55,-7.18,2020,74,0.9562348265919056,-6.957233,-48.38297,-7.1709566,-48.908684,-7.1648755,-48.92881,-7.172212,-48.648506,-7.2414083,-47.955578,-7.174887,-47.180645,-6.9769783,-48.10854,-7.5035596,-49.520794,-7.2207446,-49.04551,-7.182184,-47.857254
47.54260867,7.58371693,316.0,2020-04-14 22:00:00+00:00,-49.37,-6.17,2020,105,0.9721181966290613,-6.9538703,-48.380272,-7.170247,-48.91505,-7.1638217,-48.934406,-7.171404,-48.651863,-7.2413106,-47.952362,-7.1741858,-47.16903,-6.974374,-48.10882,-7.506099,-49.53434,-7.220321,-49.053535,-7.1814775,-47.853134
47.54260867,7.58371693,316.0,2020-05-14 22:00:00+00:00,-37.39,-6.04,2020,135,0.7295575540864875,-7.003093,-48.393047,-7.1813765,-48.824898,-7.179535,-48.844616,-7.183887,-48.594738,-7.242882,-48.00312,-7.1858034,-47.349323,-7.0121975,-48.126747,-7.46727,-49.328636,-7.226542,-48.929993,-7.192322,-47.916294
47.54260867,7.58371693,316.0,2020-06-14 22:00:00+00:00,-40.35,-5.9,2020,166,0.2802306751992159,-7.088243,-48.38497,-7.2042227,-48.65373,-7.2079597,-48.679096,-7.2065043,-48.483326,-7.2457094,-48.09418,-7.2075143,-47.683033,-7.0852456,-48.170425,-7.395538,-48.9453,-7.2375655,-48.704533,-7.2117786,-48.038155
47.54260867,7.58371693,316.0,2020-08-14 22:00:00+00:00,-40.57,-5.98,2020,227,-0.6932812268869771,-7.2503967,-48.118256,-7.2407494,-48.365204,-7.2554936,-48.38365,-7.259884,-48.297897,-7.252263,-48.26285,-7.2545085,-48.235714,-7.258383,-48.278404,-7.2511444,-48.230003,-7.25088,-48.247665,-7.2466283,-48.23743
47.54260867,7.58371693,316.0,2020-09-14 22:00:00+00:00,-49.3,-7.38,2020,258,-0.9634705485641486,-7.2267127,-47.803898,-7.229822,-48.602432,-7.2495017,-48.636635,-7.273261,-48.235752,-7.2544284,-48.254414,-7.276179,-48.167446,-7.264545,-48.411194,-7.2507424,-48.23392,-7.2568393,-48.215397,-7.240388,-48.19213
47.54260867,7.58371693,316.0,2020-10-14 22:00:00+00:00,-73.8,-10.33,2020,288,-0.970063921851507,-7.226178,-47.794548,-7.229604,-48.60942,-7.2492843,-48.64283,-7.27348,-48.234776,-7.2544813,-48.25407,-7.27678,-48.165947,-7.2645054,-48.414135,-7.2506866,-48.233738,-7.256907,-48.21426,-7.2402782,-48.190834
47.54260867,7.58371693,316.0,2020-11-14 23:00:00+00:00,-42.64,-6.44,2020,319,-0.7116566222817751,-7.2501674,-48.101948,-7.2399797,-48.37894,-7.2554398,-48.4016,-7.261258,-48.290348,-7.252381,-48.2634,-7.2558775,-48.226017,-7.2599864,-48.281876,-7.2515435,-48.231133,-7.251605,-48.24406,-7.246109,-48.234825
47.54260867,7.58371693,316.0,2020-12-14 23:00:00+00:00,-106.24,-14.36,2020,349,-0.27195815753410524,-7.1828322,-48.31099,-7.237151,-48.440895,-7.244473,-48.46973,-7.233945,-48.36404,-7.2492337,-48.20437,-7.2326508,-48.09894,-7.1682353,-48.246296,-7.3066926,-48.474895,-7.24819,-48.424973,-7.235271,-48.185867
47.54260867,7.58371693,316.0,2021-01-14 23:00:00+00:00,-83.99,-11.58,2021,14,0.2386727660059501,-7.0779996,-48.400608,-7.2016196,-48.67902,-7.2059264,-48.70955,-7.2033725,-48.49596,-7.245183,-48.083626,-7.204711,-47.657024,-7.0718865,-48.15879,-7.404438,-48.977768,-7.2371445,-48.72842,-7.209041,-48.025944
47.54260867,7.58371693,316.0,2021-02-14 23:00:00+00:00,-80.08,-10.9,2021,45,0.6994583270516471,-6.9907475,-48.410946,-7.178172,-48.855328,-7.1769376,-48.87882,-7.1804223,-48.60788,-7.242236,-47.99027,-7.182544,-47.31482,-6.999085,-48.112713,-7.4777975,-49.371075,-7.225705,-48.96092,-7.1892076,-47.900944
47.54260867,7.58371693,316.0,2021-03-14 23:00:00+00:00,-52.14,-7.66,2021,73,0.9510565162951535,-6.9392934,-48.400143,-7.166709,-48.948795,-7.160606,-48.972443,-7.1676483,-48.666763,-7.2405963,-47.93799,-7.170505,-47.12785,-6.9602537,-48.09497,-7.5181646,-49.585144,-7.219243,-49.08789,-7.1779404,-47.83528
47.54260867,7.58371693,316.0,2021-04-14 22:00:00+00:00,-90.24,-12.37,2021,104,0.9760105506323683,-6.9342914,-48.398926,-7.16562,-48.95715,-7.159058,-48.981537,-7.1663184,-48.67279,-7.240409,-47.932568,-7.169296,-47.10929,-6.9567313,-48.094585,-7.5220194,-49.605873,-7.218577,-49.10107,-7.1768723,-47.82907
47.54260867,7.58371693,316.0,2021-05-14 22:00:00+00:00,-67.58,-9.25,2021,134,0.741222010848596,-6.982248,-48.40913,-7.1761804,-48.871098,-7.1742444,-48.89439,-7.1783214,-48.617706,-7.241969,-47.981705,-7.18056,-47.28384,-6.992287,-48.10991,-7.4844794,-49.406696,-7.2246532,-48.9812,-7.187368,-47.88967
47.54260867,7.58371693,316.0,2021-06-14 22:00:00+00:00,-42.48,-6.23,2021,165,0.29671281927349075,-7.067339,-48.403008,-7.1985335,-48.701252,-7.20234,-48.730644,-7.200603,-48.509094,-7.2448163,-48.07203,-7.2019067,-47.61363,-7.062931,-48.150757,-7.413703,-49.0276,-7.235803,-48.758064,-7.206571,-48.010143
47.54260867,7.58371693,316.0,2021-07-14 22:00:00+00:00,-52.66,-7.52,2021,195,-0.2135209154397959,-7.1565247,-48.36296,-7.228497,-48.503574,-7.236241,-48.540672,-7.2260175,-48.3962,-7.248079,-48.173935,-7.225115,-47.997498,-7.13779,-48.206745,-7.331656,-48.591663,-7.2465377,-48.500652,-7.2280097,-48.147263
47.54260867,7.58371693,316.0,2021-08-14 22:00:00+00:00,-49.84,-7.05,2021,226,-0.680773409477016,-7.2333145,-48.193176,-7.241873,-48.3505,-7.2542987,-48.323715,-7.2509317,-48.31274,-7.251945,-48.260094,-7.2531896,-48.278038,-7.2416396,-48.345764,-7.253307,-48.21676,-7.248634,-48.27172,-7.24515,-48.25256
47.54260867,7.58371693,316.0,2021-09-14 22:00:00+00:00,-41.48,-6.38,2021,257,-0.9587178169872964,-7.2350454,-47.950386,-7.232617,-48.49972,-7.253553,-48.543957,-7.271111,-48.264206,-7.2536025,-48.25938,-7.2664104,-48.176407,-7.2611365,-48.359047,-7.252506,-48.23415,-7.2557845,-48.22238,-7.240941,-48.211624
47.54260867,7.58371693,316.0,2021-10-14 22:00:00+00:00,-61.91,-8.61,2021,287,-0.9741004551724206,-7.233802,-47.928978,-7.232004,-48.512405,-7.253173,-48.55787,-7.271956,-48.261333,-7.2537565,-48.25898,-7.26772,-48.173916,-7.2615285,-48.366993,-7.252294,-48.233944,-7.2559896,-48.22048,-7.2405186,-48.209263
47.54260867,7.58371693,316.0,2021-11-14 23:00:00+00:00,-71.94,-10.46,2021,318,-0.7236440382959123,-7.2463284,-48.163937,-7.2416835,-48.344765,-7.254836,-48.33804,-7.2544994,-48.322075,-7.251716,-48.25893,-7.252845,-48.26691,-7.247722,-48.32218,-7.2538238,-48.225063,-7.2489014,-48.259975,-7.2467303,-48.246853
47.54260867,7.58371693,316.0,2021-12-14 23:00:00+00:00,-89.14,-11.89,2021,348,-0.2884824328806098,-7.1685815,-48.33473,-7.2330427,-48.473507,-7.241285,-48.510235,-7.229748,-48.38406,-7.248599,-48.18896,-7.2282844,-48.055035,-7.148203,-48.226185,-7.3194857,-48.527676,-7.2472706,-48.46342,-7.23139,-48.165413
47.54260867,7.58371693,316.0,2017-04-14 22:00:00+00:00,-65.2,-9.8,2017,104,0.9760105506323683,-7.0100455,-48.326008,-7.183692,-48.791237,-7.1777396,-48.794144,-7.1858044,-48.59341,-7.243764,-48.00687,-7.187957,-47.338623,-7.0253005,-48.136063,-7.4606757,-49.32747,-7.2253795,-48.92283,-7.1943893,-47.920055
47.54260867,7.58371693,316.0,2019-04-14 22:00:00+00:00,-99.67,-13.58,2019,104,0.9760105506323683,-6.971804,-48.36223,-7.174558,-48.874516,-7.16835,-48.89087,-7.176103,-48.63332,-7.242089,-47.970108,-7.1785784,-47.222744,-6.9906726,-48.118576,-7.491432,-49.46883,-7.221879,-49.01085,-7.185636,-47.874447
47.54260867,7.58371693,316.0,2017-01-14 23:00:00+00:00,-72.0,-10.24,2017,14,0.2386727660059501,-7.149683,-48.333977,-7.221174,-48.510185,-7.223862,-48.524082,-7.223764,-48.407104,-7.248315,-48.15831,-7.2239957,-47.886665,-7.149415,-48.21996,-7.3425703,-48.70441,-7.2426515,-48.547455,-7.2269893,-48.11991
47.54260867,7.58371693,316.0,2017-11-14 23:00:00+00:00,-80.7,-11.14,2017,318,-0.7236440382959123,-7.2242436,-47.734386,-7.227598,-48.69046,-7.2456293,-48.66472,-7.266121,-48.241783,-7.254813,-48.248756,-7.286721,-48.161324,-7.2835283,-48.37326,-7.2504096,-48.252014,-7.253433,-48.21256,-7.2437854,-48.179783
47.54260867,7.58371693,316.0,2022-01-14 23:00:00+00:00,-64.8,-9.28,2022,14,0.2386727660059501,-7.060356,-48.417625,-7.1968145,-48.719856,-7.201396,-48.75467,-7.1983986,-48.51831,-7.2443943,-48.064728,-7.199886,-47.600975,-7.0517817,-48.137768,-7.419784,-49.046097,-7.235721,-48.7737,-7.204514,-48.002304
47.54260867,7.58371693,316.0,2022-02-14 23:00:00+00:00,-44.5,-6.84,2022,45,0.6994583270516471,-6.972303,-48.425964,-7.1736093,-48.896606,-7.1723166,-48.923927,-7.175431,-48.62778,-7.2414236,-47.971577,-7.1777205,-47.258736,-6.980896,-48.09403,-7.493243,-49.438683,-7.22422,-49.006638,-7.184754,-47.877472
47.54260867,7.58371693,316.0,2022-03-14 23:00:00+00:00,-56.5,-8.89,2022,73,0.9510565162951535,-6.9204392,-48.41494,-7.162361,-48.989105,-7.1559725,-49.017365,-7.162754,-48.686024,-7.239773,-47.919292,-7.1658106,-47.071095,-6.942705,-48.077274,-7.5334883,-49.653336,-7.217594,-49.13319,-7.1735787,-47.81189
47.54260867,7.58371693,316.0,2022-04-14 22:00:00+00:00,-76.4,-10.67,2022,104,0.9760105506323683,-6.915397,-48.41333,-7.1612587,-48.998653,-7.1543536,-49.02698,-7.161461,-48.692085,-7.2395954,-47.914005,-7.1645913,-47.05314,-6.939077,-48.07727,-7.5374312,-49.674076,-7.2169485,-49.14607,-7.1724052,-47.805534
47.54260867,7.58371693,316.0,2022-05-14 22:00:00+00:00,-24.1,-4.02,2022,134,0.741222010848596,-6.9637775,-48.423622,-7.171636,-48.912315,-7.169497,-48.939255,-7.1733484,-48.6374,-7.2411437,-47.962856,-7.175798,-47.22777,-6.9745483,-48.09063,-7.499814,-49.47365,-7.2230983,-49.027153,-7.182905,-47.866043
47.54260867,7.58371693,316.0,2017-02-14 23:00:00+00:00,-86.9,-12.19,2017,45,0.6994583270516471,-7.064345,-48.33847,-7.1968436,-48.68701,-7.195103,-48.693592,-7.2003217,-48.52459,-7.2455263,-48.064804,-7.2014194,-47.541893,-7.0716186,-48.16512,-7.416554,-49.095783,-7.2320833,-48.779743,-7.206851,-47.99414
47.54260867,7.58371693,316.0,2017-12-14 23:00:00+00:00,-93.2,-12.54,2017,348,-0.2884824328806098,-7.238249,-48.23616,-7.247005,-48.292835,-7.2521434,-48.29804,-7.2495813,-48.279438,-7.2519417,-48.262592,-7.251401,-48.258038,-7.2452908,-48.31978,-7.2562013,-48.25487,-7.250251,-48.28407,-7.2496815,-48.263535
47.54260867,7.58371693,316.0,2018-11-14 23:00:00+00:00,-87.1,-11.95,2018,318,-0.7236440382959123,-7.23016,-47.858097,-7.2326303,-48.569324,-7.2491026,-48.579784,-7.266621,-48.241547,-7.2541695,-48.254925,-7.274659,-48.186695,-7.271917,-48.380077,-7.250619,-48.243645,-7.2546835,-48.225464,-7.243841,-48.200947
47.54260867,7.58371693,316.0,2019-03-14 23:00:00+00:00,-46.13,-6.64,2019,73,0.9510565162951535,-6.9769135,-48.365265,-7.1756587,-48.865074,-7.1698937,-48.88115,-7.177434,-48.62757,-7.242248,-47.97545,-7.1798525,-47.241184,-6.994619,-48.12183,-7.4873447,-49.44754,-7.222585,-48.99791,-7.186786,-47.881195
47.54260867,7.58371693,316.0,2019-12-14 23:00:00+00:00,-79.6,-10.59,2019,348,-0.2884824328806098,-7.2024765,-48.257595,-7.2426734,-48.394093,-7.249147,-48.412083,-7.2393494,-48.33867,-7.25013,-48.227226,-7.2384763,-48.16637,-7.1946225,-48.27463,-7.288458,-48.394356,-7.249161,-48.370712,-7.2407756,-48.216095
47.54260867,7.58371693,316.0,2018-02-14 23:00:00+00:00,-73.4,-10.17,2018,45,0.6994583270516471,-7.045894,-48.357845,-7.1921315,-48.729374,-7.1904593,-48.74184,-7.195497,-48.54565,-7.244699,-48.046555,-7.196715,-47.484966,-7.0529437,-48.155834,-7.43187,-49.165344,-7.2304664,-48.824516,-7.2024794,-47.9708
47.54260867,7.58371693,316.0,2022-06-14 22:00:00+00:00,-32.5,-5.16,2022,165,0.29671281927349075,-7.0495453,-48.419693,-7.1937823,-48.741768,-7.197754,-48.77591,-7.195485,-48.531757,-7.244009,-48.053192,-7.1970835,-47.55718,-7.0430975,-48.129986,-7.429224,-49.095695,-7.2344317,-48.80326,-7.2020326,-47.986492
47.54260867,7.58371693,316.0,2022-08-14 22:00:00+00:00,-32.1,-5.29,2022,226,-0.680773409477016,-7.212322,-48.189896,-7.2393627,-48.336468,-7.249191,-48.335316,-7.243713,-48.309914,-7.2512426,-48.246117,-7.2459807,-48.25871,-7.2191443,-48.386444,-7.2654696,-48.22987,-7.2468033,-48.322403,-7.2458096,-48.259033
47.54260867,7.58371693,316.0,2022-09-14 22:00:00+00:00,-50.7,-7.38,2022,257,-0.9587178169872964,-7.2452955,-48.036823,-7.236231,-48.43425,-7.2561107,-48.460594,-7.266525,-48.306587,-7.252528,-48.262585,-7.258078,-48.196556,-7.2494435,-48.316765,-7.2528,-48.225433,-7.2529287,-48.22605,-7.242978,-48.223064
47.54260867,7.58371693,316.0,2022-10-14 22:00:00+00:00,-35.1,-5.04,2022,287,-0.9741004551724206,-7.2438526,-48.02508,-7.235719,-48.446453,-7.255969,-48.47518,-7.267335,-48.29937,-7.2526884,-48.262665,-7.259486,-48.188763,-7.2504683,-48.322926,-7.253242,-48.227077,-7.253348,-48.225693,-7.242523,-48.221237
47.54260867,7.58371693,316.0,2022-11-14 23:00:00+00:00,-57.9,-7.83,2022,318,-0.7236440382959123,-7.2193513,-48.186947,-7.239728,-48.345413,-7.251248,-48.321022,-7.246673,-48.311703,-7.251475,-48.256836,-7.24898,-48.281044,-7.225648,-48.362812,-7.2571826,-48.20903,-7.247486,-48.29112,-7.2447767,-48.25702
47.54260867,7.58371693,316.0,2022-12-14 23:00:00+00:00,-74.6,-10.25,2022,348,-0.2884824328806098,-7.1518197,-48.36329,-7.2279816,-48.513092,-7.2367773,-48.55649,-7.2245827,-48.406235,-7.2478414,-48.17021,-7.2231317,-47.998985,-7.125129,-48.19914,-7.3347044,-48.59399,-7.2462125,-48.50978,-7.2267475,-48.141335
47.54260867,7.58371693,316.0,2022-07-14 22:00:00+00:00,-22.8,-3.67,2022,195,-0.2135209154397959,-7.139518,-48.385357,-7.223398,-48.543896,-7.2314467,-48.586525,-7.220767,-48.419086,-7.2473316,-48.15532,-7.2201133,-47.941025,-7.116796,-48.182747,-7.3469667,-48.65828,-7.245337,-48.546486,-7.223449,-48.124023
47.54260867,7.58371693,316.0,2023-01-14 23:00:00+00:00,-105.5,-14.21,2023,14,0.2386727660059501,-7.042749,-48.43673,-7.1920476,-48.759792,-7.196667,-48.800354,-7.193434,-48.540394,-7.2435966,-48.04574,-7.1949587,-47.545525,-7.0318637,-48.11356,-7.435129,-49.113262,-7.2343335,-48.819317,-7.2000084,-47.97886
47.54260867,7.58371693,316.0,2023-03-14 23:00:00+00:00,-46.62,-6.51,2023,73,0.9510565162951535,-6.901658,-48.427784,-7.1579533,-49.030468,-7.151261,-49.0618,-7.1579595,-48.704807,-7.2389326,-47.900154,-7.1610723,-47.0167,-6.9255915,-48.061,-7.548684,-49.720356,-7.2158947,-49.17846,-7.1690593,-47.788517
47.54260867,7.58371693,316.0,2023-04-14 22:00:00+00:00,-56.63,-7.85,2023,104,0.9760105506323683,-6.8964643,-48.42775,-7.1569743,-49.03946,-7.1496425,-49.071228,-7.1566367,-48.710754,-7.2387533,-47.89488,-7.1599665,-46.99766,-6.9221425,-48.059307,-7.5527983,-49.74233,-7.215356,-49.19031,-7.167954,-47.781845
47.54260867,7.58371693,316.0,2023-05-14 22:00:00+00:00,-50.46,-7.05,2023,134,0.741222010848596,-6.9452868,-48.43996,-7.1671743,-48.952953,-7.16484,-48.984573,-7.1683774,-48.656925,-7.2403264,-47.943645,-7.171096,-47.171627,-6.9565163,-48.071293,-7.515311,-49.54197,-7.22159,-49.07262,-7.1784315,-47.842846
47.54260867,7.58371693,316.0,2023-06-14 22:00:00+00:00,-33.39,-5.21,2023,165,0.29671281927349075,-7.0319047,-48.438572,-7.1890845,-48.78205,-7.193048,-48.820553,-7.190513,-48.553486,-7.243235,-48.034103,-7.192246,-47.50197,-7.0230165,-48.106926,-7.4445243,-49.163208,-7.2329984,-48.84865,-7.1974845,-47.962677
47.54260867,7.58371693,316.0,2023-07-14 22:00:00+00:00,-29.55,-4.19,2023,195,-0.2135209154397959,-7.1225405,-48.40838,-7.218317,-48.583935,-7.226638,-48.632435,-7.215516,-48.441963,-7.2466006,-48.13662,-7.215012,-47.88511,-7.0953565,-48.157696,-7.3622704,-48.724674,-7.2440276,-48.592678,-7.218836,-48.100063
47.54260867,7.58371693,316.0,2023-08-14 22:00:00+00:00,-34.99,-4.95,2023,226,-0.680773409477016,-7.1937165,-48.187782,-7.2377167,-48.362846,-7.24794,-48.38051,-7.2381597,-48.336525,-7.250471,-48.229256,-7.2384353,-48.212864,-7.192537,-48.406845,-7.279692,-48.303043,-7.245061,-48.363483,-7.2420015,-48.23906
47.54260867,7.58371693,316.0,2023-09-14 22:00:00+00:00,-41.03,-6.02,2023,257,-0.9587178169872964,-7.2470603,-48.101524,-7.2386484,-48.379345,-7.25679,-48.37505,-7.259694,-48.351276,-7.2519274,-48.25963,-7.2519374,-48.250587,-7.2400784,-48.29338,-7.253541,-48.212757,-7.248731,-48.24337,-7.2449727,-48.239056
47.54260867,7.58371693,316.0,2023-10-14 22:00:00+00:00,-78.43,-10.41,2023,287,-0.9741004551724206,-7.247168,-48.08652,-7.2380834,-48.385853,-7.2569065,-48.387413,-7.261152,-48.34681,-7.252028,-48.260193,-7.2521825,-48.243244,-7.239807,-48.293835,-7.2527113,-48.215008,-7.2492857,-48.24019,-7.244415,-48.23509
47.54260867,7.58371693,316.0,2023-11-14 23:00:00+00:00,-86.43,-11.44,2023,318,-0.7236440382959123,-7.2005696,-48.182423,-7.2377195,-48.34965,-7.248842,-48.35799,-7.2405725,-48.325817,-7.2508163,-48.235985,-7.242073,-48.24079,-7.2043533,-48.38926,-7.272539,-48.253597,-7.2450757,-48.343624,-7.244488,-48.25448
47.54260867,7.58371693,316.0,2023-12-14 23:00:00+00:00,-86.95,-11.58,2023,348,-0.2884824328806098,-7.135253,-48.392048,-7.2229595,-48.55296,-7.23198,-48.602024,-7.219312,-48.429153,-7.247088,-48.151432,-7.2179713,-47.943645,-7.103412,-48.175392,-7.350004,-48.66,-7.245071,-48.555824,-7.222153,-48.117786
47.54260867,7.58371693,316.0,2023-02-14 23:00:00+00:00,-39.55,-6.32,2023,45,0.6994583270516471,-6.9538565,-48.441833,-7.1691465,-48.93651,-7.1675925,-48.96829,-7.1704817,-48.64668,-7.240593,-47.952286,-7.172994,-47.202362,-6.9626436,-48.074028,-7.5087566,-49.506687,-7.2226834,-49.05199,-7.1802664,-47.854286
