Lat,Lon,Alt,Date,H2,O18,Label,KPN_A,KPN_B,KPN_C,KPN_D,KPN_E
52.3,104.2833333,469,2011-06-14 22:00:00+00:00,-111.2,-14.0,lowData,0,0,0,1,0
52.3,104.2833333,469,2011-07-14 22:00:00+00:00,-74.1,-9.7,lowData,0,0,0,1,0
52.3,104.2833333,469,2011-08-14 22:00:00+00:00,-101.4,-14.2,lowData,0,0,0,1,0
52.3,104.2833333,469,2011-09-14 22:00:00+00:00,-108.0,-13.1,lowData,0,0,0,1,0
52.3,104.2833333,469,2011-10-14 22:00:00+00:00,-127.0,-17.3,lowData,0,0,0,1,0
52.3,104.2833333,469,2011-11-14 23:00:00+00:00,-224.1,-30.1,lowData,0,0,0,1,0
52.3,104.2833333,469,2011-12-14 23:00:00+00:00,-208.7,-27.3,lowData,0,0,0,1,0
52.3,104.2833333,469,2012-01-14 23:00:00+00:00,-218.7,-29.0,lowData,0,0,0,1,0
52.3,104.2833333,469,2012-02-14 23:00:00+00:00,-207.4,-26.4,lowData,0,0,0,1,0
52.3,104.2833333,469,2012-06-14 22:00:00+00:00,-91.8,-10.0,lowData,0,0,0,1,0
52.3,104.2833333,469,2012-07-14 22:00:00+00:00,-100.8,-13.0,lowData,0,0,0,1,0
52.3,104.2833333,469,2012-08-14 22:00:00+00:00,-87.1,-11.0,lowData,0,0,0,1,0
52.3,104.2833333,469,2012-09-14 22:00:00+00:00,-107.9,-15.0,lowData,0,0,0,1,0
52.3,104.2833333,469,2012-10-14 22:00:00+00:00,-225.5,-29.9,lowData,0,0,0,1,0
52.3,104.2833333,469,2012-11-14 23:00:00+00:00,-165.9,-22.3,lowData,0,0,0,1,0
52.3,104.2833333,469,2013-01-14 23:00:00+00:00,-226.2,-29.2,lowData,0,0,0,1,0
52.3,104.2833333,469,2013-02-14 23:00:00+00:00,-251.3,-30.7,lowData,0,0,0,1,0
52.3,104.2833333,469,2013-03-14 23:00:00+00:00,-169.2,-21.8,lowData,0,0,0,1,0
52.3,104.2833333,469,2013-04-14 22:00:00+00:00,-86.7,-12.6,lowData,0,0,0,1,0
52.3,104.2833333,469,2013-05-14 22:00:00+00:00,-103.1,-12.8,lowData,0,0,0,1,0
52.3,104.2833333,469,2013-06-14 22:00:00+00:00,-99.7,-12.7,lowData,0,0,0,1,0
52.3,104.2833333,469,2013-07-14 22:00:00+00:00,-103.6,-12.2,lowData,0,0,0,1,0
52.3,104.2833333,469,2013-08-14 22:00:00+00:00,-86.0,-10.9,lowData,0,0,0,1,0
52.3,104.2833333,469,2013-09-14 22:00:00+00:00,-117.2,-15.7,lowData,0,0,0,1,0
52.3,104.2833333,469,2013-10-14 22:00:00+00:00,-120.7,-16.3,lowData,0,0,0,1,0
52.3,104.2833333,469,2014-12-14 23:00:00+00:00,-230.5,-29.6,lowData,0,0,0,1,0
52.3,104.2833333,469,2015-01-14 23:00:00+00:00,-215.2,-27.6,lowData,0,0,0,1,0
52.3,104.2833333,469,2015-02-14 23:00:00+00:00,-211.2,-25.9,lowData,0,0,0,1,0
52.3,104.2833333,469,2015-03-14 23:00:00+00:00,-175.3,-21.7,lowData,0,0,0,1,0
52.3,104.2833333,469,2015-04-14 22:00:00+00:00,-112.3,-15.3,lowData,0,0,0,1,0
52.3,104.2833333,469,2015-05-14 22:00:00+00:00,-84.6,-10.7,lowData,0,0,0,1,0
52.3,104.2833333,469,2015-06-14 22:00:00+00:00,-107.2,-14.3,lowData,0,0,0,1,0
52.3,104.2833333,469,2015-07-14 22:00:00+00:00,-61.8,-9.4,lowData,0,0,0,1,0
52.3,104.2833333,469,2015-08-14 22:00:00+00:00,-85.6,-12.1,lowData,0,0,0,1,0
52.3,104.2833333,469,2015-09-14 22:00:00+00:00,-127.3,-16.3,lowData,0,0,0,1,0
52.3,104.2833333,469,2015-10-14 22:00:00+00:00,-158.7,-20.7,lowData,0,0,0,1,0
52.3,104.2833333,469,2015-11-14 23:00:00+00:00,-169.8,-21.3,lowData,0,0,0,1,0
52.3,104.2833333,469,2015-12-14 23:00:00+00:00,-201.8,-25.5,lowData,0,0,0,1,0
52.3,104.2833333,469,2016-01-14 23:00:00+00:00,-269.6,-33.8,lowData,0,0,0,1,0
52.3,104.2833333,469,2016-02-14 23:00:00+00:00,-209.1,-26.1,lowData,0,0,0,1,0
52.3,104.2833333,469,2016-03-14 23:00:00+00:00,-202.9,-26.0,lowData,0,0,0,1,0
52.3,104.2833333,469,2016-04-14 22:00:00+00:00,-102.1,-12.5,lowData,0,0,0,1,0
52.3,104.2833333,469,2016-05-14 22:00:00+00:00,-124.2,-16.4,lowData,0,0,0,1,0
52.3,104.2833333,469,2016-06-14 22:00:00+00:00,-103.6,-12.4,lowData,0,0,0,1,0
52.3,104.2833333,469,2016-07-14 22:00:00+00:00,-82.7,-10.9,lowData,0,0,0,1,0
52.3,104.2833333,469,2016-08-14 22:00:00+00:00,-89.8,-12.1,lowData,0,0,0,1,0
52.3,104.2833333,469,2016-09-14 22:00:00+00:00,-109.1,-14.6,lowData,0,0,0,1,0
52.3,104.2833333,469,2016-10-14 22:00:00+00:00,-202.8,-27.5,lowData,0,0,0,1,0
52.3,104.2833333,469,2016-11-14 23:00:00+00:00,-210.5,-27.8,lowData,0,0,0,1,0
52.3,104.2833333,469,2016-12-14 23:00:00+00:00,-201.1,-26.4,lowData,0,0,0,1,0
52.3,104.2833333,469,2012-12-14 23:00:00+00:00,-262.7,-35.1,lowData,0,0,0,1,0
52.3,104.2833333,469,2017-03-14 23:00:00+00:00,-126.8,-17.6,lowData,0,0,0,1,0
52.3,104.2833333,469,2017-04-14 22:00:00+00:00,-152.0,-20.9,lowData,0,0,0,1,0
52.3,104.2833333,469,2017-01-14 23:00:00+00:00,-230.6,-30.3,lowData,0,0,0,1,0
52.3,104.2833333,469,2017-02-14 23:00:00+00:00,-194.9,-25.9,lowData,0,0,0,1,0
47.54260867,7.58371693,316,2004-01-14 23:00:00+00:00,-88.50962751,-11.9,highData,0,0,1,0,0
47.54260867,7.58371693,316,2004-02-14 23:00:00+00:00,-66.74413536,-9.88,highData,0,0,1,0,0
47.54260867,7.58371693,316,2004-03-14 23:00:00+00:00,-71.5587575,-9.69,highData,0,0,1,0,0
47.54260867,7.58371693,316,2004-04-14 22:00:00+00:00,-40.66799847,-6.1,highData,0,0,1,0,0
47.54260867,7.58371693,316,2004-05-14 22:00:00+00:00,-50.25006643,-7.01,highData,0,0,1,0,0
47.54260867,7.58371693,316,2004-06-14 22:00:00+00:00,-53.83051048,-7.21,highData,0,0,1,0,0
47.54260867,7.58371693,316,2004-07-14 22:00:00+00:00,-34.72560691,-5.49,highData,0,0,1,0,0
47.54260867,7.58371693,316,2004-08-14 22:00:00+00:00,-31.50057387,-4.8,highData,0,0,1,0,0
47.54260867,7.58371693,316,2004-09-14 22:00:00+00:00,-31.38678091,-4.92,highData,0,0,1,0,0
47.54260867,7.58371693,316,2004-10-14 22:00:00+00:00,-76.42100974,-10.75,highData,0,0,1,0,0
47.54260867,7.58371693,316,2004-11-14 23:00:00+00:00,-75.39648751,-10.49,highData,0,0,1,0,0
47.54260867,7.58371693,316,2004-12-14 23:00:00+00:00,-98.71358212,-13.22,highData,0,0,1,0,0
47.54260867,7.58371693,316,2005-01-14 23:00:00+00:00,-42.77138547,-6.66,highData,0,0,1,0,0
47.54260867,7.58371693,316,2005-02-14 23:00:00+00:00,-115.1328526,-15.78,highData,0,0,1,0,0
47.54260867,7.58371693,316,2005-03-14 23:00:00+00:00,-59.70485452,-8.02,highData,0,0,1,0,0
47.54260867,7.58371693,316,2005-04-14 22:00:00+00:00,-58.19910378,-8.51,highData,0,0,1,0,0
47.54260867,7.58371693,316,2005-05-14 22:00:00+00:00,-48.05079866,-6.95,highData,0,0,1,0,0
47.54260867,7.58371693,316,2005-06-14 22:00:00+00:00,-32.64544918,-5.24,highData,0,0,1,0,0
47.54260867,7.58371693,316,2005-07-14 22:00:00+00:00,-37.45673818,-5.67,highData,0,0,1,0,0
47.54260867,7.58371693,316,2005-08-14 22:00:00+00:00,-43.03745941,-6.33,highData,0,0,1,0,0
47.54260867,7.58371693,316,2005-09-14 22:00:00+00:00,-68.63931346,-9.610421834,highData,0,0,1,0,0
47.54260867,7.58371693,316,2005-10-14 22:00:00+00:00,-42.73606861,-6.38,highData,0,0,1,0,0
47.54260867,7.58371693,316,2005-11-14 23:00:00+00:00,-103.3116898,-14.2,highData,0,0,1,0,0
47.54260867,7.58371693,316,2005-12-14 23:00:00+00:00,-78.0619552,-10.79,highData,0,0,1,0,0
47.54260867,7.58371693,316,2006-01-14 23:00:00+00:00,-75.03694923,-10.39,highData,0,0,1,0,0
47.54260867,7.58371693,316,2006-02-14 23:00:00+00:00,-90.29273588,-11.52,highData,0,0,1,0,0
47.54260867,7.58371693,316,2006-03-14 23:00:00+00:00,-82.68571664,-11.23849183,highData,0,0,1,0,0
47.54260867,7.58371693,316,2006-04-14 22:00:00+00:00,-76.08191291,-10.61,highData,0,0,1,0,0
47.54260867,7.58371693,316,2006-05-14 22:00:00+00:00,-60.27743553,-8.47,highData,0,0,1,0,0
47.54260867,7.58371693,316,2006-06-14 22:00:00+00:00,-26.00399436,-4.08,highData,0,0,1,0,0
47.54260867,7.58371693,316,2006-07-14 22:00:00+00:00,-26.43863597,-3.64,highData,0,0,1,0,0
47.54260867,7.58371693,316,2006-08-14 22:00:00+00:00,-60.3623681,-8.43,highData,0,0,1,0,0
47.54260867,7.58371693,316,2006-09-14 22:00:00+00:00,-53.80678357,-7.78,highData,0,0,1,0,0
47.54260867,7.58371693,316,2006-10-14 22:00:00+00:00,-49.6066388,-6.51,highData,0,0,1,0,0
47.54260867,7.58371693,316,2006-11-14 23:00:00+00:00,-67.40884533,-9.18,highData,0,0,1,0,0
47.54260867,7.58371693,316,2006-12-14 23:00:00+00:00,-83.72738599,-11.11,highData,0,0,1,0,0
47.54260867,7.58371693,316,2007-01-14 23:00:00+00:00,-93.4449454,-12.87,highData,0,0,1,0,0
47.54260867,7.58371693,316,2007-02-14 23:00:00+00:00,-71.36453487,-9.46,highData,0,0,1,0,0
47.54260867,7.58371693,316,2007-03-14 23:00:00+00:00,-89.32212676,-12.11,highData,0,0,1,0,0
47.54260867,7.58371693,316,2007-05-14 22:00:00+00:00,-56.86635214,-7.87,highData,0,0,1,0,0
47.54260867,7.58371693,316,2007-06-14 22:00:00+00:00,-44.71481808,-6.28,highData,0,0,1,0,0
47.54260867,7.58371693,316,2007-07-14 22:00:00+00:00,-43.8169477,-6.05,highData,0,0,1,0,0
47.54260867,7.58371693,316,2007-08-14 22:00:00+00:00,-44.13363048,-6.87,highData,0,0,1,0,0
47.54260867,7.58371693,316,2007-09-14 22:00:00+00:00,-44.13363048,-6.87,highData,0,0,1,0,0
47.54260867,7.58371693,316,2007-10-14 22:00:00+00:00,-60.35032291,-8.99,highData,0,0,1,0,0
47.54260867,7.58371693,316,2007-11-14 23:00:00+00:00,-79.00926983,-10.78,highData,0,0,1,0,0
47.54260867,7.58371693,316,2007-12-14 23:00:00+00:00,-57.9994607,-8.37,highData,0,0,1,0,0
47.54260867,7.58371693,316,2008-01-14 23:00:00+00:00,-82.10126519,-10.4,highData,0,0,1,0,0
47.54260867,7.58371693,316,2008-02-14 23:00:00+00:00,-62.00643014,-8.5,highData,0,0,1,0,0
47.54260867,7.58371693,316,2008-03-14 23:00:00+00:00,-58.24612426,-7.88,highData,0,0,1,0,0
47.54260867,7.58371693,316,2008-04-14 22:00:00+00:00,-81.57874164,-10.73,highData,0,0,1,0,0
47.54260867,7.58371693,316,2008-05-14 22:00:00+00:00,-47.19478668,-6.26,highData,0,0,1,0,0
47.54260867,7.58371693,316,2008-06-14 22:00:00+00:00,-47.19496585,-6.51,highData,0,0,1,0,0
47.54260867,7.58371693,316,2008-07-14 22:00:00+00:00,-26.28930766,-4.36,highData,0,0,1,0,0
47.54260867,7.58371693,316,2008-08-14 22:00:00+00:00,-29.45637813,-4.6,highData,0,0,1,0,0
47.54260867,7.58371693,316,2008-09-14 22:00:00+00:00,-61.24115279,-8.79,highData,0,0,1,0,0
47.54260867,7.58371693,316,2008-10-14 22:00:00+00:00,-91.96888229,-12.8,highData,0,0,1,0,0
47.54260867,7.58371693,316,2008-11-14 23:00:00+00:00,-89.88374997,-12.09,highData,0,0,1,0,0
47.54260867,7.58371693,316,2008-12-14 23:00:00+00:00,-134.4502205,-17.57,highData,0,0,1,0,0
47.54260867,7.58371693,316,2009-01-14 23:00:00+00:00,-78.8,-10.26,highData,0,0,1,0,0
47.54260867,7.58371693,316,2009-02-14 23:00:00+00:00,-99.3,-13.21,highData,0,0,1,0,0
47.54260867,7.58371693,316,2009-03-14 23:00:00+00:00,-84.9,-11.63,highData,0,0,1,0,0
47.54260867,7.58371693,316,2009-04-14 22:00:00+00:00,-47.0,-6.23,highData,0,0,1,0,0
47.54260867,7.58371693,316,2009-05-14 22:00:00+00:00,-27.1,-4.26,highData,0,0,1,0,0
47.54260867,7.58371693,316,2009-06-14 22:00:00+00:00,-44.9,-5.9,highData,0,0,1,0,0
47.54260867,7.58371693,316,2009-07-14 22:00:00+00:00,-25.9,-4.42,highData,0,0,1,0,0
47.54260867,7.58371693,316,2009-08-14 22:00:00+00:00,-44.1,-6.51,highData,0,0,1,0,0
47.54260867,7.58371693,316,2009-09-14 22:00:00+00:00,-34.6,-5.48,highData,0,0,1,0,0
47.54260867,7.58371693,316,2009-10-14 22:00:00+00:00,-55.9,-7.89,highData,0,0,1,0,0
47.54260867,7.58371693,316,2009-11-14 23:00:00+00:00,-102.4,-13.82,highData,0,0,1,0,0
47.54260867,7.58371693,316,2009-12-14 23:00:00+00:00,-90.3,-12.32,highData,0,0,1,0,0
47.54260867,7.58371693,316,2010-01-14 23:00:00+00:00,-117.4,-15.69,highData,0,0,1,0,0
47.54260867,7.58371693,316,2010-02-14 23:00:00+00:00,-99.3,-12.81,highData,0,0,1,0,0
47.54260867,7.58371693,316,2010-03-14 23:00:00+00:00,-93.0,-12.5,highData,0,0,1,0,0
47.54260867,7.58371693,316,2010-04-14 22:00:00+00:00,-58.8,-8.52,highData,0,0,1,0,0
47.54260867,7.58371693,316,2010-05-14 22:00:00+00:00,-58.2,-8.21,highData,0,0,1,0,0
47.54260867,7.58371693,316,2010-06-14 22:00:00+00:00,-61.9,-8.71,highData,0,0,1,0,0
47.54260867,7.58371693,316,2010-07-14 22:00:00+00:00,-40.2,-5.8,highData,0,0,1,0,0
47.54260867,7.58371693,316,2010-08-14 22:00:00+00:00,-60.2,-8.4,highData,0,0,1,0,0
47.54260867,7.58371693,316,2010-09-14 22:00:00+00:00,-48.8,-7.12,highData,0,0,1,0,0
47.54260867,7.58371693,316,2010-10-14 22:00:00+00:00,-72.0,-10.1,highData,0,0,1,0,0
47.54260867,7.58371693,316,2010-11-14 23:00:00+00:00,-112.6,-15.21,highData,0,0,1,0,0
47.54260867,7.58371693,316,2010-12-14 23:00:00+00:00,-105.9,-14.44,highData,0,0,1,0,0
47.54260867,7.58371693,316,2011-01-14 23:00:00+00:00,-76.7,-10.25,highData,0,0,1,0,0
47.54260867,7.58371693,316,2011-02-14 23:00:00+00:00,-92.0,-12.45,highData,0,0,1,0,0
47.54260867,7.58371693,316,2011-03-14 23:00:00+00:00,-69.4,-9.17,highData,0,0,1,0,0
47.54260867,7.58371693,316,2011-04-14 22:00:00+00:00,-37.3,-5.43,highData,0,0,1,0,0
47.54260867,7.58371693,316,2011-05-14 22:00:00+00:00,-36.5,-5.61,highData,0,0,1,0,0
47.54260867,7.58371693,316,2011-06-14 22:00:00+00:00,-38.2,-5.81,highData,0,0,1,0,0
47.54260867,7.58371693,316,2011-07-14 22:00:00+00:00,-42.1,-6.6,highData,0,0,1,0,0
47.54260867,7.58371693,316,2011-08-14 22:00:00+00:00,-39.6,-5.64,highData,0,0,1,0,0
47.54260867,7.58371693,316,2011-09-14 22:00:00+00:00,-34.7,-5.39,highData,0,0,1,0,0
47.54260867,7.58371693,316,2011-10-14 22:00:00+00:00,-69.2,-9.76,highData,0,0,1,0,0
47.54260867,7.58371693,316,2011-12-14 23:00:00+00:00,-65.6,-9.34,highData,0,0,1,0,0
47.54260867,7.58371693,316,2012-01-14 23:00:00+00:00,-70.4,-10.04,highData,0,0,1,0,0
47.54260867,7.58371693,316,2012-02-14 23:00:00+00:00,-117.5,-15.68,highData,0,0,1,0,0
47.54260867,7.58371693,316,2012-03-14 23:00:00+00:00,-68.4,-9.38,highData,0,0,1,0,0
47.54260867,7.58371693,316,2012-04-14 22:00:00+00:00,-56.7,-8.08,highData,0,0,1,0,0
47.54260867,7.58371693,316,2012-05-14 22:00:00+00:00,-44.0,-6.23,highData,0,0,1,0,0
47.54260867,7.58371693,316,2012-06-14 22:00:00+00:00,-46.2,-6.6,highData,0,0,1,0,0
47.54260867,7.58371693,316,2012-07-14 22:00:00+00:00,-32.6,-5.32,highData,0,0,1,0,0
47.54260867,7.58371693,316,2012-08-14 22:00:00+00:00,-37.5,-5.84,highData,0,0,1,0,0
47.54260867,7.58371693,316,2012-09-14 22:00:00+00:00,-37.2,-5.62,highData,0,0,1,0,0
47.54260867,7.58371693,316,2012-10-14 22:00:00+00:00,-77.4,-10.79,highData,0,0,1,0,0
47.54260867,7.58371693,316,2012-11-14 23:00:00+00:00,-96.4,-12.91,highData,0,0,1,0,0
47.54260867,7.58371693,316,2013-01-14 23:00:00+00:00,-99.0,-13.28,highData,0,0,1,0,0
47.54260867,7.58371693,316,2013-02-14 23:00:00+00:00,-101.5,-13.94,highData,0,0,1,0,0
47.54260867,7.58371693,316,2013-03-14 23:00:00+00:00,-97.4,-13.26,highData,0,0,1,0,0
47.54260867,7.58371693,316,2013-04-14 22:00:00+00:00,-64.1,-8.88,highData,0,0,1,0,0
47.54260867,7.58371693,316,2013-05-14 22:00:00+00:00,-67.8,-9.26,highData,0,0,1,0,0
47.54260867,7.58371693,316,2013-06-14 22:00:00+00:00,-50.8,-7.45,highData,0,0,1,0,0
47.54260867,7.58371693,316,2013-07-14 22:00:00+00:00,-49.4,-6.98,highData,0,0,1,0,0
47.54260867,7.58371693,316,2013-08-14 22:00:00+00:00,-34.8,-5.54,highData,0,0,1,0,0
47.54260867,7.58371693,316,2013-09-14 22:00:00+00:00,-43.0,-6.81,highData,0,0,1,0,0
47.54260867,7.58371693,316,2013-10-14 22:00:00+00:00,-59.0,-8.19,highData,0,0,1,0,0
47.54260867,7.58371693,316,2013-11-14 23:00:00+00:00,-96.3,-13.15,highData,0,0,1,0,0
47.54260867,7.58371693,316,2013-12-14 23:00:00+00:00,-137.7,-17.77,highData,0,0,1,0,0
47.54260867,7.58371693,316,2014-01-14 23:00:00+00:00,-85.7,-11.27,highData,0,0,1,0,0
47.54260867,7.58371693,316,2014-02-14 23:00:00+00:00,-82.7,-11.26,highData,0,0,1,0,0
47.54260867,7.58371693,316,2014-03-14 23:00:00+00:00,-71.0,-9.36,highData,0,0,1,0,0
47.54260867,7.58371693,316,2014-04-14 22:00:00+00:00,-65.1,-8.42,highData,0,0,1,0,0
47.54260867,7.58371693,316,2014-05-14 22:00:00+00:00,-49.1,-7.08,highData,0,0,1,0,0
47.54260867,7.58371693,316,2014-06-14 22:00:00+00:00,-24.7,-4.38,highData,0,0,1,0,0
47.54260867,7.58371693,316,2014-07-14 22:00:00+00:00,-50.2,-7.23,highData,0,0,1,0,0
47.54260867,7.58371693,316,2014-08-14 22:00:00+00:00,-37.1,-5.16,highData,0,0,1,0,0
47.54260867,7.58371693,316,2014-09-14 22:00:00+00:00,-51.5,-7.54,highData,0,0,1,0,0
47.54260867,7.58371693,316,2014-10-14 22:00:00+00:00,-39.7,-6.14,highData,0,0,1,0,0
47.54260867,7.58371693,316,2014-11-14 23:00:00+00:00,-143.9,-18.94,highData,0,0,1,0,0
47.54260867,7.58371693,316,2014-12-14 23:00:00+00:00,-92.6,-12.78,highData,0,0,1,0,0
47.54260867,7.58371693,316,2015-01-14 23:00:00+00:00,-103.8,-13.96,highData,0,0,1,0,0
47.54260867,7.58371693,316,2015-02-14 23:00:00+00:00,-92.5,-12.02,highData,0,0,1,0,0
47.54260867,7.58371693,316,2015-03-14 23:00:00+00:00,-68.0,-8.85,highData,0,0,1,0,0
47.54260867,7.58371693,316,2015-04-14 22:00:00+00:00,-75.1,-10.12,highData,0,0,1,0,0
47.54260867,7.58371693,316,2015-05-14 22:00:00+00:00,-72.3,-9.68,highData,0,0,1,0,0
47.54260867,7.58371693,316,2015-06-14 22:00:00+00:00,-44.3,-6.6,highData,0,0,1,0,0
47.54260867,7.58371693,316,2015-07-14 22:00:00+00:00,-26.4,-3.4,highData,0,0,1,0,0
47.54260867,7.58371693,316,2015-08-14 22:00:00+00:00,-30.0,-4.55,highData,0,0,1,0,0
47.54260867,7.58371693,316,2015-09-14 22:00:00+00:00,-62.9,-8.48,highData,0,0,1,0,0
47.54260867,7.58371693,316,2015-10-14 22:00:00+00:00,-79.1,-10.96,highData,0,0,1,0,0
47.54260867,7.58371693,316,2015-11-14 23:00:00+00:00,-93.4,-12.41,highData,0,0,1,0,0
47.54260867,7.58371693,316,2015-12-14 23:00:00+00:00,-53.2,-7.68,highData,0,0,1,0,0
47.54260867,7.58371693,316,2016-01-14 23:00:00+00:00,-105.2,-14.0,highData,0,0,1,0,0
47.54260867,7.58371693,316,2016-02-14 23:00:00+00:00,-87.3,-11.95,highData,0,0,1,0,0
47.54260867,7.58371693,316,2016-03-14 23:00:00+00:00,-95.3,-12.39,highData,0,0,1,0,0
47.54260867,7.58371693,316,2016-04-14 22:00:00+00:00,-61.1,-8.98,highData,0,0,1,0,0
47.54260867,7.58371693,316,2016-05-14 22:00:00+00:00,-60.4,-8.58,highData,0,0,1,0,0
47.54260867,7.58371693,316,2016-06-14 22:00:00+00:00,-65.1,-8.78,highData,0,0,1,0,0
47.54260867,7.58371693,316,2016-07-14 22:00:00+00:00,-27.7,-4.3,highData,0,0,1,0,0
47.54260867,7.58371693,316,2016-08-14 22:00:00+00:00,-30.8,-5.1,highData,0,0,1,0,0
47.54260867,7.58371693,316,2016-09-14 22:00:00+00:00,-58.2,-8.52,highData,0,0,1,0,0
47.54260867,7.58371693,316,2016-10-14 22:00:00+00:00,-59.1,-8.74,highData,0,0,1,0,0
47.54260867,7.58371693,316,2016-11-14 23:00:00+00:00,-71.1,-10.19,highData,0,0,1,0,0
47.54260867,7.58371693,316,2016-12-14 23:00:00+00:00,-60.4,-8.56,highData,0,0,1,0,0
47.54260867,7.58371693,316,2018-01-14 23:00:00+00:00,-62.8,-8.8,highData,0,0,1,0,0
47.54260867,7.58371693,316,2018-12-14 23:00:00+00:00,-64.5,-9.0,highData,0,0,1,0,0
47.54260867,7.58371693,316,2019-01-14 23:00:00+00:00,-68.46,-9.85,highData,0,0,1,0,0
47.54260867,7.58371693,316,2019-02-14 23:00:00+00:00,-118.68,-15.46,highData,0,0,1,0,0
47.54260867,7.58371693,316,2020-07-14 22:00:00+00:00,-25.74,-3.66,highData,0,0,1,0,0
47.54260867,7.58371693,316,2012-12-14 23:00:00+00:00,-85.6,-11.73,highData,0,0,1,0,0
47.54260867,7.58371693,316,2017-03-14 23:00:00+00:00,-66.0,-9.33,highData,0,0,1,0,0
47.54260867,7.58371693,316,2017-05-14 22:00:00+00:00,-49.1,-7.14,highData,0,0,1,0,0
47.54260867,7.58371693,316,2017-06-14 22:00:00+00:00,-40.6,-5.69,highData,0,0,1,0,0
47.54260867,7.58371693,316,2017-07-14 22:00:00+00:00,-28.8,-4.01,highData,0,0,1,0,0
47.54260867,7.58371693,316,2017-08-14 22:00:00+00:00,-34.0,-5.25,highData,0,0,1,0,0
47.54260867,7.58371693,316,2017-09-14 22:00:00+00:00,-63.1,-8.91,highData,0,0,1,0,0
47.54260867,7.58371693,316,2017-10-14 22:00:00+00:00,-36.3,-5.6,highData,0,0,1,0,0
47.54260867,7.58371693,316,2018-03-14 23:00:00+00:00,-91.1,-11.85,highData,0,0,1,0,0
47.54260867,7.58371693,316,2018-04-14 22:00:00+00:00,-47.1,-6.42,highData,0,0,1,0,0
47.54260867,7.58371693,316,2018-05-14 22:00:00+00:00,-42.0,-6.47,highData,0,0,1,0,0
47.54260867,7.58371693,316,2018-06-14 22:00:00+00:00,-38.7,-5.85,highData,0,0,1,0,0
47.54260867,7.58371693,316,2018-07-14 22:00:00+00:00,-45.3,-6.77,highData,0,0,1,0,0
47.54260867,7.58371693,316,2018-08-14 22:00:00+00:00,-33.1,-5.39,highData,0,0,1,0,0
47.54260867,7.58371693,316,2018-09-14 22:00:00+00:00,-29.4,-4.56,highData,0,0,1,0,0
47.54260867,7.58371693,316,2018-10-14 22:00:00+00:00,-119.1,-16.23,highData,0,0,1,0,0
47.54260867,7.58371693,316,2019-05-14 22:00:00+00:00,-60.31,-8.46,highData,0,0,1,0,0
47.54260867,7.58371693,316,2019-06-14 22:00:00+00:00,-35.23,-5.55,highData,0,0,1,0,0
47.54260867,7.58371693,316,2019-07-14 22:00:00+00:00,-38.0,-5.65,highData,0,0,1,0,0
47.54260867,7.58371693,316,2019-08-14 22:00:00+00:00,-34.87,-5.4,highData,0,0,1,0,0
47.54260867,7.58371693,316,2019-09-14 22:00:00+00:00,-60.16,-8.7,highData,0,0,1,0,0
47.54260867,7.58371693,316,2019-10-14 22:00:00+00:00,-49.5,-7.43,highData,0,0,1,0,0
47.54260867,7.58371693,316,2019-11-14 23:00:00+00:00,-86.48,-11.57,highData,0,0,1,0,0
47.54260867,7.58371693,316,2020-02-14 23:00:00+00:00,-46.73,-6.89,highData,0,0,1,0,0
47.54260867,7.58371693,316,2020-03-14 23:00:00+00:00,-50.55,-7.18,highData,0,0,1,0,0
47.54260867,7.58371693,316,2020-04-14 22:00:00+00:00,-49.37,-6.17,highData,0,0,1,0,0
47.54260867,7.58371693,316,2020-05-14 22:00:00+00:00,-37.39,-6.04,highData,0,0,1,0,0
47.54260867,7.58371693,316,2020-06-14 22:00:00+00:00,-40.35,-5.9,highData,0,0,1,0,0
47.54260867,7.58371693,316,2020-08-14 22:00:00+00:00,-40.57,-5.98,highData,0,0,1,0,0
47.54260867,7.58371693,316,2020-09-14 22:00:00+00:00,-49.3,-7.38,highData,0,0,1,0,0
47.54260867,7.58371693,316,2020-10-14 22:00:00+00:00,-73.8,-10.33,highData,0,0,1,0,0
47.54260867,7.58371693,316,2020-11-14 23:00:00+00:00,-42.64,-6.44,highData,0,0,1,0,0
47.54260867,7.58371693,316,2020-12-14 23:00:00+00:00,-106.24,-14.36,highData,0,0,1,0,0
47.54260867,7.58371693,316,2021-01-14 23:00:00+00:00,-83.99,-11.58,highData,0,0,1,0,0
47.54260867,7.58371693,316,2021-02-14 23:00:00+00:00,-80.08,-10.9,highData,0,0,1,0,0
47.54260867,7.58371693,316,2021-03-14 23:00:00+00:00,-52.14,-7.66,highData,0,0,1,0,0
47.54260867,7.58371693,316,2021-04-14 22:00:00+00:00,-90.24,-12.37,highData,0,0,1,0,0
47.54260867,7.58371693,316,2021-05-14 22:00:00+00:00,-67.58,-9.25,highData,0,0,1,0,0
47.54260867,7.58371693,316,2021-06-14 22:00:00+00:00,-42.48,-6.23,highData,0,0,1,0,0
47.54260867,7.58371693,316,2021-07-14 22:00:00+00:00,-52.66,-7.52,highData,0,0,1,0,0
47.54260867,7.58371693,316,2021-08-14 22:00:00+00:00,-49.84,-7.05,highData,0,0,1,0,0
47.54260867,7.58371693,316,2021-09-14 22:00:00+00:00,-41.48,-6.38,highData,0,0,1,0,0
47.54260867,7.58371693,316,2021-10-14 22:00:00+00:00,-61.91,-8.61,highData,0,0,1,0,0
47.54260867,7.58371693,316,2021-11-14 23:00:00+00:00,-71.94,-10.46,highData,0,0,1,0,0
47.54260867,7.58371693,316,2021-12-14 23:00:00+00:00,-89.14,-11.89,highData,0,0,1,0,0
47.54260867,7.58371693,316,2017-04-14 22:00:00+00:00,-65.2,-9.8,highData,0,0,1,0,0
47.54260867,7.58371693,316,2019-04-14 22:00:00+00:00,-99.67,-13.58,highData,0,0,1,0,0
47.54260867,7.58371693,316,2017-01-14 23:00:00+00:00,-72.0,-10.24,highData,0,0,1,0,0
47.54260867,7.58371693,316,2017-11-14 23:00:00+00:00,-80.7,-11.14,highData,0,0,1,0,0
47.54260867,7.58371693,316,2022-01-14 23:00:00+00:00,-64.8,-9.28,highData,0,0,1,0,0
47.54260867,7.58371693,316,2022-02-14 23:00:00+00:00,-44.5,-6.84,highData,0,0,1,0,0
47.54260867,7.58371693,316,2022-03-14 23:00:00+00:00,-56.5,-8.89,highData,0,0,1,0,0
47.54260867,7.58371693,316,2022-04-14 22:00:00+00:00,-76.4,-10.67,highData,0,0,1,0,0
47.54260867,7.58371693,316,2022-05-14 22:00:00+00:00,-24.1,-4.02,highData,0,0,1,0,0
47.54260867,7.58371693,316,2017-02-14 23:00:00+00:00,-86.9,-12.19,highData,0,0,1,0,0
47.54260867,7.58371693,316,2017-12-14 23:00:00+00:00,-93.2,-12.54,highData,0,0,1,0,0
47.54260867,7.58371693,316,2018-11-14 23:00:00+00:00,-87.1,-11.95,highData,0,0,1,0,0
47.54260867,7.58371693,316,2019-03-14 23:00:00+00:00,-46.13,-6.64,highData,0,0,1,0,0
47.54260867,7.58371693,316,2019-12-14 23:00:00+00:00,-79.6,-10.59,highData,0,0,1,0,0
47.54260867,7.58371693,316,2018-02-14 23:00:00+00:00,-73.4,-10.17,highData,0,0,1,0,0
47.54260867,7.58371693,316,2022-06-14 22:00:00+00:00,-32.5,-5.16,highData,0,0,1,0,0
47.54260867,7.58371693,316,2022-08-14 22:00:00+00:00,-32.1,-5.29,highData,0,0,1,0,0
47.54260867,7.58371693,316,2022-09-14 22:00:00+00:00,-50.7,-7.38,highData,0,0,1,0,0
47.54260867,7.58371693,316,2022-10-14 22:00:00+00:00,-35.1,-5.04,highData,0,0,1,0,0
47.54260867,7.58371693,316,2022-11-14 23:00:00+00:00,-57.9,-7.83,highData,0,0,1,0,0
47.54260867,7.58371693,316,2022-12-14 23:00:00+00:00,-74.6,-10.25,highData,0,0,1,0,0
47.54260867,7.58371693,316,2022-07-14 22:00:00+00:00,-22.8,-3.67,highData,0,0,1,0,0
47.54260867,7.58371693,316,2023-01-14 23:00:00+00:00,-105.5,-14.21,highData,0,0,1,0,0
47.54260867,7.58371693,316,2023-03-14 23:00:00+00:00,-46.62,-6.51,highData,0,0,1,0,0
47.54260867,7.58371693,316,2023-04-14 22:00:00+00:00,-56.63,-7.85,highData,0,0,1,0,0
47.54260867,7.58371693,316,2023-05-14 22:00:00+00:00,-50.46,-7.05,highData,0,0,1,0,0
47.54260867,7.58371693,316,2023-06-14 22:00:00+00:00,-33.39,-5.21,highData,0,0,1,0,0
47.54260867,7.58371693,316,2023-07-14 22:00:00+00:00,-29.55,-4.19,highData,0,0,1,0,0
47.54260867,7.58371693,316,2023-08-14 22:00:00+00:00,-34.99,-4.95,highData,0,0,1,0,0
47.54260867,7.58371693,316,2023-09-14 22:00:00+00:00,-41.03,-6.02,highData,0,0,1,0,0
47.54260867,7.58371693,316,2023-10-14 22:00:00+00:00,-78.43,-10.41,highData,0,0,1,0,0
47.54260867,7.58371693,316,2023-11-14 23:00:00+00:00,-86.43,-11.44,highData,0,0,1,0,0
47.54260867,7.58371693,316,2023-12-14 23:00:00+00:00,-86.95,-11.58,highData,0,0,1,0,0
47.54260867,7.58371693,316,2023-02-14 23:00:00+00:00,-39.55,-6.32,highData,0,0,1,0,0
23.27,5.6,2726,1992-05-14 22:00:00+00:00,3.0,-0.99,aridData,0,1,0,0,0
23.27,5.6,2726,1992-07-14 22:00:00+00:00,20.0,3.4,aridData,0,1,0,0,0
23.27,5.6,2726,1992-08-14 22:00:00+00:00,-7.4,-0.97,aridData,0,1,0,0,0
23.27,5.6,2726,1993-08-14 22:00:00+00:00,-27.2,-5.05,aridData,0,1,0,0,0
23.27,5.6,2726,1993-09-14 22:00:00+00:00,-18.7,-4.4,aridData,0,1,0,0,0
23.27,5.6,2726,1993-10-14 22:00:00+00:00,5.1,2.28,aridData,0,1,0,0,0
23.27,5.6,2726,1993-11-14 23:00:00+00:00,-41.9,-7.8,aridData,0,1,0,0,0
23.27,5.6,2726,1994-01-14 23:00:00+00:00,2.4,-1.65,aridData,0,1,0,0,0
23.27,5.6,2726,1994-03-14 23:00:00+00:00,12.4,-0.6,aridData,0,1,0,0,0
23.27,5.6,2726,1994-08-14 22:00:00+00:00,-3.7,-1.13,aridData,0,1,0,0,0
23.27,5.6,2726,1994-09-14 22:00:00+00:00,-17.5,-2.99,aridData,0,1,0,0,0
23.27,5.6,2726,1994-10-14 22:00:00+00:00,-69.3,-11.16,aridData,0,1,0,0,0
23.27,5.6,2726,1995-03-14 23:00:00+00:00,-35.6,-6.47,aridData,0,1,0,0,0
23.27,5.6,2726,1995-04-14 22:00:00+00:00,-15.1,-3.52,aridData,0,1,0,0,0
23.27,5.6,2726,1995-05-14 22:00:00+00:00,-16.0,-3.3,aridData,0,1,0,0,0
23.27,5.6,2726,1995-06-14 22:00:00+00:00,1.8,0.87,aridData,0,1,0,0,0
23.27,5.6,2726,1995-07-14 22:00:00+00:00,7.6,0.94,aridData,0,1,0,0,0
23.27,5.6,2726,1995-08-14 22:00:00+00:00,-6.2,-1.17,aridData,0,1,0,0,0
23.27,5.6,2726,1995-09-14 22:00:00+00:00,-10.8,-1.68,aridData,0,1,0,0,0
23.27,5.6,2726,1995-10-14 22:00:00+00:00,-7.3,-2.01,aridData,0,1,0,0,0
23.27,5.6,2726,1995-12-14 23:00:00+00:00,-38.0,-5.9,aridData,0,1,0,0,0
23.27,5.6,2726,1996-03-14 23:00:00+00:00,-13.3,-5.17,aridData,0,1,0,0,0
23.27,5.6,2726,1996-04-14 22:00:00+00:00,-10.4,-3.93,aridData,0,1,0,0,0
23.27,5.6,2726,1998-05-14 22:00:00+00:00,-36.0,-5.73,aridData,0,1,0,0,0
23.27,5.6,2726,1998-06-14 22:00:00+00:00,-6.9,-1.08,aridData,0,1,0,0,0
23.27,5.6,2726,1998-07-14 22:00:00+00:00,-13.4,-2.66,aridData,0,1,0,0,0
23.27,5.6,2726,1998-08-14 22:00:00+00:00,-24.9,-4.43,aridData,0,1,0,0,0
23.27,5.6,2726,1998-09-14 22:00:00+00:00,-23.5,-3.64,aridData,0,1,0,0,0
23.27,5.6,2726,1999-08-14 22:00:00+00:00,-18.4,-1.945,aridData,0,1,0,0,0
23.27,5.6,2726,1999-09-14 22:00:00+00:00,-23.75,-4.49,aridData,0,1,0,0,0
23.27,5.6,2726,2001-08-14 22:00:00+00:00,9.35,0.45,aridData,0,1,0,0,0
23.27,5.6,2726,2002-06-14 22:00:00+00:00,10.1,-0.62,aridData,0,1,0,0,0
23.27,5.6,2726,2003-02-14 23:00:00+00:00,-20.3,-5.11,aridData,0,1,0,0,0
23.27,5.6,2726,1999-12-31 23:00:00+00:00,-85.3,-11.98,aridData,0,1,0,0,0
23.27,5.6,2726,2000-06-21 22:00:00+00:00,-3.5,-2.25,aridData,0,1,0,0,0
23.27,5.6,2726,2000-08-02 22:00:00+00:00,-26.35,-4.58,aridData,0,1,0,0,0
23.27,5.6,2726,2000-08-03 22:00:00+00:00,6.9,1.53,aridData,0,1,0,0,0
23.27,5.6,2726,2001-05-28 22:00:00+00:00,-20.2,-1.83,aridData,0,1,0,0,0
23.27,5.6,2726,2001-08-22 22:00:00+00:00,23.55,4.53,aridData,0,1,0,0,0
23.27,5.6,2726,2001-08-23 22:00:00+00:00,12.75,1.59,aridData,0,1,0,0,0
23.27,5.6,2726,2001-08-26 22:00:00+00:00,8.5,1.32,aridData,0,1,0,0,0
23.27,5.6,2726,2001-08-28 22:00:00+00:00,10.2,0.17,aridData,0,1,0,0,0
23.27,5.6,2726,2001-08-29 22:00:00+00:00,12.45,0.28,aridData,0,1,0,0,0
23.27,5.6,2726,2001-08-31 22:00:00+00:00,33.95,5.32,aridData,0,1,0,0,0
23.27,5.6,2726,2002-05-31 22:00:00+00:00,-12.1,-2.53,aridData,0,1,0,0,0
23.27,5.6,2726,2002-07-31 22:00:00+00:00,-3.1,-2.34,aridData,0,1,0,0,0
23.27,5.6,2726,2001-10-02 22:00:00+00:00,-2.35,1.49,aridData,0,1,0,0,0
23.27,5.6,2726,2002-05-28 22:00:00+00:00,8.8,2.31,aridData,0,1,0,0,0
23.27,5.6,2726,2005-06-12 22:00:00+00:00,-8.55,-1.9,aridData,0,1,0,0,0
23.27,5.6,2726,2005-09-05 22:00:00+00:00,7.08,0.52,aridData,0,1,0,0,0
23.27,5.6,2726,2002-10-03 22:00:00+00:00,10.3,-1.29,aridData,0,1,0,0,0
23.27,5.6,2726,2005-08-07 22:00:00+00:00,17.52,1.93,aridData,0,1,0,0,0
23.27,5.6,2726,2005-09-03 22:00:00+00:00,-11.44,-3.81,aridData,0,1,0,0,0
23.27,5.6,2726,1999-08-18 22:00:00+00:00,-1.05,0.225,aridData,0,1,0,0,0
23.27,5.6,2726,1999-08-20 22:00:00+00:00,-22.7,-4.425,aridData,0,1,0,0,0
23.27,5.6,2726,1999-08-21 22:00:00+00:00,-22.4,-4.0,aridData,0,1,0,0,0
23.27,5.6,2726,1999-08-22 22:00:00+00:00,-23.0,-4.86,aridData,0,1,0,0,0
23.27,5.6,2726,1999-08-28 22:00:00+00:00,-12.1,-2.765,aridData,0,1,0,0,0
23.27,5.6,2726,1999-09-11 22:00:00+00:00,-28.9,-4.785,aridData,0,1,0,0,0
23.27,5.6,2726,1999-09-12 22:00:00+00:00,1.75,-1.295,aridData,0,1,0,0,0
23.27,5.6,2726,1999-09-13 22:00:00+00:00,-17.2,-2.94,aridData,0,1,0,0,0
23.27,5.6,2726,1999-09-15 22:00:00+00:00,-5.55,-0.645,aridData,0,1,0,0,0
23.27,5.6,2726,1999-09-17 22:00:00+00:00,9.6,1.74,aridData,0,1,0,0,0
23.27,5.6,2726,1999-09-18 22:00:00+00:00,-16.5,-2.925,aridData,0,1,0,0,0
23.27,5.6,2726,1999-09-19 22:00:00+00:00,-7.3,-1.13,aridData,0,1,0,0,0
23.27,5.6,2726,1999-10-06 22:00:00+00:00,-9.1,-2.71,aridData,0,1,0,0,0
23.27,5.6,2726,1999-10-08 22:00:00+00:00,-15.75,-3.375,aridData,0,1,0,0,0
23.27,5.6,2726,1999-10-09 22:00:00+00:00,-16.05,-2.255,aridData,0,1,0,0,0
23.27,5.6,2726,2000-01-11 23:00:00+00:00,-27.1,-6.22,aridData,0,1,0,0,0
23.27,5.6,2726,2000-01-24 23:00:00+00:00,0.45,-0.36,aridData,0,1,0,0,0
23.27,5.6,2726,2000-05-05 22:00:00+00:00,-26.75,-4.09,aridData,0,1,0,0,0
23.27,5.6,2726,2000-05-27 22:00:00+00:00,26.05,3.52,aridData,0,1,0,0,0
23.27,5.6,2726,2000-06-04 22:00:00+00:00,-7.75,-2.89,aridData,0,1,0,0,0
23.27,5.6,2726,2000-06-18 22:00:00+00:00,31.7,5.51,aridData,0,1,0,0,0
23.27,5.6,2726,2000-07-24 22:00:00+00:00,43.35,6.91,aridData,0,1,0,0,0
23.27,5.6,2726,2000-07-25 22:00:00+00:00,37.4,5.74,aridData,0,1,0,0,0
23.27,5.6,2726,2000-07-26 22:00:00+00:00,-5.95,-1.06,aridData,0,1,0,0,0
23.27,5.6,2726,2000-08-06 22:00:00+00:00,-4.7,-2.31,aridData,0,1,0,0,0
23.27,5.6,2726,2000-08-18 22:00:00+00:00,8.1,0.53,aridData,0,1,0,0,0
23.27,5.6,2726,2000-08-19 22:00:00+00:00,-6.6,-2.85,aridData,0,1,0,0,0
23.27,5.6,2726,2000-08-24 22:00:00+00:00,11.45,0.97,aridData,0,1,0,0,0
23.27,5.6,2726,2000-09-15 22:00:00+00:00,-7.4,-2.42,aridData,0,1,0,0,0
23.27,5.6,2726,2000-09-16 22:00:00+00:00,-28.65,-5.78,aridData,0,1,0,0,0
23.27,5.6,2726,2000-09-19 22:00:00+00:00,27.1,2.48,aridData,0,1,0,0,0
23.27,5.6,2726,2000-10-06 22:00:00+00:00,12.1,1.77,aridData,0,1,0,0,0
23.27,5.6,2726,2000-10-17 22:00:00+00:00,-38.4,-7.5,aridData,0,1,0,0,0
23.27,5.6,2726,2000-10-28 22:00:00+00:00,-53.5,-8.14,aridData,0,1,0,0,0
23.27,5.6,2726,2001-05-26 22:00:00+00:00,-20.2,-1.83,aridData,0,1,0,0,0
23.27,5.6,2726,2001-08-18 22:00:00+00:00,-4.3,-2.16,aridData,0,1,0,0,0
23.27,5.6,2726,2001-08-24 22:00:00+00:00,26.15,3.41,aridData,0,1,0,0,0
23.27,5.6,2726,2001-08-25 22:00:00+00:00,27.95,3.78,aridData,0,1,0,0,0
23.27,5.6,2726,2001-08-27 22:00:00+00:00,-0.4,0.28,aridData,0,1,0,0,0
23.27,5.6,2726,2001-09-02 22:00:00+00:00,19.05,2.76,aridData,0,1,0,0,0
23.27,5.6,2726,2001-10-13 22:00:00+00:00,-2.35,1.49,aridData,0,1,0,0,0
23.27,5.6,2726,2002-04-04 22:00:00+00:00,13.8,2.21,aridData,0,1,0,0,0
23.27,5.6,2726,2002-05-04 22:00:00+00:00,13.8,2.21,aridData,0,1,0,0,0
23.27,5.6,2726,2002-05-29 22:00:00+00:00,-10.0,-0.88,aridData,0,1,0,0,0
23.27,5.6,2726,2002-05-30 22:00:00+00:00,33.9,8.81,aridData,0,1,0,0,0
23.27,5.6,2726,2002-06-01 22:00:00+00:00,-7.4,-1.35,aridData,0,1,0,0,0
23.27,5.6,2726,2002-06-03 22:00:00+00:00,27.4,4.61,aridData,0,1,0,0,0
23.27,5.6,2726,2002-06-04 22:00:00+00:00,16.35,3.26,aridData,0,1,0,0,0
23.27,5.6,2726,2002-06-05 22:00:00+00:00,-11.95,-2.41,aridData,0,1,0,0,0
23.27,5.6,2726,2002-06-06 22:00:00+00:00,20.5,4.21,aridData,0,1,0,0,0
23.27,5.6,2726,2002-06-07 22:00:00+00:00,17.5,4.98,aridData,0,1,0,0,0
23.27,5.6,2726,2002-06-08 22:00:00+00:00,34.5,7.09,aridData,0,1,0,0,0
23.27,5.6,2726,2002-06-09 22:00:00+00:00,1.8,1.86,aridData,0,1,0,0,0
23.27,5.6,2726,2002-06-10 22:00:00+00:00,-0.8,1.35,aridData,0,1,0,0,0
23.27,5.6,2726,2002-06-11 22:00:00+00:00,-1.7,2.17,aridData,0,1,0,0,0
23.27,5.6,2726,2002-06-12 22:00:00+00:00,0.5,-2.16,aridData,0,1,0,0,0
23.27,5.6,2726,2002-06-13 22:00:00+00:00,-13.0,-4.47,aridData,0,1,0,0,0
23.27,5.6,2726,2002-06-15 22:00:00+00:00,10.3,-1.29,aridData,0,1,0,0,0
23.27,5.6,2726,2002-06-16 22:00:00+00:00,4.3,-1.23,aridData,0,1,0,0,0
23.27,5.6,2726,2002-06-17 22:00:00+00:00,16.0,-0.08,aridData,0,1,0,0,0
23.27,5.6,2726,2002-06-18 22:00:00+00:00,-5.3,-3.82,aridData,0,1,0,0,0
23.27,5.6,2726,2002-07-26 22:00:00+00:00,-7.4,-1.35,aridData,0,1,0,0,0
23.27,5.6,2726,2002-08-01 22:00:00+00:00,27.4,4.61,aridData,0,1,0,0,0
23.27,5.6,2726,2002-08-10 22:00:00+00:00,16.35,3.26,aridData,0,1,0,0,0
23.27,5.6,2726,2002-08-16 22:00:00+00:00,-11.95,-2.41,aridData,0,1,0,0,0
23.27,5.6,2726,2002-08-17 22:00:00+00:00,20.5,4.21,aridData,0,1,0,0,0
23.27,5.6,2726,2002-08-20 22:00:00+00:00,17.5,4.98,aridData,0,1,0,0,0
23.27,5.6,2726,2002-08-22 22:00:00+00:00,34.5,7.09,aridData,0,1,0,0,0
23.27,5.6,2726,2002-08-24 22:00:00+00:00,1.8,1.86,aridData,0,1,0,0,0
23.27,5.6,2726,2002-08-30 22:00:00+00:00,-0.8,1.35,aridData,0,1,0,0,0
23.27,5.6,2726,2002-09-23 22:00:00+00:00,-1.7,2.17,aridData,0,1,0,0,0
23.27,5.6,2726,2002-09-29 22:00:00+00:00,0.5,-2.16,aridData,0,1,0,0,0
23.27,5.6,2726,2002-10-01 22:00:00+00:00,-13.0,-4.47,aridData,0,1,0,0,0
23.27,5.6,2726,2002-10-02 22:00:00+00:00,10.1,-0.62,aridData,0,1,0,0,0
23.27,5.6,2726,2002-10-04 22:00:00+00:00,4.3,-1.23,aridData,0,1,0,0,0
23.27,5.6,2726,2002-10-06 22:00:00+00:00,16.0,-0.08,aridData,0,1,0,0,0
23.27,5.6,2726,2002-10-08 22:00:00+00:00,-5.3,-3.82,aridData,0,1,0,0,0
23.27,5.6,2726,2003-05-20 22:00:00+00:00,6.3,2.21,aridData,0,1,0,0,0
23.27,5.6,2726,2003-05-21 22:00:00+00:00,13.4,3.72,aridData,0,1,0,0,0
23.27,5.6,2726,2005-05-20 22:00:00+00:00,-8.69,-0.44,aridData,0,1,0,0,0
23.27,5.6,2726,2005-05-25 22:00:00+00:00,9.4,4.22,aridData,0,1,0,0,0
23.27,5.6,2726,2005-05-30 22:00:00+00:00,38.03,6.69,aridData,0,1,0,0,0
23.27,5.6,2726,2005-06-01 22:00:00+00:00,-4.43,-2.35,aridData,0,1,0,0,0
23.27,5.6,2726,2005-06-02 22:00:00+00:00,12.43,5.88,aridData,0,1,0,0,0
23.27,5.6,2726,2005-06-03 22:00:00+00:00,17.69,5.53,aridData,0,1,0,0,0
23.27,5.6,2726,2005-06-08 22:00:00+00:00,-13.71,-3.11,aridData,0,1,0,0,0
23.27,5.6,2726,2005-06-10 22:00:00+00:00,12.19,3.72,aridData,0,1,0,0,0
23.27,5.6,2726,2005-06-16 22:00:00+00:00,-23.58,-5.3,aridData,0,1,0,0,0
23.27,5.6,2726,2005-08-10 22:00:00+00:00,3.88,-0.53,aridData,0,1,0,0,0
23.27,5.6,2726,2005-08-17 22:00:00+00:00,16.73,3.07,aridData,0,1,0,0,0
23.27,5.6,2726,2005-08-25 22:00:00+00:00,1.91,0.36,aridData,0,1,0,0,0
23.27,5.6,2726,2005-08-30 22:00:00+00:00,17.4,4.78,aridData,0,1,0,0,0
23.27,5.6,2726,2005-08-31 22:00:00+00:00,-0.29,-1.14,aridData,0,1,0,0,0
23.27,5.6,2726,2005-09-01 22:00:00+00:00,-2.93,0.05,aridData,0,1,0,0,0
23.27,5.6,2726,2005-09-02 22:00:00+00:00,-12.12,-3.26,aridData,0,1,0,0,0
23.27,5.6,2726,2005-09-06 22:00:00+00:00,8.06,-0.56,aridData,0,1,0,0,0
23.27,5.6,2726,2005-09-08 22:00:00+00:00,-5.83,-2.79,aridData,0,1,0,0,0
23.27,5.6,2726,2005-09-27 22:00:00+00:00,34.13,4.0,aridData,0,1,0,0,0
23.27,5.6,2726,2005-09-28 22:00:00+00:00,21.1,3.61,aridData,0,1,0,0,0
23.27,5.6,2726,2005-10-02 22:00:00+00:00,-2.93,-2.6,aridData,0,1,0,0,0
23.27,5.6,2726,2005-10-17 22:00:00+00:00,-16.61,-2.17,aridData,0,1,0,0,0
69.1,-105.1166667,27,1989-03-14 23:00:00+00:00,-251.1,-33.61,northData,0,0,0,0,1
69.1,-105.1166667,27,1989-04-14 22:00:00+00:00,-236.2,-32.22,northData,0,0,0,0,1
69.1,-105.1166667,27,1989-05-14 22:00:00+00:00,-188.6,-25.12,northData,0,0,0,0,1
69.1,-105.1166667,27,1989-06-14 22:00:00+00:00,-144.5,-19.12,northData,0,0,0,0,1
69.1,-105.1166667,27,1989-07-14 22:00:00+00:00,-126.9,-16.47,northData,0,0,0,0,1
69.1,-105.1166667,27,1989-08-14 22:00:00+00:00,-127.9,-16.53,northData,0,0,0,0,1
69.1,-105.1166667,27,1989-09-14 22:00:00+00:00,-155.4,-18.92,northData,0,0,0,0,1
69.1,-105.1166667,27,1989-10-14 22:00:00+00:00,-188.7,-24.96,northData,0,0,0,0,1
69.1,-105.1166667,27,1989-11-14 23:00:00+00:00,-254.6,-33.2,northData,0,0,0,0,1
69.1,-105.1166667,27,1989-12-14 23:00:00+00:00,-263.8,-34.4,northData,0,0,0,0,1
69.1,-105.1166667,27,1990-01-14 23:00:00+00:00,-268.0,-35.07,northData,0,0,0,0,1
69.1,-105.1166667,27,1990-02-14 23:00:00+00:00,-250.8,-32.49,northData,0,0,0,0,1
69.1,-105.1166667,27,1990-03-14 23:00:00+00:00,-200.1,-26.28,northData,0,0,0,0,1
69.1,-105.1166667,27,1990-04-14 22:00:00+00:00,-217.4,-27.89,northData,0,0,0,0,1
69.1,-105.1166667,27,1990-05-14 22:00:00+00:00,-266.2,-33.39,northData,0,0,0,0,1
69.1,-105.1166667,27,1990-06-14 22:00:00+00:00,-176.8,-23.17,northData,0,0,0,0,1
69.1,-105.1166667,27,1990-07-14 22:00:00+00:00,-126.3,-15.72,northData,0,0,0,0,1
69.1,-105.1166667,27,1990-08-14 22:00:00+00:00,-158.2,-20.87,northData,0,0,0,0,1
69.1,-105.1166667,27,1990-09-14 22:00:00+00:00,-147.7,-19.14,northData,0,0,0,0,1
69.1,-105.1166667,27,1990-10-14 22:00:00+00:00,-194.6,-25.71,northData,0,0,0,0,1
69.1,-105.1166667,27,1990-11-14 23:00:00+00:00,-200.7,-27.01,northData,0,0,0,0,1
69.1,-105.1166667,27,1990-12-14 23:00:00+00:00,-240.8,-31.2,northData,0,0,0,0,1
69.1,-105.1166667,27,1991-01-14 23:00:00+00:00,-274.4,-35.15,northData,0,0,0,0,1
69.1,-105.1166667,27,1991-02-14 23:00:00+00:00,-226.1,-29.42,northData,0,0,0,0,1
69.1,-105.1166667,27,1991-03-14 23:00:00+00:00,-232.8,-30.45,northData,0,0,0,0,1
69.1,-105.1166667,27,1991-04-14 22:00:00+00:00,-207.9,-27.52,northData,0,0,0,0,1
69.1,-105.1166667,27,1991-05-14 22:00:00+00:00,-177.4,-23.54,northData,0,0,0,0,1
69.1,-105.1166667,27,1991-06-14 22:00:00+00:00,-124.4,-17.21,northData,0,0,0,0,1
69.1,-105.1166667,27,1991-07-14 22:00:00+00:00,-151.0,-20.45,northData,0,0,0,0,1
69.1,-105.1166667,27,1991-08-14 22:00:00+00:00,-160.6,-21.29,northData,0,0,0,0,1
69.1,-105.1166667,27,1991-09-14 22:00:00+00:00,-158.0,-21.27,northData,0,0,0,0,1
69.1,-105.1166667,27,1991-10-14 22:00:00+00:00,-185.9,-25.26,northData,0,0,0,0,1
69.1,-105.1166667,27,1991-11-14 23:00:00+00:00,-258.1,-33.65,northData,0,0,0,0,1
69.1,-105.1166667,27,1991-12-14 23:00:00+00:00,-238.8,-31.3,northData,0,0,0,0,1
69.1,-105.1166667,27,1992-01-14 23:00:00+00:00,-255.4,-32.78,northData,0,0,0,0,1
69.1,-105.1166667,27,1992-02-14 23:00:00+00:00,-231.5,-30.01,northData,0,0,0,0,1
69.1,-105.1166667,27,1992-03-14 23:00:00+00:00,-201.5,-26.42,northData,0,0,0,0,1
69.1,-105.1166667,27,1992-04-14 22:00:00+00:00,-208.4,-27.49,northData,0,0,0,0,1
69.1,-105.1166667,27,1992-05-14 22:00:00+00:00,-195.4,-25.12,northData,0,0,0,0,1
69.1,-105.1166667,27,1992-06-14 22:00:00+00:00,-173.6,-22.55,northData,0,0,0,0,1
69.1,-105.1166667,27,1992-07-14 22:00:00+00:00,-171.0,-22.23,northData,0,0,0,0,1
69.1,-105.1166667,27,1992-08-14 22:00:00+00:00,-130.3,-15.93,northData,0,0,0,0,1
69.1,-105.1166667,27,1992-09-14 22:00:00+00:00,-173.2,-23.58,northData,0,0,0,0,1
69.1,-105.1166667,27,1992-10-14 22:00:00+00:00,-157.7,-21.14,northData,0,0,0,0,1
69.1,-105.1166667,27,1992-11-14 23:00:00+00:00,-223.5,-29.46,northData,0,0,0,0,1
69.1,-105.1166667,27,1992-12-14 23:00:00+00:00,-249.9,-32.96,northData,0,0,0,0,1
69.1,-105.1166667,27,1993-01-14 23:00:00+00:00,-243.7,-31.05,northData,0,0,0,0,1
69.1,-105.1166667,27,1993-02-14 23:00:00+00:00,-246.1,-32.33,northData,0,0,0,0,1
69.1,-105.1166667,27,1993-03-14 23:00:00+00:00,-203.5,-27.07,northData,0,0,0,0,1
69.1,-105.1166667,27,1993-04-14 22:00:00+00:00,-195.2,-26.58,northData,0,0,0,0,1
69.1,-105.1166667,27,1993-05-14 22:00:00+00:00,-115.7,-15.67,northData,0,0,0,0,1
69.1,-105.1166667,27,1993-06-14 22:00:00+00:00,-153.9,-20.17,northData,0,0,0,0,1
69.1,-105.1166667,27,1993-07-14 22:00:00+00:00,-135.4,-17.29,northData,0,0,0,0,1
69.1,-105.1166667,27,1993-08-14 22:00:00+00:00,-131.0,-16.9,northData,0,0,0,0,1
69.1,-105.1166667,27,1993-09-14 22:00:00+00:00,-161.1,-21.63,northData,0,0,0,0,1
69.1,-105.1166667,27,1993-10-14 22:00:00+00:00,-182.7,-24.06,northData,0,0,0,0,1
69.1,-105.1166667,27,1993-11-14 23:00:00+00:00,-241.6,-32.03,northData,0,0,0,0,1
69.1,-105.1166667,27,1993-12-14 23:00:00+00:00,-245.0,-32.02,northData,0,0,0,0,1
0.38,6.72,8,1965-08-14 22:00:00+00:00,3.7,-0.2,equitData,1,0,0,0,0
0.38,6.72,8,1965-09-14 22:00:00+00:00,-3.8,-2.0,equitData,1,0,0,0,0
0.38,6.72,8,1965-10-14 22:00:00+00:00,6.8,0.1,equitData,1,0,0,0,0
0.38,6.72,8,1966-02-14 23:00:00+00:00,-10.7,-3.2,equitData,1,0,0,0,0
0.38,6.72,8,1966-04-14 22:00:00+00:00,-11.8,-3.8,equitData,1,0,0,0,0
0.38,6.72,8,1966-05-14 22:00:00+00:00,-18.0,-4.3,equitData,1,0,0,0,0
0.38,6.72,8,1966-06-14 22:00:00+00:00,-28.7,-5.8,equitData,1,0,0,0,0
0.38,6.72,8,1966-10-14 22:00:00+00:00,-22.0,-4.1,equitData,1,0,0,0,0
0.38,6.72,8,1966-11-14 23:00:00+00:00,-38.0,-7.0,equitData,1,0,0,0,0
0.38,6.72,8,1966-12-14 23:00:00+00:00,13.2,-1.2,equitData,1,0,0,0,0
0.38,6.72,8,1967-01-14 23:00:00+00:00,10.0,-0.8,equitData,1,0,0,0,0
0.38,6.72,8,1967-02-14 23:00:00+00:00,-7.1,-3.0,equitData,1,0,0,0,0
0.38,6.72,8,1967-03-14 23:00:00+00:00,-37.5,-6.7,equitData,1,0,0,0,0
0.38,6.72,8,1967-04-14 22:00:00+00:00,-28.9,-5.4,equitData,1,0,0,0,0
0.38,6.72,8,1967-05-14 22:00:00+00:00,-24.3,-4.7,equitData,1,0,0,0,0
0.38,6.72,8,1967-07-14 22:00:00+00:00,14.6,0.6,equitData,1,0,0,0,0
0.38,6.72,8,1967-10-14 22:00:00+00:00,-23.0,-5.07,equitData,1,0,0,0,0
0.38,6.72,8,1967-11-14 23:00:00+00:00,-12.5,-3.52,equitData,1,0,0,0,0
0.38,6.72,8,1967-12-14 23:00:00+00:00,-13.1,-2.7,equitData,1,0,0,0,0
0.38,6.72,8,1969-02-14 23:00:00+00:00,-23.4,-4.56,equitData,1,0,0,0,0
0.38,6.72,8,1969-03-14 23:00:00+00:00,-37.2,-6.06,equitData,1,0,0,0,0
0.38,6.72,8,1969-05-14 22:00:00+00:00,-13.1,-2.61,equitData,1,0,0,0,0
0.38,6.72,8,1969-10-14 22:00:00+00:00,-20.1,-3.73,equitData,1,0,0,0,0
0.38,6.72,8,1969-11-14 23:00:00+00:00,-16.2,-3.77,equitData,1,0,0,0,0
0.38,6.72,8,1969-12-14 23:00:00+00:00,-6.4,-2.64,equitData,1,0,0,0,0
0.38,6.72,8,1972-09-14 22:00:00+00:00,11.9,0.49,equitData,1,0,0,0,0
0.38,6.72,8,1973-03-14 23:00:00+00:00,-3.0,-1.82,equitData,1,0,0,0,0
0.38,6.72,8,1973-04-14 22:00:00+00:00,0.1,-1.69,equitData,1,0,0,0,0
0.38,6.72,8,1973-07-14 22:00:00+00:00,11.7,0.68,equitData,1,0,0,0,0
0.38,6.72,8,1973-09-14 22:00:00+00:00,-14.8,-2.72,equitData,1,0,0,0,0
0.38,6.72,8,1973-12-14 23:00:00+00:00,-0.2,-1.49,equitData,1,0,0,0,0
0.38,6.72,8,1974-01-14 23:00:00+00:00,-7.1,-2.86,equitData,1,0,0,0,0
0.38,6.72,8,1974-02-14 23:00:00+00:00,-20.8,-4.37,equitData,1,0,0,0,0
0.38,6.72,8,1974-03-14 23:00:00+00:00,-18.8,-4.42,equitData,1,0,0,0,0
0.38,6.72,8,1974-04-14 22:00:00+00:00,-18.4,-3.9,equitData,1,0,0,0,0
0.38,6.72,8,1974-05-14 22:00:00+00:00,0.0,-0.28,equitData,1,0,0,0,0
0.38,6.72,8,1974-09-14 22:00:00+00:00,3.0,-0.6,equitData,1,0,0,0,0
0.38,6.72,8,1974-10-14 22:00:00+00:00,-32.2,-5.45,equitData,1,0,0,0,0
0.38,6.72,8,1974-11-14 23:00:00+00:00,-13.2,-3.26,equitData,1,0,0,0,0
0.38,6.72,8,1975-01-14 23:00:00+00:00,4.6,-0.63,equitData,1,0,0,0,0
0.38,6.72,8,1975-02-14 23:00:00+00:00,-17.6,-3.9,equitData,1,0,0,0,0
0.38,6.72,8,1975-03-14 23:00:00+00:00,-2.0,-1.2,equitData,1,0,0,0,0
0.38,6.72,8,1975-05-14 22:00:00+00:00,-10.5,-2.76,equitData,1,0,0,0,0
0.38,6.72,8,1975-10-14 22:00:00+00:00,-26.1,-4.66,equitData,1,0,0,0,0
0.38,6.72,8,1975-11-14 23:00:00+00:00,-14.6,-3.39,equitData,1,0,0,0,0
0.38,6.72,8,1975-12-14 23:00:00+00:00,-16.3,-3.34,equitData,1,0,0,0,0
0.38,6.72,8,1976-01-14 23:00:00+00:00,-10.4,-0.71,equitData,1,0,0,0,0
0.38,6.72,8,1976-02-14 23:00:00+00:00,-12.1,-0.67,equitData,1,0,0,0,0
0.38,6.72,8,1976-03-14 23:00:00+00:00,-26.3,-4.54,equitData,1,0,0,0,0
0.38,6.72,8,1976-04-14 22:00:00+00:00,-8.9,-2.87,equitData,1,0,0,0,0
0.38,6.72,8,1976-10-14 22:00:00+00:00,-7.4,-0.81,equitData,1,0,0,0,0
0.38,6.72,8,1976-11-14 23:00:00+00:00,-5.1,-0.6,equitData,1,0,0,0,0
0.38,6.72,8,1976-12-14 23:00:00+00:00,-10.0,-0.85,equitData,1,0,0,0,0
0.38,6.72,8,1964-01-14 23:00:00+00:00,-13.7,-2.6,equitData,1,0,0,0,0
0.38,6.72,8,1964-02-14 23:00:00+00:00,-14.9,-2.5,equitData,1,0,0,0,0
0.38,6.72,8,1964-03-14 23:00:00+00:00,-18.6,-2.9,equitData,1,0,0,0,0
0.38,6.72,8,1964-04-14 22:00:00+00:00,-41.0,-6.0,equitData,1,0,0,0,0
0.38,6.72,8,1964-05-14 22:00:00+00:00,-26.1,-5.4,equitData,1,0,0,0,0
0.38,6.72,8,1964-07-14 22:00:00+00:00,23.6,2.6,equitData,1,0,0,0,0
0.38,6.72,8,1964-09-14 22:00:00+00:00,5.6,0.2,equitData,1,0,0,0,0
0.38,6.72,8,1964-10-14 22:00:00+00:00,-31.6,-5.3,equitData,1,0,0,0,0
0.38,6.72,8,1964-12-14 23:00:00+00:00,-5.0,-2.3,equitData,1,0,0,0,0
0.38,6.72,8,1965-05-14 22:00:00+00:00,-2.5,-0.9,equitData,1,0,0,0,0
0.38,6.72,8,1965-06-14 22:00:00+00:00,26.7,2.6,equitData,1,0,0,0,0
0.38,6.72,8,1965-11-14 23:00:00+00:00,10.6,-0.8,equitData,1,0,0,0,0
0.38,6.72,8,1965-12-14 23:00:00+00:00,-6.9,-0.3,equitData,1,0,0,0,0
0.38,6.72,8,1968-01-14 23:00:00+00:00,-3.4,-1.69,equitData,1,0,0,0,0
0.38,6.72,8,1968-02-14 23:00:00+00:00,-1.3,-1.22,equitData,1,0,0,0,0
0.38,6.72,8,1968-03-14 23:00:00+00:00,-33.1,-5.65,equitData,1,0,0,0,0
0.38,6.72,8,1968-04-14 22:00:00+00:00,-28.9,-4.76,equitData,1,0,0,0,0
0.38,6.72,8,1968-05-14 22:00:00+00:00,-48.9,-7.89,equitData,1,0,0,0,0
0.38,6.72,8,1968-09-14 22:00:00+00:00,-15.8,-2.46,equitData,1,0,0,0,0
0.38,6.72,8,1968-10-14 22:00:00+00:00,-14.4,-2.99,equitData,1,0,0,0,0
0.38,6.72,8,1968-11-14 23:00:00+00:00,-11.0,-2.19,equitData,1,0,0,0,0
0.38,6.72,8,1968-12-14 23:00:00+00:00,-3.4,-2.25,equitData,1,0,0,0,0
0.38,6.72,8,1962-01-14 23:00:00+00:00,1.2,-0.7,equitData,1,0,0,0,0
0.38,6.72,8,1962-02-14 23:00:00+00:00,3.1,0.5,equitData,1,0,0,0,0
0.38,6.72,8,1962-03-14 23:00:00+00:00,-13.7,-0.6,equitData,1,0,0,0,0
0.38,6.72,8,1962-04-14 22:00:00+00:00,-20.5,-1.7,equitData,1,0,0,0,0
0.38,6.72,8,1962-09-14 22:00:00+00:00,6.8,0.1,equitData,1,0,0,0,0
0.38,6.72,8,1962-10-14 22:00:00+00:00,1.8,-0.6,equitData,1,0,0,0,0
0.38,6.72,8,1962-11-14 23:00:00+00:00,-23.0,-2.8,equitData,1,0,0,0,0
0.38,6.72,8,1962-12-14 23:00:00+00:00,-19.2,-3.8,equitData,1,0,0,0,0
0.38,6.72,8,1963-01-14 23:00:00+00:00,5.6,1.3,equitData,1,0,0,0,0
0.38,6.72,8,1963-02-14 23:00:00+00:00,-6.2,-2.6,equitData,1,0,0,0,0
0.38,6.72,8,1963-03-14 23:00:00+00:00,-10.6,-3.9,equitData,1,0,0,0,0
0.38,6.72,8,1963-04-14 22:00:00+00:00,-21.1,-5.5,equitData,1,0,0,0,0
0.38,6.72,8,1963-05-14 22:00:00+00:00,-32.3,-5.5,equitData,1,0,0,0,0
0.38,6.72,8,1963-06-14 22:00:00+00:00,11.8,-0.2,equitData,1,0,0,0,0
0.38,6.72,8,1963-09-14 22:00:00+00:00,-14.9,-3.3,equitData,1,0,0,0,0
0.38,6.72,8,1963-10-14 22:00:00+00:00,-31.6,-4.8,equitData,1,0,0,0,0
0.38,6.72,8,1963-11-14 23:00:00+00:00,-8.1,-2.3,equitData,1,0,0,0,0
0.38,6.72,8,1963-12-14 23:00:00+00:00,-1.3,-1.6,equitData,1,0,0,0,0
0.38,6.72,8,1964-11-14 23:00:00+00:00,-8.1,-2.9,equitData,1,0,0,0,0
-22.66416667,-48.06,488,1997-06-14 22:00:00+00:00,-62.38,-8.52,southernData,1,0,0,0,0
-22.66416667,-48.06,488,1997-09-14 22:00:00+00:00,15.76,-0.24,southernData,1,0,0,0,0
-22.66416667,-48.06,488,1997-11-14 23:00:00+00:00,11.23,1.31,southernData,1,0,0,0,0
-22.66416667,-48.06,488,1997-12-14 23:00:00+00:00,-45.88,-6.93,southernData,1,0,0,0,0
-22.66416667,-48.06,488,1998-02-14 23:00:00+00:00,-19.65,-4.23,southernData,1,0,0,0,0
-22.66416667,-48.06,488,1997-06-05 22:00:00+00:00,-65.14,-8.92,southernData,1,0,0,0,0
-22.66416667,-48.06,488,1997-06-11 22:00:00+00:00,-56.46,-7.72,southernData,1,0,0,0,0
-22.66416667,-48.06,488,1997-07-20 22:00:00+00:00,0.72,-2.45,southernData,1,0,0,0,0
-22.66416667,-48.06,488,1997-07-21 22:00:00+00:00,-2.54,-2.11,southernData,1,0,0,0,0
-22.66416667,-48.06,488,1997-08-23 22:00:00+00:00,-9.82,-2.84,southernData,1,0,0,0,0
-22.66416667,-48.06,488,1997-09-13 22:00:00+00:00,28.64,2.1,southernData,1,0,0,0,0
-22.66416667,-48.06,488,1997-09-29 22:00:00+00:00,-3.31,-2.8,southernData,1,0,0,0,0
-22.66416667,-48.06,488,1997-09-30 22:00:00+00:00,-6.89,-2.21,southernData,1,0,0,0,0
-22.66416667,-48.06,488,1997-10-20 22:00:00+00:00,-17.58,-4.27,southernData,1,0,0,0,0
-22.66416667,-48.06,488,1997-10-25 22:00:00+00:00,-17.93,-2.91,southernData,1,0,0,0,0
-22.66416667,-48.06,488,1997-10-26 23:00:00+00:00,-49.54,-7.7,southernData,1,0,0,0,0
-22.66416667,-48.06,488,1997-11-05 23:00:00+00:00,6.66,-0.43,southernData,1,0,0,0,0
-22.66416667,-48.06,488,1997-11-06 23:00:00+00:00,-6.2,-1.17,southernData,1,0,0,0,0
-22.66416667,-48.06,488,1997-11-07 23:00:00+00:00,9.55,-0.77,southernData,1,0,0,0,0
-22.66416667,-48.06,488,1997-11-16 23:00:00+00:00,-54.27,-7.17,southernData,1,0,0,0,0
-22.66416667,-48.06,488,1997-11-26 23:00:00+00:00,-41.07,-6.83,southernData,1,0,0,0,0
-22.66416667,-48.06,488,1997-11-27 23:00:00+00:00,-44.15,-7.41,southernData,1,0,0,0,0
-22.66416667,-48.06,488,1997-12-01 23:00:00+00:00,-63.18,-9.57,southernData,1,0,0,0,0
-22.66416667,-48.06,488,1997-12-13 23:00:00+00:00,-39.38,-6.12,southernData,1,0,0,0,0
-22.66416667,-48.06,488,1997-12-28 23:00:00+00:00,-10.22,-2.77,southernData,1,0,0,0,0
-22.66416667,-48.06,488,1998-01-08 23:00:00+00:00,-31.02,-5.48,southernData,1,0,0,0,0
-22.66416667,-48.06,488,1998-01-12 23:00:00+00:00,-20.75,-3.65,southernData,1,0,0,0,0
-22.66416667,-48.06,488,1998-01-16 23:00:00+00:00,-40.86,-6.27,southernData,1,0,0,0,0
-22.66416667,-48.06,488,1998-02-12 23:00:00+00:00,-6.04,-3.54,southernData,1,0,0,0,0
-22.66416667,-48.06,488,1998-02-13 23:00:00+00:00,-23.58,-4.75,southernData,1,0,0,0,0
-22.66416667,-48.06,488,1998-02-15 23:00:00+00:00,-51.38,-6.79,southernData,1,0,0,0,0
-22.66416667,-48.06,488,1998-02-24 23:00:00+00:00,-35.82,-5.26,southernData,1,0,0,0,0
-22.66416667,-48.06,488,1998-02-25 23:00:00+00:00,-97.9,-13.2,southernData,1,0,0,0,0
-22.66416667,-48.06,488,1998-02-27 23:00:00+00:00,-66.41,-7.94,southernData,1,0,0,0,0
-22.66416667,-48.06,488,1998-03-28 23:00:00+00:00,-21.51,-4.14,southernData,1,0,0,0,0
-22.66416667,-48.06,488,1998-04-01 22:00:00+00:00,-47.71,-7.41,southernData,1,0,0,0,0
-22.66416667,-48.06,488,1998-04-27 22:00:00+00:00,-3.26,-1.19,southernData,1,0,0,0,0
-22.66416667,-48.06,488,1998-05-03 22:00:00+00:00,-26.81,-5.78,southernData,1,0,0,0,0
-22.66416667,-48.06,488,1998-05-04 22:00:00+00:00,-38.67,-7.07,southernData,1,0,0,0,0
-22.66416667,-48.06,488,1998-05-26 22:00:00+00:00,-9.97,-3.24,southernData,1,0,0,0,0
-22.66416667,-48.06,488,1998-09-07 22:00:00+00:00,13.45,-0.17,southernData,1,0,0,0,0
-22.66416667,-48.06,488,1998-09-08 22:00:00+00:00,-10.52,-3.26,southernData,1,0,0,0,0
-22.66416667,-48.06,488,1998-10-04 22:00:00+00:00,5.82,-2.1,southernData,1,0,0,0,0
-22.66416667,-48.06,488,1998-10-05 22:00:00+00:00,8.61,-1.32,southernData,1,0,0,0,0
-22.66416667,-48.06,488,1998-10-07 22:00:00+00:00,-8.28,-3.55,southernData,1,0,0,0,0
-22.66416667,-48.06,488,1998-10-11 22:00:00+00:00,10.2,-1.28,southernData,1,0,0,0,0
-22.66416667,-48.06,488,1998-10-16 22:00:00+00:00,-39.09,-6.83,southernData,1,0,0,0,0
-22.66416667,-48.06,488,1998-10-26 23:00:00+00:00,-10.33,-3.08,southernData,1,0,0,0,0
-22.66416667,-48.06,488,1998-10-30 23:00:00+00:00,-1.9,-1.64,southernData,1,0,0,0,0
-22.66416667,-48.06,488,1997-06-15 22:00:00+00:00,-41.8,-8.01,southernData,1,0,0,0,0
-22.66416667,-48.06,488,1997-09-20 22:00:00+00:00,-1.08,-1.62,southernData,1,0,0,0,0
-22.66416667,-48.06,488,1998-01-07 23:00:00+00:00,-30.83,-5.29,southernData,1,0,0,0,0
-22.66416667,-48.06,488,1998-02-05 23:00:00+00:00,-11.08,-2.99,southernData,1,0,0,0,0
-22.66416667,-48.06,488,1998-02-08 23:00:00+00:00,-18.3,-3.73,southernData,1,0,0,0,0
-22.66416667,-48.06,488,1998-02-28 23:00:00+00:00,-39.52,-6.41,southernData,1,0,0,0,0
-22.66416667,-48.06,488,1998-03-02 23:00:00+00:00,-20.03,-4.12,southernData,1,0,0,0,0
-22.66416667,-48.06,488,1998-05-27 22:00:00+00:00,5.3,-0.82,southernData,1,0,0,0,0
-22.66416667,-48.06,488,1998-05-29 22:00:00+00:00,-41.18,-6.66,southernData,1,0,0,0,0
-22.66416667,-48.06,488,1998-09-19 22:00:00+00:00,4.97,-1.55,southernData,1,0,0,0,0
-22.66416667,-48.06,488,1997-06-19 22:00:00+00:00,-28.04,-4.36,southernData,1,0,0,0,0
-22.66416667,-48.06,488,1997-10-16 22:00:00+00:00,8.09,-0.73,southernData,1,0,0,0,0
-22.66416667,-48.06,488,1997-12-03 23:00:00+00:00,-45.22,-6.78,southernData,1,0,0,0,0
-22.66416667,-48.06,488,1997-12-25 23:00:00+00:00,-26.14,-4.95,southernData,1,0,0,0,0
-22.66416667,-48.06,488,1998-03-31 22:00:00+00:00,-55.88,-7.94,southernData,1,0,0,0,0
-22.66416667,-48.06,488,1998-04-16 22:00:00+00:00,-17.99,-4.42,southernData,1,0,0,0,0
-22.66416667,-48.06,488,1998-06-18 22:00:00+00:00,11.8,-0.66,southernData,1,0,0,0,0
-22.66416667,-48.06,488,1998-10-15 22:00:00+00:00,10.0,-1.09,southernData,1,0,0,0,0
-22.66416667,-48.06,488,1998-11-13 23:00:00+00:00,-20.22,-4.06,southernData,1,0,0,0,0
-22.66416667,-48.06,488,1997-06-23 22:00:00+00:00,-21.24,-4.75,southernData,1,0,0,0,0
-22.66416667,-48.06,488,1997-06-28 22:00:00+00:00,-13.12,-3.08,southernData,1,0,0,0,0
-22.66416667,-48.06,488,1997-09-10 22:00:00+00:00,16.61,1.9,southernData,1,0,0,0,0
-22.66416667,-48.06,488,1997-09-15 22:00:00+00:00,8.4,-0.65,southernData,1,0,0,0,0
-22.66416667,-48.06,488,1997-10-10 22:00:00+00:00,9.8,-0.27,southernData,1,0,0,0,0
-22.66416667,-48.06,488,1997-10-17 22:00:00+00:00,-2.43,-1.67,southernData,1,0,0,0,0
-22.66416667,-48.06,488,1997-11-10 23:00:00+00:00,13.14,0.26,southernData,1,0,0,0,0
-22.66416667,-48.06,488,1997-12-08 23:00:00+00:00,-45.07,-7.39,southernData,1,0,0,0,0
-22.66416667,-48.06,488,1997-12-20 23:00:00+00:00,-40.54,-5.92,southernData,1,0,0,0,0
-22.66416667,-48.06,488,1998-01-18 23:00:00+00:00,-23.85,-3.99,southernData,1,0,0,0,0
-22.66416667,-48.06,488,1998-01-19 23:00:00+00:00,-21.93,-3.49,southernData,1,0,0,0,0
-22.66416667,-48.06,488,1998-02-11 23:00:00+00:00,-18.31,-3.48,southernData,1,0,0,0,0
-22.66416667,-48.06,488,1998-03-01 23:00:00+00:00,-63.56,-9.23,southernData,1,0,0,0,0
-22.66416667,-48.06,488,1998-03-06 23:00:00+00:00,2.86,0.09,southernData,1,0,0,0,0
-22.66416667,-48.06,488,1998-03-07 23:00:00+00:00,9.03,0.23,southernData,1,0,0,0,0
-22.66416667,-48.06,488,1998-03-13 23:00:00+00:00,-27.86,-4.77,southernData,1,0,0,0,0
-22.66416667,-48.06,488,1998-03-16 23:00:00+00:00,-50.37,-7.9,southernData,1,0,0,0,0
-22.66416667,-48.06,488,1998-07-06 22:00:00+00:00,7.29,-0.9,southernData,1,0,0,0,0
-22.66416667,-48.06,488,1998-07-20 22:00:00+00:00,43.16,4.89,southernData,1,0,0,0,0
-22.66416667,-48.06,488,1998-08-02 22:00:00+00:00,16.37,0.28,southernData,1,0,0,0,0
-22.66416667,-48.06,488,1998-08-04 22:00:00+00:00,29.72,2.22,southernData,1,0,0,0,0
-22.66416667,-48.06,488,1998-08-09 22:00:00+00:00,-6.3,-2.47,southernData,1,0,0,0,0
-22.66416667,-48.06,488,1998-08-13 22:00:00+00:00,-9.54,-3.35,southernData,1,0,0,0,0
-22.66416667,-48.06,488,1998-09-06 22:00:00+00:00,19.99,1.25,southernData,1,0,0,0,0
-22.66416667,-48.06,488,1998-09-26 22:00:00+00:00,4.01,-1.15,southernData,1,0,0,0,0
-22.66416667,-48.06,488,1998-10-17 22:00:00+00:00,-41.64,-6.92,southernData,1,0,0,0,0
-22.66416667,-48.06,488,1998-10-24 22:00:00+00:00,-3.95,-2.31,southernData,1,0,0,0,0
-22.66416667,-48.06,488,1998-10-27 23:00:00+00:00,-12.57,-3.21,southernData,1,0,0,0,0
-22.66416667,-48.06,488,1998-11-08 23:00:00+00:00,23.31,-0.21,southernData,1,0,0,0,0
-67.57,-68.13,5,1996-04-14 22:00:00+00:00,-129.6,-16.43,antData,0,0,0,0,1
-67.57,-68.13,5,1996-05-14 22:00:00+00:00,-115.6,-14.79,antData,0,0,0,0,1
-67.57,-68.13,5,1996-06-14 22:00:00+00:00,-109.8,-14.46,antData,0,0,0,0,1
-67.57,-68.13,5,1996-07-14 22:00:00+00:00,-128.2,-17.37,antData,0,0,0,0,1
-67.57,-68.13,5,1996-08-14 22:00:00+00:00,-136.0,-17.2,antData,0,0,0,0,1
-67.57,-68.13,5,1996-09-14 22:00:00+00:00,-116.0,-13.73,antData,0,0,0,0,1
-67.57,-68.13,5,1996-10-14 22:00:00+00:00,-96.1,-12.24,antData,0,0,0,0,1
-67.57,-68.13,5,1996-11-14 23:00:00+00:00,-92.0,-11.16,antData,0,0,0,0,1
-67.57,-68.13,5,1997-01-14 23:00:00+00:00,-85.6,-9.71,antData,0,0,0,0,1
-67.57,-68.13,5,1997-02-14 23:00:00+00:00,-125.3,-15.53,antData,0,0,0,0,1
-67.57,-68.13,5,1997-03-14 23:00:00+00:00,-93.1,-11.55,antData,0,0,0,0,1
-67.57,-68.13,5,1997-04-14 22:00:00+00:00,-101.8,-12.54,antData,0,0,0,0,1
-67.57,-68.13,5,1997-05-14 22:00:00+00:00,-90.6,-10.7,antData,0,0,0,0,1
-67.57,-68.13,5,1997-06-14 22:00:00+00:00,-102.6,-12.53,antData,0,0,0,0,1
-67.57,-68.13,5,1997-07-14 22:00:00+00:00,-134.3,-17.44,antData,0,0,0,0,1
-67.57,-68.13,5,1997-08-14 22:00:00+00:00,-125.8,-15.78,antData,0,0,0,0,1
-67.57,-68.13,5,1997-09-14 22:00:00+00:00,-110.6,-13.58,antData,0,0,0,0,1
-67.57,-68.13,5,1997-10-14 22:00:00+00:00,-128.9,-16.02,antData,0,0,0,0,1
-67.57,-68.13,5,1997-11-14 23:00:00+00:00,-82.3,-9.47,antData,0,0,0,0,1
-67.57,-68.13,5,1997-12-14 23:00:00+00:00,-57.8,-5.56,antData,0,0,0,0,1
-67.57,-68.13,5,1998-01-14 23:00:00+00:00,-103.2,-12.35,antData,0,0,0,0,1
-67.57,-68.13,5,1998-02-14 23:00:00+00:00,-85.6,-9.67,antData,0,0,0,0,1
-67.57,-68.13,5,1998-03-14 23:00:00+00:00,-79.2,-9.23,antData,0,0,0,0,1
-67.57,-68.13,5,1998-04-14 22:00:00+00:00,-89.4,-11.09,antData,0,0,0,0,1
-67.57,-68.13,5,1998-05-14 22:00:00+00:00,-77.3,-9.76,antData,0,0,0,0,1
-67.57,-68.13,5,1998-06-14 22:00:00+00:00,-140.3,-17.98,antData,0,0,0,0,1
-67.57,-68.13,5,1998-07-14 22:00:00+00:00,-81.8,-9.92,antData,0,0,0,0,1
-67.57,-68.13,5,1998-08-14 22:00:00+00:00,-78.2,-9.96,antData,0,0,0,0,1
-67.57,-68.13,5,1998-09-14 22:00:00+00:00,-95.9,-11.89,antData,0,0,0,0,1
-67.57,-68.13,5,1998-10-14 22:00:00+00:00,-72.9,-8.97,antData,0,0,0,0,1
-67.57,-68.13,5,1998-11-14 23:00:00+00:00,-88.8,-10.78,antData,0,0,0,0,1
-67.57,-68.13,5,1998-12-14 23:00:00+00:00,-91.4,-10.74,antData,0,0,0,0,1
-67.57,-68.13,5,1999-01-14 23:00:00+00:00,-90.2,-10.535,antData,0,0,0,0,1
-67.57,-68.13,5,1999-02-14 23:00:00+00:00,-84.2,-11.245,antData,0,0,0,0,1
-67.57,-68.13,5,1999-03-14 23:00:00+00:00,-85.8,-9.56,antData,0,0,0,0,1
-67.57,-68.13,5,1999-04-14 22:00:00+00:00,-78.2,-9.745,antData,0,0,0,0,1
-67.57,-68.13,5,1999-05-14 22:00:00+00:00,-68.35,-8.38,antData,0,0,0,0,1
-67.57,-68.13,5,1999-06-14 22:00:00+00:00,-80.7,-10.56,antData,0,0,0,0,1
-67.57,-68.13,5,1999-07-14 22:00:00+00:00,-100.0,-12.93,antData,0,0,0,0,1
-67.57,-68.13,5,1999-08-14 22:00:00+00:00,-107.1,-13.415,antData,0,0,0,0,1
-67.57,-68.13,5,1999-09-14 22:00:00+00:00,-96.25,-11.535,antData,0,0,0,0,1
-67.57,-68.13,5,1999-10-14 22:00:00+00:00,-103.75,-12.605,antData,0,0,0,0,1
-67.57,-68.13,5,1999-11-14 23:00:00+00:00,-115.85,-14.535,antData,0,0,0,0,1
-67.57,-68.13,5,1999-12-14 23:00:00+00:00,-79.15,-8.46,antData,0,0,0,0,1
-67.57,-68.13,5,2000-01-14 23:00:00+00:00,-69.95,-8.19,antData,0,0,0,0,1
-67.57,-68.13,5,2000-02-14 23:00:00+00:00,-67.15,-7.4,antData,0,0,0,0,1
-67.57,-68.13,5,2000-03-14 23:00:00+00:00,-84.3,-10.36,antData,0,0,0,0,1
-67.57,-68.13,5,2000-04-14 22:00:00+00:00,-71.05,-8.51,antData,0,0,0,0,1
-67.57,-68.13,5,2000-05-14 22:00:00+00:00,-82.35,-10.5,antData,0,0,0,0,1
-67.57,-68.13,5,2000-06-14 22:00:00+00:00,-96.85,-12.5,antData,0,0,0,0,1
-67.57,-68.13,5,2000-07-14 22:00:00+00:00,-67.35,-8.84,antData,0,0,0,0,1
-67.57,-68.13,5,2000-08-14 22:00:00+00:00,-88.0,-11.02,antData,0,0,0,0,1
-67.57,-68.13,5,2000-09-14 22:00:00+00:00,-97.1,-12.21,antData,0,0,0,0,1
-67.57,-68.13,5,2000-10-14 22:00:00+00:00,-165.35,-20.61,antData,0,0,0,0,1
-67.57,-68.13,5,2000-11-14 23:00:00+00:00,-71.75,-6.03,antData,0,0,0,0,1
-67.57,-68.13,5,2000-12-14 23:00:00+00:00,-80.15,-9.41,antData,0,0,0,0,1
-67.57,-68.13,5,2001-01-14 23:00:00+00:00,-147.7,-17.47,antData,0,0,0,0,1
-67.57,-68.13,5,2001-02-14 23:00:00+00:00,-81.6,-8.71,antData,0,0,0,0,1
-67.57,-68.13,5,2001-03-14 23:00:00+00:00,-76.6,-9.35,antData,0,0,0,0,1
-67.57,-68.13,5,2001-04-14 22:00:00+00:00,-108.5,-13.18,antData,0,0,0,0,1
-67.57,-68.13,5,2001-05-14 22:00:00+00:00,-80.5,-9.46,antData,0,0,0,0,1
-67.57,-68.13,5,2001-06-14 22:00:00+00:00,-112.7,-14.06,antData,0,0,0,0,1
-67.57,-68.13,5,2001-07-14 22:00:00+00:00,-113.3,-14.59,antData,0,0,0,0,1
-67.57,-68.13,5,2001-08-14 22:00:00+00:00,-107.3,-13.42,antData,0,0,0,0,1
-67.57,-68.13,5,2001-09-14 22:00:00+00:00,-117.6,-14.43,antData,0,0,0,0,1
-67.57,-68.13,5,2001-10-14 22:00:00+00:00,-85.4,-10.19,antData,0,0,0,0,1
-67.57,-68.13,5,2001-11-14 23:00:00+00:00,-116.6,-14.37,antData,0,0,0,0,1
-67.57,-68.13,5,2001-12-14 23:00:00+00:00,-126.7,-15.57,antData,0,0,0,0,1
-67.57,-68.13,5,2002-01-14 23:00:00+00:00,-133.2,-16.6,antData,0,0,0,0,1
-67.57,-68.13,5,2002-02-14 23:00:00+00:00,-149.6,-18.83,antData,0,0,0,0,1
-67.57,-68.13,5,2002-03-14 23:00:00+00:00,-65.3,-8.62,antData,0,0,0,0,1
-67.57,-68.13,5,2002-04-14 22:00:00+00:00,-113.7,-14.17,antData,0,0,0,0,1
-67.57,-68.13,5,2002-05-14 22:00:00+00:00,-139.8,-17.61,antData,0,0,0,0,1
-67.57,-68.13,5,2002-06-14 22:00:00+00:00,-119.0,-15.55,antData,0,0,0,0,1
-67.57,-68.13,5,2002-08-14 22:00:00+00:00,-99.9,-12.33,antData,0,0,0,0,1
-67.57,-68.13,5,2002-09-14 22:00:00+00:00,-125.0,-16.16,antData,0,0,0,0,1
-67.57,-68.13,5,2002-10-14 22:00:00+00:00,-103.8,-13.16,antData,0,0,0,0,1
-67.57,-68.13,5,2002-12-14 23:00:00+00:00,-99.3,-11.41,antData,0,0,0,0,1
-67.57,-68.13,5,2003-02-14 23:00:00+00:00,-101.5,-12.32,antData,0,0,0,0,1
-67.57,-68.13,5,2003-03-14 23:00:00+00:00,-64.2,-6.92,antData,0,0,0,0,1
-67.57,-68.13,5,2003-04-14 22:00:00+00:00,-117.8,-15.09,antData,0,0,0,0,1
-67.57,-68.13,5,2003-05-14 22:00:00+00:00,-111.0,-14.57,antData,0,0,0,0,1
-67.57,-68.13,5,2003-06-14 22:00:00+00:00,-106.3,-13.88,antData,0,0,0,0,1
-67.57,-68.13,5,2003-07-14 22:00:00+00:00,-88.3,-10.83,antData,0,0,0,0,1
-67.57,-68.13,5,2003-08-14 22:00:00+00:00,-118.0,-15.07,antData,0,0,0,0,1
-67.57,-68.13,5,2003-09-14 22:00:00+00:00,-86.9,-11.05,antData,0,0,0,0,1
-67.57,-68.13,5,2003-10-14 22:00:00+00:00,-92.9,-10.73,antData,0,0,0,0,1
-67.57,-68.13,5,2003-11-14 23:00:00+00:00,-82.0,-10.47,antData,0,0,0,0,1
-67.57,-68.13,5,2003-12-14 23:00:00+00:00,-33.6,-0.52,antData,0,0,0,0,1
-67.57,-68.13,5,2004-01-14 23:00:00+00:00,-87.22,-11.52,antData,0,0,0,0,1
-67.57,-68.13,5,2004-02-14 23:00:00+00:00,-88.3,-10.58,antData,0,0,0,0,1
-67.57,-68.13,5,2004-03-14 23:00:00+00:00,-60.2,-6.67,antData,0,0,0,0,1
-67.57,-68.13,5,2004-04-14 22:00:00+00:00,-133.72,-16.66,antData,0,0,0,0,1
-67.57,-68.13,5,2004-05-14 22:00:00+00:00,-89.86,-11.11,antData,0,0,0,0,1
-67.57,-68.13,5,2004-06-14 22:00:00+00:00,-80.11,-10.54,antData,0,0,0,0,1
-67.57,-68.13,5,2004-07-14 22:00:00+00:00,-125.68,-16.15,antData,0,0,0,0,1
-67.57,-68.13,5,2004-08-14 22:00:00+00:00,-124.57,-16.2,antData,0,0,0,0,1
-67.57,-68.13,5,2004-09-14 22:00:00+00:00,-118.55,-15.52,antData,0,0,0,0,1
-67.57,-68.13,5,2004-10-14 22:00:00+00:00,-109.8,-13.5,antData,0,0,0,0,1
-67.57,-68.13,5,2004-11-14 23:00:00+00:00,-109.1,-12.48,antData,0,0,0,0,1
-67.57,-68.13,5,2004-12-14 23:00:00+00:00,-104.14,-12.48,antData,0,0,0,0,1
-67.57,-68.13,5,2005-01-14 23:00:00+00:00,-76.26,-7.99,antData,0,0,0,0,1
-67.57,-68.13,5,2005-02-14 23:00:00+00:00,-75.18,-8.79,antData,0,0,0,0,1
-67.57,-68.13,5,2005-03-14 23:00:00+00:00,-92.01,-11.6,antData,0,0,0,0,1
-67.57,-68.13,5,2005-05-14 22:00:00+00:00,-120.2,-15.44,antData,0,0,0,0,1
-67.57,-68.13,5,2005-07-14 22:00:00+00:00,-119.67,-15.82,antData,0,0,0,0,1
-67.57,-68.13,5,2005-08-14 22:00:00+00:00,-117.33,-15.1,antData,0,0,0,0,1
-67.57,-68.13,5,2005-09-14 22:00:00+00:00,-111.8,-13.02,antData,0,0,0,0,1
-67.57,-68.13,5,2005-11-14 23:00:00+00:00,-102.54,-12.39,antData,0,0,0,0,1
-67.57,-68.13,5,2005-12-14 23:00:00+00:00,-97.82,-11.42,antData,0,0,0,0,1
-67.57,-68.13,5,2006-01-14 23:00:00+00:00,-38.26,-2.36,antData,0,0,0,0,1
-67.57,-68.13,5,2006-02-14 23:00:00+00:00,-108.25,-12.88,antData,0,0,0,0,1
-67.57,-68.13,5,2006-03-14 23:00:00+00:00,-94.85,-11.86,antData,0,0,0,0,1
-67.57,-68.13,5,2006-04-14 22:00:00+00:00,-100.38,-12.42,antData,0,0,0,0,1
-67.57,-68.13,5,2006-05-14 22:00:00+00:00,-148.35,-18.88,antData,0,0,0,0,1
-67.57,-68.13,5,2006-06-14 22:00:00+00:00,-87.74,-11.35,antData,0,0,0,0,1
-67.57,-68.13,5,2006-07-14 22:00:00+00:00,-155.6,-19.82,antData,0,0,0,0,1
-67.57,-68.13,5,2006-08-14 22:00:00+00:00,-115.19,-14.65,antData,0,0,0,0,1
-67.57,-68.13,5,2006-09-14 22:00:00+00:00,-125.53,-16.05,antData,0,0,0,0,1
-67.57,-68.13,5,2006-10-14 22:00:00+00:00,-108.61,-13.27,antData,0,0,0,0,1
-67.57,-68.13,5,2006-11-14 23:00:00+00:00,-135.27,-15.89,antData,0,0,0,0,1
-67.57,-68.13,5,2006-12-14 23:00:00+00:00,-126.94,-15.95,antData,0,0,0,0,1
-67.57,-68.13,5,2007-02-14 23:00:00+00:00,-74.4,-8.11,antData,0,0,0,0,1
-67.57,-68.13,5,2007-03-14 23:00:00+00:00,-103.11,-13.61,antData,0,0,0,0,1
-67.57,-68.13,5,2007-05-14 22:00:00+00:00,-83.57,-10.47,antData,0,0,0,0,1
-67.57,-68.13,5,2007-06-14 22:00:00+00:00,-105.7,-14.32,antData,0,0,0,0,1
-67.57,-68.13,5,2007-08-14 22:00:00+00:00,-116.88,-14.07,antData,0,0,0,0,1
-67.57,-68.13,5,2007-09-14 22:00:00+00:00,-72.9,-9.38,antData,0,0,0,0,1
-67.57,-68.13,5,2007-10-14 22:00:00+00:00,-133.39,-15.92,antData,0,0,0,0,1
-67.57,-68.13,5,2008-02-14 23:00:00+00:00,-85.35,-9.63,antData,0,0,0,0,1
-67.57,-68.13,5,2008-03-14 23:00:00+00:00,-116.11,-14.13,antData,0,0,0,0,1
-67.57,-68.13,5,2008-04-14 22:00:00+00:00,-116.63,-14.29,antData,0,0,0,0,1
-67.57,-68.13,5,2008-05-14 22:00:00+00:00,-140.02,-16.66,antData,0,0,0,0,1
-67.57,-68.13,5,2008-06-14 22:00:00+00:00,-87.2,-9.98,antData,0,0,0,0,1
-67.57,-68.13,5,2008-07-14 22:00:00+00:00,-113.28,-13.82,antData,0,0,0,0,1
-67.57,-68.13,5,2008-08-14 22:00:00+00:00,-66.95,-8.32,antData,0,0,0,0,1
-67.57,-68.13,5,2008-09-14 22:00:00+00:00,-83.88,-9.82,antData,0,0,0,0,1
-67.57,-68.13,5,2008-10-14 22:00:00+00:00,-88.78,-10.62,antData,0,0,0,0,1
-67.57,-68.13,5,2008-11-14 23:00:00+00:00,-61.81,-7.74,antData,0,0,0,0,1
-67.57,-68.13,5,2009-01-14 23:00:00+00:00,-60.01,-7.82,antData,0,0,0,0,1
-67.57,-68.13,5,2009-02-14 23:00:00+00:00,-70.66,-6.89,antData,0,0,0,0,1
-67.57,-68.13,5,2009-03-14 23:00:00+00:00,-95.95,-9.87,antData,0,0,0,0,1
-67.57,-68.13,5,2009-04-14 22:00:00+00:00,-134.41,-17.65,antData,0,0,0,0,1
-67.57,-68.13,5,2009-05-14 22:00:00+00:00,-101.29,-13.23,antData,0,0,0,0,1
-67.57,-68.13,5,2009-06-14 22:00:00+00:00,-120.24,-15.88,antData,0,0,0,0,1
-67.57,-68.13,5,2009-07-14 22:00:00+00:00,-125.01,-16.4,antData,0,0,0,0,1
-67.57,-68.13,5,2009-08-14 22:00:00+00:00,-125.79,-15.96,antData,0,0,0,0,1
-67.57,-68.13,5,2009-09-14 22:00:00+00:00,-127.89,-16.08,antData,0,0,0,0,1
-67.57,-68.13,5,2009-10-14 22:00:00+00:00,-123.6,-15.63,antData,0,0,0,0,1
-67.57,-68.13,5,2010-02-14 23:00:00+00:00,-158.419521,-20.25753762,antData,0,0,0,0,1
-67.57,-68.13,5,2010-03-14 23:00:00+00:00,-80.78744939,-10.96701,antData,0,0,0,0,1
-67.57,-68.13,5,2010-05-14 22:00:00+00:00,-145.4832326,-18.06861291,antData,0,0,0,0,1
-67.57,-68.13,5,2010-06-14 22:00:00+00:00,-103.1693024,-12.90566442,antData,0,0,0,0,1
-67.57,-68.13,5,2010-07-14 22:00:00+00:00,-141.7027569,-17.99699461,antData,0,0,0,0,1
-67.57,-68.13,5,2010-08-14 22:00:00+00:00,-125.5242189,-15.49373275,antData,0,0,0,0,1
-67.57,-68.13,5,2010-09-14 22:00:00+00:00,-102.1841523,-12.86132668,antData,0,0,0,0,1
-67.57,-68.13,5,2010-12-14 23:00:00+00:00,-85.89064014,-10.89945489,antData,0,0,0,0,1
-67.57,-68.13,5,2011-02-14 23:00:00+00:00,-91.07581422,-10.90448663,antData,0,0,0,0,1
-67.57,-68.13,5,2011-04-14 22:00:00+00:00,-107.234204,-13.96722374,antData,0,0,0,0,1
-67.57,-68.13,5,2011-05-14 22:00:00+00:00,-126.6336222,-16.2769796,antData,0,0,0,0,1
-67.57,-68.13,5,2011-07-14 22:00:00+00:00,-105.8368321,-13.02409089,antData,0,0,0,0,1
-67.57,-68.13,5,2011-08-14 22:00:00+00:00,-98.95951702,-13.00430426,antData,0,0,0,0,1
-67.57,-68.13,5,2011-09-14 22:00:00+00:00,-123.0243535,-15.59015716,antData,0,0,0,0,1
-67.57,-68.13,5,2011-11-14 23:00:00+00:00,-135.6954795,-17.37964044,antData,0,0,0,0,1
-67.57,-68.13,5,2012-01-14 23:00:00+00:00,-125.76,-15.19,antData,0,0,0,0,1
-67.57,-68.13,5,2012-03-14 23:00:00+00:00,-100.64,-12.86,antData,0,0,0,0,1
-67.57,-68.13,5,2012-04-14 22:00:00+00:00,-128.58,-15.64,antData,0,0,0,0,1
-67.57,-68.13,5,2012-05-14 22:00:00+00:00,-118.29,-15.25,antData,0,0,0,0,1
-67.57,-68.13,5,2012-06-14 22:00:00+00:00,-131.58,-17.1,antData,0,0,0,0,1
-67.57,-68.13,5,2012-07-14 22:00:00+00:00,-124.2,-15.33,antData,0,0,0,0,1
-67.57,-68.13,5,2012-08-14 22:00:00+00:00,-94.64,-12.47,antData,0,0,0,0,1
-67.57,-68.13,5,2012-09-14 22:00:00+00:00,-100.35,-12.62,antData,0,0,0,0,1
-67.57,-68.13,5,2012-10-14 22:00:00+00:00,-120.06,-15.11,antData,0,0,0,0,1
-67.57,-68.13,5,2012-11-14 23:00:00+00:00,-108.28,-13.06,antData,0,0,0,0,1
-67.57,-68.13,5,2013-01-14 23:00:00+00:00,-75.7,-7.41,antData,0,0,0,0,1
-67.57,-68.13,5,2013-02-14 23:00:00+00:00,-125.48,-15.32,antData,0,0,0,0,1
-67.57,-68.13,5,2013-03-14 23:00:00+00:00,-91.68,-11.36,antData,0,0,0,0,1
-67.57,-68.13,5,2013-04-14 22:00:00+00:00,-86.46,-11.23,antData,0,0,0,0,1
-67.57,-68.13,5,2013-05-14 22:00:00+00:00,-103.37,-13.26,antData,0,0,0,0,1
-67.57,-68.13,5,2013-06-14 22:00:00+00:00,-95.39,-12.85,antData,0,0,0,0,1
-67.57,-68.13,5,2013-07-14 22:00:00+00:00,-117.75,-15.18,antData,0,0,0,0,1
-67.57,-68.13,5,2013-08-14 22:00:00+00:00,-99.64,-13.3,antData,0,0,0,0,1
-67.57,-68.13,5,2013-09-14 22:00:00+00:00,-108.87,-14.11,antData,0,0,0,0,1
-67.57,-68.13,5,2013-10-14 22:00:00+00:00,-116.26,-14.54,antData,0,0,0,0,1
-67.57,-68.13,5,2013-11-14 23:00:00+00:00,-122.65,-14.99,antData,0,0,0,0,1
-67.57,-68.13,5,2013-12-14 23:00:00+00:00,-96.0,-10.23,antData,0,0,0,0,1
-67.57,-68.13,5,2014-02-14 23:00:00+00:00,-88.1,-11.39,antData,0,0,0,0,1
-67.57,-68.13,5,2014-03-14 23:00:00+00:00,-112.9,-14.25,antData,0,0,0,0,1
-67.57,-68.13,5,2014-04-14 22:00:00+00:00,-103.1,-13.1,antData,0,0,0,0,1
-67.57,-68.13,5,2014-05-14 22:00:00+00:00,-171.8,-22.29,antData,0,0,0,0,1
-67.57,-68.13,5,2014-06-14 22:00:00+00:00,-129.6,-16.8,antData,0,0,0,0,1
-67.57,-68.13,5,2014-07-14 22:00:00+00:00,-104.6,-13.92,antData,0,0,0,0,1
-67.57,-68.13,5,2014-08-14 22:00:00+00:00,-153.7,-19.54,antData,0,0,0,0,1
-67.57,-68.13,5,2014-09-14 22:00:00+00:00,-112.1,-14.4,antData,0,0,0,0,1
-67.57,-68.13,5,2015-01-14 23:00:00+00:00,-154.1,-19.46,antData,0,0,0,0,1
-67.57,-68.13,5,2015-02-14 23:00:00+00:00,-96.3,-12.15,antData,0,0,0,0,1
-67.57,-68.13,5,2015-03-14 23:00:00+00:00,-107.8,-13.94,antData,0,0,0,0,1
-67.57,-68.13,5,2015-04-14 22:00:00+00:00,-102.1,-13.01,antData,0,0,0,0,1
-67.57,-68.13,5,2015-05-14 22:00:00+00:00,-113.7,-15.11,antData,0,0,0,0,1
-67.57,-68.13,5,2015-06-14 22:00:00+00:00,-131.3,-17.59,antData,0,0,0,0,1
-67.57,-68.13,5,2015-07-14 22:00:00+00:00,-126.4,-16.32,antData,0,0,0,0,1
-67.57,-68.13,5,2015-08-14 22:00:00+00:00,-112.6,-14.83,antData,0,0,0,0,1
-67.57,-68.13,5,2015-09-14 22:00:00+00:00,-126.3,-16.35,antData,0,0,0,0,1
-67.57,-68.13,5,2015-10-14 22:00:00+00:00,-113.4,-14.19,antData,0,0,0,0,1
-67.57,-68.13,5,2015-11-14 23:00:00+00:00,-146.6,-18.37,antData,0,0,0,0,1
-67.57,-68.13,5,2016-04-14 22:00:00+00:00,-129.3,-16.35,antData,0,0,0,0,1
-67.57,-68.13,5,2016-05-14 22:00:00+00:00,-135.9,-17.26,antData,0,0,0,0,1
-67.57,-68.13,5,2016-06-14 22:00:00+00:00,-167.9,-21.41,antData,0,0,0,0,1
-67.57,-68.13,5,2016-07-14 22:00:00+00:00,-123.6,-15.81,antData,0,0,0,0,1
-67.57,-68.13,5,2016-08-14 22:00:00+00:00,-124.5,-15.88,antData,0,0,0,0,1
-67.57,-68.13,5,2016-09-14 22:00:00+00:00,-113.8,-14.58,antData,0,0,0,0,1
-67.57,-68.13,5,2016-11-14 23:00:00+00:00,-129.3,-16.52,antData,0,0,0,0,1
-67.57,-68.13,5,2020-01-14 23:00:00+00:00,-125.0,-15.77,antData,0,0,0,0,1
-67.57,-68.13,5,2020-07-14 22:00:00+00:00,-135.3,-17.53,antData,0,0,0,0,1
-67.57,-68.13,5,1999-12-31 23:00:00+00:00,-110.9,-13.73,antData,0,0,0,0,1
-67.57,-68.13,5,2007-04-14 22:00:00+00:00,-166.77,-20.4,antData,0,0,0,0,1
-67.57,-68.13,5,2012-12-14 23:00:00+00:00,-141.31,-18.02,antData,0,0,0,0,1
-67.57,-68.13,5,2017-03-14 23:00:00+00:00,-97.3,-12.24,antData,0,0,0,0,1
-67.57,-68.13,5,2017-05-14 22:00:00+00:00,-103.0,-13.49,antData,0,0,0,0,1
-67.57,-68.13,5,2017-06-14 22:00:00+00:00,-107.1,-13.89,antData,0,0,0,0,1
-67.57,-68.13,5,2017-07-14 22:00:00+00:00,-99.0,-13.02,antData,0,0,0,0,1
-67.57,-68.13,5,2017-08-14 22:00:00+00:00,-122.2,-15.62,antData,0,0,0,0,1
-67.57,-68.13,5,2017-09-14 22:00:00+00:00,-106.3,-14.0,antData,0,0,0,0,1
-67.57,-68.13,5,2017-10-14 22:00:00+00:00,-135.7,-17.2,antData,0,0,0,0,1
-67.57,-68.13,5,2018-03-14 23:00:00+00:00,-100.9,-12.91,antData,0,0,0,0,1
-67.57,-68.13,5,2018-04-14 22:00:00+00:00,-77.3,-9.75,antData,0,0,0,0,1
-67.57,-68.13,5,2018-05-14 22:00:00+00:00,-107.2,-13.92,antData,0,0,0,0,1
-67.57,-68.13,5,2018-06-14 22:00:00+00:00,-126.3,-16.12,antData,0,0,0,0,1
-67.57,-68.13,5,2018-07-14 22:00:00+00:00,-122.4,-15.72,antData,0,0,0,0,1
-67.57,-68.13,5,2018-08-14 22:00:00+00:00,-140.1,-18.06,antData,0,0,0,0,1
-67.57,-68.13,5,2018-09-14 22:00:00+00:00,-118.3,-15.18,antData,0,0,0,0,1
-67.57,-68.13,5,2018-10-14 22:00:00+00:00,-100.6,-12.74,antData,0,0,0,0,1
-67.57,-68.13,5,2019-05-14 22:00:00+00:00,-95.0,-12.13,antData,0,0,0,0,1
-67.57,-68.13,5,2019-06-14 22:00:00+00:00,-129.0,-16.24,antData,0,0,0,0,1
-67.57,-68.13,5,2019-07-14 22:00:00+00:00,-112.1,-14.2,antData,0,0,0,0,1
-67.57,-68.13,5,2019-08-14 22:00:00+00:00,-111.9,-13.66,antData,0,0,0,0,1
-67.57,-68.13,5,2019-09-14 22:00:00+00:00,-153.1,-19.39,antData,0,0,0,0,1
-67.57,-68.13,5,2019-10-14 22:00:00+00:00,-116.6,-14.75,antData,0,0,0,0,1
-67.57,-68.13,5,2019-11-14 23:00:00+00:00,-137.2,-17.45,antData,0,0,0,0,1
-67.57,-68.13,5,2020-02-14 23:00:00+00:00,-109.0,-14.03,antData,0,0,0,0,1
-67.57,-68.13,5,2020-03-14 23:00:00+00:00,-94.5,-12.01,antData,0,0,0,0,1
-67.57,-68.13,5,2020-04-14 22:00:00+00:00,-143.9,-18.48,antData,0,0,0,0,1
-67.57,-68.13,5,2020-05-14 22:00:00+00:00,-88.1,-10.79,antData,0,0,0,0,1
-67.57,-68.13,5,2020-06-14 22:00:00+00:00,-132.6,-16.95,antData,0,0,0,0,1
-67.57,-68.13,5,2020-08-14 22:00:00+00:00,-127.8,-16.53,antData,0,0,0,0,1
-67.57,-68.13,5,2020-09-14 22:00:00+00:00,-106.6,-13.47,antData,0,0,0,0,1
-67.57,-68.13,5,2020-10-14 22:00:00+00:00,-124.9,-15.72,antData,0,0,0,0,1
-67.57,-68.13,5,2020-11-14 23:00:00+00:00,-108.4,-13.26,antData,0,0,0,0,1
-67.57,-68.13,5,2020-12-14 23:00:00+00:00,-108.3,-14.06,antData,0,0,0,0,1
-67.57,-68.13,5,2021-01-14 23:00:00+00:00,-111.1,-13.8,antData,0,0,0,0,1
-67.57,-68.13,5,2021-02-14 23:00:00+00:00,-152.2,-19.49,antData,0,0,0,0,1
-67.57,-68.13,5,2021-03-14 23:00:00+00:00,-185.4,-23.61,antData,0,0,0,0,1
-67.57,-68.13,5,2021-04-14 22:00:00+00:00,-109.4,-13.62,antData,0,0,0,0,1
-67.57,-68.13,5,2021-05-14 22:00:00+00:00,-123.1,-15.81,antData,0,0,0,0,1
-67.57,-68.13,5,2021-06-14 22:00:00+00:00,-125.3,-15.75,antData,0,0,0,0,1
-67.57,-68.13,5,2021-07-14 22:00:00+00:00,-129.7,-16.63,antData,0,0,0,0,1
-67.57,-68.13,5,2021-08-14 22:00:00+00:00,-139.7,-17.79,antData,0,0,0,0,1
-67.57,-68.13,5,2021-09-14 22:00:00+00:00,-112.1,-14.28,antData,0,0,0,0,1
-67.57,-68.13,5,2021-10-14 22:00:00+00:00,-145.1,-18.39,antData,0,0,0,0,1
-67.57,-68.13,5,2021-11-14 23:00:00+00:00,-91.7,-11.27,antData,0,0,0,0,1
-67.57,-68.13,5,2021-12-14 23:00:00+00:00,-100.9,-12.39,antData,0,0,0,0,1
49.67,-93.72,420,1997-02-14 23:00:00+00:00,-191.0,-24.16,lakeWoods,0,0,0,1,0
49.67,-93.72,420,1997-05-14 22:00:00+00:00,-106.6,-13.34,lakeWoods,0,0,0,1,0
49.67,-93.72,420,1997-06-14 22:00:00+00:00,-81.1,-10.15,lakeWoods,0,0,0,1,0
49.67,-93.72,420,1997-07-14 22:00:00+00:00,-62.4,-8.36,lakeWoods,0,0,0,1,0
49.67,-93.72,420,1997-10-14 22:00:00+00:00,-72.4,-9.89,lakeWoods,0,0,0,1,0
49.67,-93.72,420,1997-11-14 23:00:00+00:00,-147.1,-19.26,lakeWoods,0,0,0,1,0
49.67,-93.72,420,1998-01-14 23:00:00+00:00,-214.7,-27.28,lakeWoods,0,0,0,1,0
49.67,-93.72,420,1998-02-14 23:00:00+00:00,-106.8,-14.14,lakeWoods,0,0,0,1,0
49.67,-93.72,420,1998-04-14 22:00:00+00:00,-22.8,-4.42,lakeWoods,0,0,0,1,0
49.67,-93.72,420,1998-05-14 22:00:00+00:00,-39.2,-5.9,lakeWoods,0,0,0,1,0
49.67,-93.72,420,1998-06-14 22:00:00+00:00,-103.2,-13.89,lakeWoods,0,0,0,1,0
49.67,-93.72,420,1998-08-14 22:00:00+00:00,-55.4,-7.15,lakeWoods,0,0,0,1,0
49.67,-93.72,420,1998-09-14 22:00:00+00:00,-77.7,-10.67,lakeWoods,0,0,0,1,0
49.67,-93.72,420,1998-10-14 22:00:00+00:00,-68.2,-9.46,lakeWoods,0,0,0,1,0
49.67,-93.72,420,1998-11-14 23:00:00+00:00,-157.0,-20.19,lakeWoods,0,0,0,1,0
49.67,-93.72,420,1998-12-14 23:00:00+00:00,-181.7,-23.8,lakeWoods,0,0,0,1,0
49.67,-93.72,420,1999-01-14 23:00:00+00:00,-184.6,-25.43,lakeWoods,0,0,0,1,0
49.67,-93.72,420,1999-02-14 23:00:00+00:00,-124.8,-16.78,lakeWoods,0,0,0,1,0
49.67,-93.72,420,1999-03-14 23:00:00+00:00,-104.2,-14.77,lakeWoods,0,0,0,1,0
49.67,-93.72,420,1999-04-14 22:00:00+00:00,-80.9,-11.53,lakeWoods,0,0,0,1,0
49.67,-93.72,420,1999-06-14 22:00:00+00:00,-54.5,-8.05,lakeWoods,0,0,0,1,0
49.67,-93.72,420,1999-07-14 22:00:00+00:00,-49.3,-7.56,lakeWoods,0,0,0,1,0
49.67,-93.72,420,1999-08-14 22:00:00+00:00,-89.3,-12.76,lakeWoods,0,0,0,1,0
49.67,-93.72,420,1999-09-14 22:00:00+00:00,-88.0,-12.4,lakeWoods,0,0,0,1,0
49.67,-93.72,420,1999-10-14 22:00:00+00:00,-119.5,-16.32,lakeWoods,0,0,0,1,0
49.67,-93.72,420,1999-11-14 23:00:00+00:00,-159.5,-21.52,lakeWoods,0,0,0,1,0
49.67,-93.72,420,1999-12-14 23:00:00+00:00,-83.8,-12.42,lakeWoods,0,0,0,1,0
49.67,-93.72,420,2000-01-14 23:00:00+00:00,-175.2,-23.55,lakeWoods,0,0,0,1,0
49.67,-93.72,420,2000-03-14 23:00:00+00:00,-82.2,-11.76,lakeWoods,0,0,0,1,0
49.67,-93.72,420,2000-04-14 22:00:00+00:00,-109.0,-13.89,lakeWoods,0,0,0,1,0
49.67,-93.72,420,2000-05-14 22:00:00+00:00,-80.4,-10.69,lakeWoods,0,0,0,1,0
49.67,-93.72,420,2000-06-14 22:00:00+00:00,-74.8,-10.4,lakeWoods,0,0,0,1,0
49.67,-93.72,420,2000-07-14 22:00:00+00:00,-68.6,-9.56,lakeWoods,0,0,0,1,0
49.67,-93.72,420,2000-08-14 22:00:00+00:00,-60.3,-9.07,lakeWoods,0,0,0,1,0
49.67,-93.72,420,2000-09-14 22:00:00+00:00,-117.0,-15.56,lakeWoods,0,0,0,1,0
49.67,-93.72,420,2000-10-14 22:00:00+00:00,-70.9,-10.52,lakeWoods,0,0,0,1,0
49.67,-93.72,420,2000-11-14 23:00:00+00:00,-96.7,-14.04,lakeWoods,0,0,0,1,0
49.67,-93.72,420,2000-12-14 23:00:00+00:00,-209.6,-28.29,lakeWoods,0,0,0,1,0
49.67,-93.72,420,2001-01-14 23:00:00+00:00,-176.5,-23.52,lakeWoods,0,0,0,1,0
49.67,-93.72,420,2001-02-14 23:00:00+00:00,-145.4,-19.84,lakeWoods,0,0,0,1,0
49.67,-93.72,420,2001-03-14 23:00:00+00:00,-143.6,-19.34,lakeWoods,0,0,0,1,0
49.67,-93.72,420,2001-04-14 22:00:00+00:00,-175.6,-23.75,lakeWoods,0,0,0,1,0
49.67,-93.72,420,2001-05-14 22:00:00+00:00,-103.2,-14.01,lakeWoods,0,0,0,1,0
49.67,-93.72,420,2001-06-14 22:00:00+00:00,-55.8,-8.14,lakeWoods,0,0,0,1,0
49.67,-93.72,420,2001-07-14 22:00:00+00:00,-38.7,-5.78,lakeWoods,0,0,0,1,0
49.67,-93.72,420,2001-08-14 22:00:00+00:00,-60.7,-8.75,lakeWoods,0,0,0,1,0
49.67,-93.72,420,2001-09-14 22:00:00+00:00,-60.0,-8.54,lakeWoods,0,0,0,1,0
49.67,-93.72,420,2001-10-14 22:00:00+00:00,-115.7,-15.64,lakeWoods,0,0,0,1,0
49.67,-93.72,420,2001-11-14 23:00:00+00:00,-153.4,-20.62,lakeWoods,0,0,0,1,0
49.67,-93.72,420,2001-12-14 23:00:00+00:00,-106.6,-14.63,lakeWoods,0,0,0,1,0
49.67,-93.72,420,2002-01-14 23:00:00+00:00,-190.3,-24.94,lakeWoods,0,0,0,1,0
49.67,-93.72,420,2002-02-14 23:00:00+00:00,-180.4,-24.03,lakeWoods,0,0,0,1,0
49.67,-93.72,420,2002-03-14 23:00:00+00:00,-175.1,-23.21,lakeWoods,0,0,0,1,0
49.67,-93.72,420,2002-04-14 22:00:00+00:00,-77.5,-11.61,lakeWoods,0,0,0,1,0
49.67,-93.72,420,2002-05-14 22:00:00+00:00,-93.0,-12.73,lakeWoods,0,0,0,1,0
49.67,-93.72,420,2002-06-14 22:00:00+00:00,-59.2,-8.49,lakeWoods,0,0,0,1,0
49.67,-93.72,420,2002-07-14 22:00:00+00:00,-64.4,-8.32,lakeWoods,0,0,0,1,0
49.67,-93.72,420,2002-08-14 22:00:00+00:00,-74.7,-10.36,lakeWoods,0,0,0,1,0
49.67,-93.72,420,2002-09-14 22:00:00+00:00,-52.2,-8.2,lakeWoods,0,0,0,1,0
49.67,-93.72,420,2002-10-14 22:00:00+00:00,-126.5,-17.84,lakeWoods,0,0,0,1,0
49.67,-93.72,420,2002-11-14 23:00:00+00:00,-161.8,-21.79,lakeWoods,0,0,0,1,0
49.67,-93.72,420,2002-12-14 23:00:00+00:00,-133.2,-18.29,lakeWoods,0,0,0,1,0
49.67,-93.72,420,2003-01-14 23:00:00+00:00,-177.7,-23.61,lakeWoods,0,0,0,1,0
49.67,-93.72,420,2003-02-14 23:00:00+00:00,-203.1,-26.96,lakeWoods,0,0,0,1,0
49.67,-93.72,420,2003-03-14 23:00:00+00:00,-198.2,-25.98,lakeWoods,0,0,0,1,0
49.67,-93.72,420,2003-04-14 22:00:00+00:00,-87.3,-12.27,lakeWoods,0,0,0,1,0
49.67,-93.72,420,2003-05-14 22:00:00+00:00,-69.3,-9.53,lakeWoods,0,0,0,1,0
49.67,-93.72,420,2003-06-14 22:00:00+00:00,-69.7,-9.3,lakeWoods,0,0,0,1,0
49.67,-93.72,420,2003-07-14 22:00:00+00:00,-84.1,-11.05,lakeWoods,0,0,0,1,0
49.67,-93.72,420,2003-08-14 22:00:00+00:00,-57.5,-8.21,lakeWoods,0,0,0,1,0
49.67,-93.72,420,2003-09-14 22:00:00+00:00,-83.5,-12.25,lakeWoods,0,0,0,1,0
49.67,-93.72,420,2003-10-14 22:00:00+00:00,-129.4,-17.62,lakeWoods,0,0,0,1,0
49.67,-93.72,420,2003-11-14 23:00:00+00:00,-154.3,-21.39,lakeWoods,0,0,0,1,0
49.67,-93.72,420,2003-12-14 23:00:00+00:00,-158.5,-21.07,lakeWoods,0,0,0,1,0
49.67,-93.72,420,2004-01-14 23:00:00+00:00,-169.2,-22.64,lakeWoods,0,0,0,1,0
49.67,-93.72,420,2004-02-14 23:00:00+00:00,-184.8,-23.31,lakeWoods,0,0,0,1,0
49.67,-93.72,420,2004-03-14 23:00:00+00:00,-129.8,-17.64,lakeWoods,0,0,0,1,0
49.67,-93.72,420,2004-04-14 22:00:00+00:00,-69.1,-8.95,lakeWoods,0,0,0,1,0
49.67,-93.72,420,2004-05-14 22:00:00+00:00,-76.4,-10.85,lakeWoods,0,0,0,1,0
49.67,-93.72,420,2004-06-14 22:00:00+00:00,-69.8,-9.78,lakeWoods,0,0,0,1,0
49.67,-93.72,420,2004-07-14 22:00:00+00:00,-97.0,-13.05,lakeWoods,0,0,0,1,0
49.67,-93.72,420,2004-08-14 22:00:00+00:00,-68.1,-9.32,lakeWoods,0,0,0,1,0
49.67,-93.72,420,2004-09-14 22:00:00+00:00,-78.5,-10.96,lakeWoods,0,0,0,1,0
49.67,-93.72,420,2004-10-14 22:00:00+00:00,-75.2,-10.85,lakeWoods,0,0,0,1,0
49.67,-93.72,420,2004-11-14 23:00:00+00:00,-85.1,-11.9,lakeWoods,0,0,0,1,0
49.67,-93.72,420,2004-12-14 23:00:00+00:00,-132.4,-17.22,lakeWoods,0,0,0,1,0
49.67,-93.72,420,2005-01-14 23:00:00+00:00,-153.6,-19.89,lakeWoods,0,0,0,1,0
49.67,-93.72,420,2005-02-14 23:00:00+00:00,-175.0,-23.46,lakeWoods,0,0,0,1,0
49.67,-93.72,420,2005-03-14 23:00:00+00:00,-181.0,-23.43,lakeWoods,0,0,0,1,0
49.67,-93.72,420,2005-04-14 22:00:00+00:00,-155.2,-20.21,lakeWoods,0,0,0,1,0
49.67,-93.72,420,2005-05-14 22:00:00+00:00,-76.9,-10.22,lakeWoods,0,0,0,1,0
49.67,-93.72,420,2005-06-14 22:00:00+00:00,-79.0,-11.33,lakeWoods,0,0,0,1,0
49.67,-93.72,420,2005-07-14 22:00:00+00:00,-43.6,-7.07,lakeWoods,0,0,0,1,0
49.67,-93.72,420,2005-08-14 22:00:00+00:00,-60.9,-7.78,lakeWoods,0,0,0,1,0
49.67,-93.72,420,2005-09-14 22:00:00+00:00,-65.6,-9.37,lakeWoods,0,0,0,1,0
49.67,-93.72,420,2005-10-14 22:00:00+00:00,-79.7,-11.79,lakeWoods,0,0,0,1,0
49.67,-93.72,420,2005-11-14 23:00:00+00:00,-110.5,-14.86,lakeWoods,0,0,0,1,0
49.67,-93.72,420,2005-12-14 23:00:00+00:00,-139.8,-18.97,lakeWoods,0,0,0,1,0
49.67,-93.72,420,2006-01-14 23:00:00+00:00,-195.4,-25.5,lakeWoods,0,0,0,1,0
49.67,-93.72,420,2006-02-14 23:00:00+00:00,-173.8,-22.98,lakeWoods,0,0,0,1,0
49.67,-93.72,420,2006-03-14 23:00:00+00:00,-177.5,-23.31,lakeWoods,0,0,0,1,0
49.67,-93.72,420,2006-04-14 22:00:00+00:00,-112.1,-15.67,lakeWoods,0,0,0,1,0
49.67,-93.72,420,2006-05-14 22:00:00+00:00,-92.7,-11.94,lakeWoods,0,0,0,1,0
49.67,-93.72,420,2006-06-14 22:00:00+00:00,-77.5,-11.12,lakeWoods,0,0,0,1,0
49.67,-93.72,420,2006-07-14 22:00:00+00:00,-59.2,-8.43,lakeWoods,0,0,0,1,0
49.67,-93.72,420,2006-08-14 22:00:00+00:00,-57.0,-7.37,lakeWoods,0,0,0,1,0
49.67,-93.72,420,2006-09-14 22:00:00+00:00,-52.8,-7.99,lakeWoods,0,0,0,1,0
49.67,-93.72,420,2006-10-14 22:00:00+00:00,-74.8,-10.97,lakeWoods,0,0,0,1,0
49.67,-93.72,420,2006-11-14 23:00:00+00:00,-150.7,-20.6,lakeWoods,0,0,0,1,0
49.67,-93.72,420,2006-12-14 23:00:00+00:00,-121.5,-17.18,lakeWoods,0,0,0,1,0
49.67,-93.72,420,2007-01-14 23:00:00+00:00,-160.0,-21.58,lakeWoods,0,0,0,1,0
49.67,-93.72,420,2007-02-14 23:00:00+00:00,-116.7,-16.67,lakeWoods,0,0,0,1,0
49.67,-93.72,420,2007-03-14 23:00:00+00:00,-113.3,-15.56,lakeWoods,0,0,0,1,0
49.67,-93.72,420,2007-05-14 22:00:00+00:00,-59.9,-9.3,lakeWoods,0,0,0,1,0
49.67,-93.72,420,2007-06-14 22:00:00+00:00,-53.5,-8.14,lakeWoods,0,0,0,1,0
49.67,-93.72,420,2007-07-14 22:00:00+00:00,-123.6,-16.57,lakeWoods,0,0,0,1,0
49.67,-93.72,420,2007-08-14 22:00:00+00:00,-78.1,-10.73,lakeWoods,0,0,0,1,0
49.67,-93.72,420,2007-09-14 22:00:00+00:00,-68.8,-9.73,lakeWoods,0,0,0,1,0
49.67,-93.72,420,2007-10-14 22:00:00+00:00,-85.2,-12.4,lakeWoods,0,0,0,1,0
49.67,-93.72,420,2007-11-14 23:00:00+00:00,-164.7,-22.53,lakeWoods,0,0,0,1,0
49.67,-93.72,420,2007-12-14 23:00:00+00:00,-186.5,-24.88,lakeWoods,0,0,0,1,0
49.67,-93.72,420,2008-01-14 23:00:00+00:00,-171.3,-22.87,lakeWoods,0,0,0,1,0
49.67,-93.72,420,2008-02-14 23:00:00+00:00,-186.6,-23.97,lakeWoods,0,0,0,1,0
49.67,-93.72,420,2008-03-14 23:00:00+00:00,-142.0,-18.97,lakeWoods,0,0,0,1,0
49.67,-93.72,420,2008-04-14 22:00:00+00:00,-91.0,-12.9,lakeWoods,0,0,0,1,0
49.67,-93.72,420,2008-05-14 22:00:00+00:00,-82.2,-11.8,lakeWoods,0,0,0,1,0
49.67,-93.72,420,2008-06-14 22:00:00+00:00,-96.5,-13.24,lakeWoods,0,0,0,1,0
49.67,-93.72,420,2008-07-14 22:00:00+00:00,-77.0,-10.85,lakeWoods,0,0,0,1,0
49.67,-93.72,420,2008-08-14 22:00:00+00:00,-59.7,-9.24,lakeWoods,0,0,0,1,0
49.67,-93.72,420,2008-09-14 22:00:00+00:00,-94.8,-14.16,lakeWoods,0,0,0,1,0
49.67,-93.72,420,2008-10-14 22:00:00+00:00,-69.6,-10.26,lakeWoods,0,0,0,1,0
49.67,-93.72,420,2008-11-14 23:00:00+00:00,-109.4,-15.41,lakeWoods,0,0,0,1,0
49.67,-93.72,420,2008-12-14 23:00:00+00:00,-225.8,-30.82,lakeWoods,0,0,0,1,0
49.67,-93.72,420,2009-01-14 23:00:00+00:00,-180.2,-24.55,lakeWoods,0,0,0,1,0
49.67,-93.72,420,2009-02-14 23:00:00+00:00,-128.5,-17.4,lakeWoods,0,0,0,1,0
49.67,-93.72,420,2009-03-14 23:00:00+00:00,-119.6,-15.75,lakeWoods,0,0,0,1,0
49.67,-93.72,420,2009-04-14 22:00:00+00:00,-80.4,-11.58,lakeWoods,0,0,0,1,0
49.67,-93.72,420,2009-05-14 22:00:00+00:00,-82.3,-11.61,lakeWoods,0,0,0,1,0
49.67,-93.72,420,2009-06-14 22:00:00+00:00,-102.6,-13.52,lakeWoods,0,0,0,1,0
49.67,-93.72,420,2009-07-14 22:00:00+00:00,-106.2,-14.45,lakeWoods,0,0,0,1,0
49.67,-93.72,420,2009-08-14 22:00:00+00:00,-59.6,-8.73,lakeWoods,0,0,0,1,0
49.67,-93.72,420,2009-09-14 22:00:00+00:00,-60.8,-8.87,lakeWoods,0,0,0,1,0
49.67,-93.72,420,2009-10-14 22:00:00+00:00,-149.7,-20.78,lakeWoods,0,0,0,1,0
49.67,-93.72,420,2009-11-14 23:00:00+00:00,-73.4,-11.27,lakeWoods,0,0,0,1,0
49.67,-93.72,420,2009-12-14 23:00:00+00:00,-171.5,-22.83,lakeWoods,0,0,0,1,0
49.67,-93.72,420,2010-01-14 23:00:00+00:00,-121.2,-16.16,lakeWoods,0,0,0,1,0
49.67,-93.72,420,2010-02-14 23:00:00+00:00,-199.8,-26.99,lakeWoods,0,0,0,1,0
49.67,-93.72,420,2010-03-14 23:00:00+00:00,-78.6,-11.52,lakeWoods,0,0,0,1,0
49.67,-93.72,420,2010-04-14 22:00:00+00:00,-42.8,-7.5,lakeWoods,0,0,0,1,0
49.67,-93.72,420,2010-05-14 22:00:00+00:00,-68.6,-9.77,lakeWoods,0,0,0,1,0
49.67,-93.72,420,2010-06-14 22:00:00+00:00,-96.5,-13.29,lakeWoods,0,0,0,1,0
49.67,-93.72,420,2010-07-14 22:00:00+00:00,-62.7,-9.18,lakeWoods,0,0,0,1,0
49.67,-93.72,420,2010-08-14 22:00:00+00:00,-75.3,-10.67,lakeWoods,0,0,0,1,0
49.67,-93.72,420,2010-09-14 22:00:00+00:00,-95.2,-13.28,lakeWoods,0,0,0,1,0
49.67,-93.72,420,2010-10-14 22:00:00+00:00,-105.9,-14.65,lakeWoods,0,0,0,1,0
49.67,-93.72,420,2010-11-14 23:00:00+00:00,-138.9,-18.78,lakeWoods,0,0,0,1,0
49.67,-93.72,420,2007-04-14 22:00:00+00:00,-64.5,-9.89,lakeWoods,0,0,0,1,0
29.7,91.13333333,3649,1986-06-14 22:00:00+00:00,-151.3,-19.26,tibetPlat,0,0,0,1,0
29.7,91.13333333,3649,1986-07-14 22:00:00+00:00,-118.7,-15.28,tibetPlat,0,0,0,1,0
29.7,91.13333333,3649,1986-08-14 22:00:00+00:00,-142.0,-18.79,tibetPlat,0,0,0,1,0
29.7,91.13333333,3649,1986-09-14 22:00:00+00:00,-111.9,-15.55,tibetPlat,0,0,0,1,0
29.7,91.13333333,3649,1986-10-14 22:00:00+00:00,-184.8,-25.48,tibetPlat,0,0,0,1,0
29.7,91.13333333,3649,1987-01-14 23:00:00+00:00,-30.0,-4.5,tibetPlat,0,0,0,1,0
29.7,91.13333333,3649,1987-03-14 23:00:00+00:00,-90.9,-13.11,tibetPlat,0,0,0,1,0
29.7,91.13333333,3649,1987-04-14 22:00:00+00:00,-84.1,-12.63,tibetPlat,0,0,0,1,0
29.7,91.13333333,3649,1987-05-14 22:00:00+00:00,-144.5,-20.93,tibetPlat,0,0,0,1,0
29.7,91.13333333,3649,1987-06-14 22:00:00+00:00,-63.2,-8.85,tibetPlat,0,0,0,1,0
29.7,91.13333333,3649,1987-07-14 22:00:00+00:00,-62.3,-9.06,tibetPlat,0,0,0,1,0
29.7,91.13333333,3649,1988-04-14 22:00:00+00:00,-19.3,-5.43,tibetPlat,0,0,0,1,0
29.7,91.13333333,3649,1988-05-14 22:00:00+00:00,35.7,0.94,tibetPlat,0,0,0,1,0
29.7,91.13333333,3649,1988-06-14 22:00:00+00:00,-80.4,-10.75,tibetPlat,0,0,0,1,0
29.7,91.13333333,3649,1988-07-14 22:00:00+00:00,-48.1,-7.09,tibetPlat,0,0,0,1,0
29.7,91.13333333,3649,1988-09-14 22:00:00+00:00,-92.8,-12.76,tibetPlat,0,0,0,1,0
29.7,91.13333333,3649,1988-11-14 23:00:00+00:00,-61.2,-11.05,tibetPlat,0,0,0,1,0
29.7,91.13333333,3649,1989-04-14 22:00:00+00:00,-40.4,-7.07,tibetPlat,0,0,0,1,0
29.7,91.13333333,3649,1989-05-14 22:00:00+00:00,-2.8,-2.48,tibetPlat,0,0,0,1,0
29.7,91.13333333,3649,1989-06-14 22:00:00+00:00,-55.0,-6.4,tibetPlat,0,0,0,1,0
29.7,91.13333333,3649,1989-07-14 22:00:00+00:00,-115.7,-15.34,tibetPlat,0,0,0,1,0
29.7,91.13333333,3649,1989-08-14 22:00:00+00:00,-182.1,-24.28,tibetPlat,0,0,0,1,0
29.7,91.13333333,3649,1989-09-14 22:00:00+00:00,-160.9,-21.03,tibetPlat,0,0,0,1,0
29.7,91.13333333,3649,1990-05-14 22:00:00+00:00,-59.8,-8.82,tibetPlat,0,0,0,1,0
29.7,91.13333333,3649,1990-06-14 22:00:00+00:00,-7.7,-3.33,tibetPlat,0,0,0,1,0
29.7,91.13333333,3649,1990-07-14 22:00:00+00:00,-147.4,-19.59,tibetPlat,0,0,0,1,0
29.7,91.13333333,3649,1990-08-14 22:00:00+00:00,-188.2,-25.17,tibetPlat,0,0,0,1,0
29.7,91.13333333,3649,1990-09-14 22:00:00+00:00,-154.8,-21.08,tibetPlat,0,0,0,1,0
29.7,91.13333333,3649,1991-05-14 22:00:00+00:00,-4.6,-2.27,tibetPlat,0,0,0,1,0
29.7,91.13333333,3649,1991-06-14 22:00:00+00:00,-69.5,-9.5,tibetPlat,0,0,0,1,0
29.7,91.13333333,3649,1991-07-14 22:00:00+00:00,-97.2,-13.66,tibetPlat,0,0,0,1,0
29.7,91.13333333,3649,1991-08-14 22:00:00+00:00,-161.3,-21.64,tibetPlat,0,0,0,1,0
29.7,91.13333333,3649,1991-09-14 22:00:00+00:00,-113.8,-15.86,tibetPlat,0,0,0,1,0
29.7,91.13333333,3649,1992-01-14 23:00:00+00:00,-123.6,-16.39,tibetPlat,0,0,0,1,0
29.7,91.13333333,3649,1992-03-14 23:00:00+00:00,-151.1,-20.54,tibetPlat,0,0,0,1,0
29.7,91.13333333,3649,1992-05-14 22:00:00+00:00,-26.6,-5.5,tibetPlat,0,0,0,1,0
29.7,91.13333333,3649,1992-06-14 22:00:00+00:00,-39.0,-6.26,tibetPlat,0,0,0,1,0
29.7,91.13333333,3649,1992-07-14 22:00:00+00:00,-134.1,-17.7,tibetPlat,0,0,0,1,0
29.7,91.13333333,3649,1992-08-14 22:00:00+00:00,-136.9,-17.89,tibetPlat,0,0,0,1,0
29.7,91.13333333,3649,1992-09-14 22:00:00+00:00,-96.8,-8.91,tibetPlat,0,0,0,1,0
29.7,91.13333333,3649,1992-10-14 22:00:00+00:00,-144.6,-19.26,tibetPlat,0,0,0,1,0
29.7,91.13333333,3649,1992-12-14 23:00:00+00:00,-94.6,-14.52,tibetPlat,0,0,0,1,0
12.54194444,39.76972222,1832,2002-06-14 22:00:00+00:00,40.85,6.08,ethiopiaHigh,0,1,0,0,0
12.54194444,39.76972222,1832,2002-07-14 22:00:00+00:00,6.62,-0.97,ethiopiaHigh,0,1,0,0,0
12.54194444,39.76972222,1832,2002-08-14 22:00:00+00:00,0.9,-1.66,ethiopiaHigh,0,1,0,0,0
12.54194444,39.76972222,1832,2002-09-14 22:00:00+00:00,-15.72,-3.88,ethiopiaHigh,0,1,0,0,0
12.54194444,39.76972222,1832,2002-10-14 22:00:00+00:00,4.02,-0.74,ethiopiaHigh,0,1,0,0,0
18.9,72.82,10,1965-07-14 22:00:00+00:00,-3.2,-3.4,hotWet,1,0,0,0,0
18.9,72.82,10,1965-08-14 22:00:00+00:00,-9.1,-2.9,hotWet,1,0,0,0,0
18.9,72.82,10,1966-06-14 22:00:00+00:00,7.3,0.3,hotWet,1,0,0,0,0
18.9,72.82,10,1966-07-14 22:00:00+00:00,-9.2,-2.1,hotWet,1,0,0,0,0
18.9,72.82,10,1966-08-14 22:00:00+00:00,8.6,0.0,hotWet,1,0,0,0,0
18.9,72.82,10,1966-09-14 22:00:00+00:00,2.7,-1.0,hotWet,1,0,0,0,0
18.9,72.82,10,1966-10-14 22:00:00+00:00,17.3,0.8,hotWet,1,0,0,0,0
18.9,72.82,10,1973-06-14 22:00:00+00:00,-10.8,-2.73,hotWet,1,0,0,0,0
18.9,72.82,10,1973-08-14 22:00:00+00:00,5.4,-0.46,hotWet,1,0,0,0,0
18.9,72.82,10,1973-09-14 22:00:00+00:00,4.3,-0.41,hotWet,1,0,0,0,0
18.9,72.82,10,1973-10-14 22:00:00+00:00,-52.6,-7.74,hotWet,1,0,0,0,0
18.9,72.82,10,1974-06-14 22:00:00+00:00,1.8,-0.98,hotWet,1,0,0,0,0
18.9,72.82,10,1974-07-14 22:00:00+00:00,-13.2,-2.55,hotWet,1,0,0,0,0
18.9,72.82,10,1974-08-14 22:00:00+00:00,8.0,0.06,hotWet,1,0,0,0,0
18.9,72.82,10,1974-09-14 22:00:00+00:00,-8.5,-1.89,hotWet,1,0,0,0,0
18.9,72.82,10,1975-07-14 22:00:00+00:00,1.7,-1.24,hotWet,1,0,0,0,0
18.9,72.82,10,1975-09-14 22:00:00+00:00,-40.6,-5.52,hotWet,1,0,0,0,0
18.9,72.82,10,1975-10-14 22:00:00+00:00,-31.5,-5.39,hotWet,1,0,0,0,0
18.9,72.82,10,1976-06-14 22:00:00+00:00,-18.5,-3.58,hotWet,1,0,0,0,0
18.9,72.82,10,1976-07-14 22:00:00+00:00,5.2,-0.49,hotWet,1,0,0,0,0
18.9,72.82,10,1976-08-14 22:00:00+00:00,3.9,-0.23,hotWet,1,0,0,0,0
18.9,72.82,10,1976-09-14 22:00:00+00:00,6.5,-0.32,hotWet,1,0,0,0,0
18.9,72.82,10,1976-11-14 23:00:00+00:00,-29.6,-5.43,hotWet,1,0,0,0,0
18.9,72.82,10,1977-06-14 22:00:00+00:00,-1.2,-1.37,hotWet,1,0,0,0,0
18.9,72.82,10,1977-07-14 22:00:00+00:00,3.7,-0.88,hotWet,1,0,0,0,0
18.9,72.82,10,1977-09-14 22:00:00+00:00,-5.4,-1.81,hotWet,1,0,0,0,0
18.9,72.82,10,1964-06-14 22:00:00+00:00,-6.2,-2.0,hotWet,1,0,0,0,0
18.9,72.82,10,1964-07-14 22:00:00+00:00,1.8,-1.1,hotWet,1,0,0,0,0
18.9,72.82,10,1964-08-14 22:00:00+00:00,-6.9,-2.0,hotWet,1,0,0,0,0
18.9,72.82,10,1964-09-14 22:00:00+00:00,-11.2,-2.5,hotWet,1,0,0,0,0
18.9,72.82,10,1965-06-14 22:00:00+00:00,8.0,-0.5,hotWet,1,0,0,0,0
18.9,72.82,10,1975-06-14 22:00:00+00:00,-6.2,-1.62,hotWet,1,0,0,0,0
18.9,72.82,10,1975-08-14 22:00:00+00:00,-13.7,-2.66,hotWet,1,0,0,0,0
18.9,72.82,10,1962-06-14 22:00:00+00:00,11.2,0.2,hotWet,1,0,0,0,0
18.9,72.82,10,1962-07-14 22:00:00+00:00,-6.9,-1.2,hotWet,1,0,0,0,0
18.9,72.82,10,1962-08-14 22:00:00+00:00,4.4,-0.7,hotWet,1,0,0,0,0
18.9,72.82,10,1962-09-14 22:00:00+00:00,-8.1,-2.2,hotWet,1,0,0,0,0
18.9,72.82,10,1962-12-14 23:00:00+00:00,6.2,-0.2,hotWet,1,0,0,0,0
18.9,72.82,10,1963-06-14 22:00:00+00:00,1.8,-0.3,hotWet,1,0,0,0,0
18.9,72.82,10,1963-07-14 22:00:00+00:00,1.2,-0.9,hotWet,1,0,0,0,0
18.9,72.82,10,1963-08-14 22:00:00+00:00,1.8,-1.0,hotWet,1,0,0,0,0
18.9,72.82,10,1963-09-14 22:00:00+00:00,1.8,-0.2,hotWet,1,0,0,0,0
18.9,72.82,10,1963-10-14 22:00:00+00:00,-63.2,-7.8,hotWet,1,0,0,0,0
18.9,72.82,10,1961-06-14 22:00:00+00:00,-10.0,-1.5,hotWet,1,0,0,0,0
18.9,72.82,10,1961-07-14 22:00:00+00:00,-11.8,-2.1,hotWet,1,0,0,0,0
18.9,72.82,10,1961-08-14 22:00:00+00:00,3.7,-0.2,hotWet,1,0,0,0,0
18.9,72.82,10,1961-09-14 22:00:00+00:00,-3.1,-1.2,hotWet,1,0,0,0,0
18.9,72.82,10,1961-10-14 22:00:00+00:00,-11.8,-2.4,hotWet,1,0,0,0,0
