Year,Month,ENSO,NAO
1951,JAN,2.5,0.08
1952,JAN,-1.5,0.93
1953,JAN,0.5,0.33
1954,JAN,1.1,0.37
1955,JAN,-0.9,-1.84
1956,JAN,2.2,-0.22
1957,JAN,1.0,1.05
1958,JAN,-3.1,-0.54
1959,JAN,-1.5,-0.87
1960,JAN,0.2,-1.29
1961,JAN,-0.4,0.41
1962,JAN,3.3,0.61
1963,JAN,1.7,-2.12
1964,JAN,-0.6,-0.95
1965,JAN,-0.7,-0.12
1966,JAN,-2.2,-1.74
1967,JAN,2.8,-0.89
1968,JAN,0.9,0.13
1969,JAN,-2.4,-0.83
1970,JAN,-1.9,-1.5
1971,JAN,0.6,-1.13
1972,JAN,0.8,0.27
1973,JAN,-0.5,0.04
1974,JAN,4.0,1.34
1975,JAN,-0.8,0.58
1976,JAN,2.3,-0.25
1977,JAN,-0.7,-1.04
1978,JAN,-0.5,0.66
1979,JAN,-0.7,-1.38
1980,JAN,0.7,-0.75
1981,JAN,0.6,0.37
1982,JAN,2.0,-0.89
1983,JAN,-5.8,1.59
1984,JAN,0.3,1.66
1985,JAN,-0.5,-1.61
1986,JAN,1.6,1.11
1987,JAN,-1.1,-1.15
1988,JAN,-0.2,1.02
1989,JAN,2.5,1.17
1990,JAN,-0.1,1.04
1991,JAN,1.0,0.86
1992,JAN,-4.7,-0.13
1993,JAN,-1.5,1.6
1994,JAN,-0.2,1.04
1995,JAN,-0.7,0.93
1996,JAN,1.6,-0.12
1997,JAN,0.8,-0.49
1998,JAN,-4.4,0.39
1999,JAN,3.0,0.77
2000,JAN,1.1,0.6
2001,JAN,1.6,0.25
2002,JAN,0.7,0.44
2003,JAN,-0.3,0.16
2004,JAN,-2.2,-0.29
2005,JAN,0.6,1.52
2006,JAN,2.7,1.27
2007,JAN,-1.3,0.22
2008,JAN,2.9,0.89
2009,JAN,1.8,-0.01
2010,JAN,-1.8,-1.11
2011,JAN,3.8,-0.88
2012,JAN,1.8,1.17
2013,JAN,-0.1,0.35
2014,JAN,2.4,0.29
2015,JAN,-1.4,1.79
2016,JAN,-3.6,0.12
2017,JAN,0.3,0.48
2018,JAN,1.8,1.44
2019,JAN,-0.1,0.59
2020,JAN,0.3,1.34
2021,JAN,3.2,-1.11
2022,JAN,0.8,1.08
2023,JAN,2.3,1.25
2024,JAN,0.8,0.21
2025,JAN,0.3,-0.52
1951,FEB,1.5,0.7
1952,FEB,-1.0,-0.83
1953,FEB,-0.8,-0.49
1954,FEB,-0.5,0.74
1955,FEB,3.1,-1.12
1956,FEB,2.7,-1.12
1957,FEB,-0.1,0.11
1958,FEB,-0.8,-1.06
1959,FEB,-2.3,0.68
1960,FEB,0.2,-1.89
1961,FEB,1.5,0.45
1962,FEB,-0.5,0.55
1963,FEB,0.9,-0.96
1964,FEB,0.1,-1.43
1965,FEB,0.7,-1.55
1966,FEB,-0.4,-1.39
1967,FEB,2.8,0.19
1968,FEB,2.1,-1.29
1969,FEB,-0.9,-1.55
1970,FEB,-1.7,0.64
1971,FEB,3.3,0.24
1972,FEB,1.8,0.32
1973,FEB,-2.3,0.85
1974,FEB,3.4,-0.14
1975,FEB,1.3,-0.62
1976,FEB,2.8,0.93
1977,FEB,2.0,-0.49
1978,FEB,-4.4,-2.2
1979,FEB,1.6,-0.67
1980,FEB,0.5,0.05
1981,FEB,-0.3,0.92
1982,FEB,0.4,1.15
1983,FEB,-6.0,-0.53
1984,FEB,1.4,0.72
1985,FEB,2.0,-0.49
1986,FEB,-1.7,-1.0
1987,FEB,-2.1,-0.73
1988,FEB,-0.6,0.76
1989,FEB,2.0,2.0
1990,FEB,-3.0,1.41
1991,FEB,0.4,1.04
1992,FEB,-1.5,1.07
1993,FEB,-1.2,0.5
1994,FEB,0.4,0.46
1995,FEB,-0.2,1.14
1996,FEB,0.4,-0.07
1997,FEB,2.9,1.7
1998,FEB,-3.4,-0.11
1999,FEB,1.6,0.29
2000,FEB,2.7,1.7
2001,FEB,2.8,0.45
2002,FEB,1.8,1.1
2003,FEB,-1.1,0.62
2004,FEB,2.0,-0.14
2005,FEB,-5.2,-0.06
2006,FEB,0.2,-0.51
2007,FEB,-0.1,-0.47
2008,FEB,4.4,0.73
2009,FEB,3.1,0.06
2010,FEB,-2.4,-1.98
2011,FEB,4.5,0.7
2012,FEB,0.8,0.42
2013,FEB,-0.4,-0.45
2014,FEB,0.1,1.34
2015,FEB,0.4,1.32
2016,FEB,-3.2,1.58
2017,FEB,-0.1,1.0
2018,FEB,-0.8,1.58
2019,FEB,-2.3,0.29
2020,FEB,-0.1,1.26
2021,FEB,2.5,0.14
2022,FEB,1.8,1.68
2023,FEB,2.3,0.92
2024,FEB,-2.3,1.09
2025,FEB,0.9,1.6
1951,MAR,-0.2,-1.02
1952,MAR,0.9,-1.49
1953,MAR,-0.3,-0.04
1954,MAR,0.4,-0.83
1955,MAR,1.1,-0.53
1956,MAR,2.2,-0.05
1957,MAR,0.3,-1.26
1958,MAR,0.4,-1.96
1959,MAR,2.1,-0.15
1960,MAR,1.7,-0.5
1961,MAR,-3.0,0.55
1962,MAR,0.2,-2.47
1963,MAR,1.9,-0.43
1964,MAR,1.9,-1.2
1965,MAR,1.2,-1.51
1966,MAR,-1.5,0.56
1967,MAR,2.0,1.51
1968,MAR,0.2,0.4
1969,MAR,0.7,-1.56
1970,MAR,1.0,-0.96
1971,MAR,3.8,-0.84
1972,MAR,1.1,0.72
1973,MAR,1.2,0.3
1974,MAR,4.0,-0.03
1975,MAR,2.6,-0.61
1976,MAR,2.9,0.75
1977,MAR,-0.9,-0.81
1978,MAR,-0.3,0.7
1979,MAR,0.2,0.78
1980,MAR,-0.7,-0.31
1981,MAR,-2.1,-1.19
1982,MAR,1.0,1.15
1983,MAR,-4.0,0.95
1984,MAR,-0.4,-0.37
1985,MAR,1.3,0.2
1986,MAR,0.8,1.71
1987,MAR,-2.1,0.14
1988,MAR,1.1,-0.17
1989,MAR,1.8,1.85
1990,MAR,-0.7,1.46
1991,MAR,-1.1,-0.2
1992,MAR,-3.3,0.87
1993,MAR,-0.8,0.67
1994,MAR,-1.1,1.26
1995,MAR,1.2,1.25
1996,MAR,1.9,-0.24
1997,MAR,-0.7,1.46
1998,MAR,-4.0,0.87
1999,MAR,2.1,0.23
2000,MAR,2.2,0.77
2001,MAR,1.5,-1.26
2002,MAR,-0.4,0.69
2003,MAR,-0.5,0.32
2004,MAR,0.7,1.02
2005,MAR,0.5,-1.83
2006,MAR,2.9,-1.28
2007,MAR,0.3,1.44
2008,MAR,2.4,0.08
2009,MAR,0.7,0.57
2010,MAR,-1.1,-0.88
2011,MAR,4.2,0.61
2012,MAR,1.2,1.27
2013,MAR,2.5,-1.61
2014,MAR,-1.5,0.8
2015,MAR,-1.2,1.45
2016,MAR,-0.1,0.73
2017,MAR,1.5,0.74
2018,MAR,2.4,-0.93
2019,MAR,-0.5,1.23
2020,MAR,-0.2,1.01
2021,MAR,0.6,0.73
2022,MAR,2.9,0.77
2023,MAR,0.3,-1.11
2024,MAR,0.6,-0.21
2025,MAR,2.8,0.3
1951,APR,-0.5,-0.22
1952,APR,-0.4,1.01
1953,APR,0.3,-1.67
1954,APR,1.1,1.34
1955,APR,-0.2,-0.42
1956,APR,1.5,-1.06
1957,APR,0.4,0.49
1958,APR,0.6,0.37
1959,APR,0.7,0.36
1960,APR,1.3,1.36
1961,APR,1.3,-1.55
1962,APR,0.3,0.99
1963,APR,1.3,-1.35
1964,APR,1.8,0.36
1965,APR,-0.9,0.72
1966,APR,-0.3,-0.75
1967,APR,-0.1,0.18
1968,APR,0.0,-1.08
1969,APR,-0.6,1.53
1970,APR,-0.1,-1.3
1971,APR,2.8,-0.24
1972,APR,-0.2,-0.22
1973,APR,0.1,-0.54
1974,APR,1.6,0.51
1975,APR,1.9,-1.6
1976,APR,0.5,0.26
1977,APR,-0.7,0.65
1978,APR,-0.5,-1.17
1979,APR,-0.2,-1.71
1980,APR,-1.0,1.29
1981,APR,-0.2,0.36
1982,APR,0.1,0.1
1983,APR,-1.5,-0.85
1984,APR,0.6,-0.28
1985,APR,1.9,0.32
1986,APR,0.5,-0.59
1987,APR,-2.3,2.0
1988,APR,0.2,-1.17
1989,APR,2.7,0.28
1990,APR,0.3,2.0
1991,APR,-1.0,0.29
1992,APR,-1.7,1.86
1993,APR,-1.9,0.97
1994,APR,-2.1,1.14
1995,APR,-1.1,-0.85
1996,APR,1.3,-0.17
1997,APR,-1.0,-1.02
1998,APR,-2.4,-0.68
1999,APR,2.3,-0.95
2000,APR,2.0,-0.03
2001,APR,0.3,0.0
2002,APR,-0.1,1.18
2003,APR,-0.2,-0.18
2004,APR,-1.5,1.15
2005,APR,-1.0,-0.3
2006,APR,1.8,1.24
2007,APR,-0.2,0.17
2008,APR,1.1,-1.07
2009,APR,1.3,-0.2
2010,APR,2.0,-0.72
2011,APR,3.1,2.48
2012,APR,-0.4,0.47
2013,APR,0.4,0.69
2014,APR,1.3,0.31
2015,APR,-0.1,0.73
2016,APR,-2.0,0.38
2017,APR,-0.3,1.73
2018,APR,0.8,1.24
2019,APR,0.2,0.47
2020,APR,0.3,-1.02
2021,APR,0.6,-1.43
2022,APR,2.8,-0.36
2023,APR,0.4,-0.63
2024,APR,-0.3,-0.78
2025,APR,0.9,0.18
1951,MAY,-1.1,-0.59
1952,MAY,1.2,-1.12
1953,MAY,-2.8,-0.66
1954,MAY,0.8,-0.09
1955,MAY,1.7,-0.34
1956,MAY,2.3,2.21
1957,MAY,-1.1,-0.79
1958,MAY,-0.8,-0.24
1959,MAY,0.8,0.39
1960,MAY,0.9,0.45
1961,MAY,0.5,-0.36
1962,MAY,1.8,-0.1
1963,MAY,0.6,2.16
1964,MAY,0.4,0.52
1965,MAY,0.3,-0.62
1966,MAY,-0.7,0.22
1967,MAY,-0.0,-0.99
1968,MAY,2.1,-1.76
1969,MAY,-0.4,0.55
1970,MAY,0.6,1.14
1971,MAY,1.4,0.5
1972,MAY,-2.6,0.95
1973,MAY,0.7,-0.44
1974,MAY,1.6,-0.24
1975,MAY,1.1,-0.52
1976,MAY,0.6,0.96
1977,MAY,-0.8,-0.86
1978,MAY,2.2,1.08
1979,MAY,0.8,-1.03
1980,MAY,-0.0,-1.5
1981,MAY,1.3,0.2
1982,MAY,-0.6,-0.53
1983,MAY,1.0,-0.07
1984,MAY,0.3,0.54
1985,MAY,0.7,-0.49
1986,MAY,-0.4,0.85
1987,MAY,-2.1,0.98
1988,MAY,1.5,0.63
1989,MAY,2.0,1.38
1990,MAY,2.0,-1.53
1991,MAY,-1.7,0.08
1992,MAY,0.4,2.63
1993,MAY,-0.6,-0.78
1994,MAY,-1.1,-0.57
1995,MAY,-0.6,-1.49
1996,MAY,0.5,-1.06
1997,MAY,-2.2,-0.28
1998,MAY,0.4,-1.32
1999,MAY,0.4,0.92
2000,MAY,0.6,1.58
2001,MAY,-0.8,-0.02
2002,MAY,-1.4,-0.22
2003,MAY,-0.5,0.01
2004,MAY,1.7,0.19
2005,MAY,-1.3,-1.25
2006,MAY,-0.8,-1.14
2007,MAY,-0.2,0.66
2008,MAY,-0.1,-1.73
2009,MAY,-0.2,1.68
2010,MAY,1.5,-1.49
2011,MAY,0.6,-0.06
2012,MAY,0.1,-0.91
2013,MAY,1.3,0.57
2014,MAY,0.9,-0.92
2015,MAY,-1.2,0.15
2016,MAY,0.7,-0.77
2017,MAY,0.4,-1.91
2018,MAY,0.6,2.12
2019,MAY,-0.7,-2.62
2020,MAY,0.7,-0.41
2021,MAY,0.8,-1.24
2022,MAY,2.4,0.71
2023,MAY,-1.7,0.39
2024,MAY,0.8,-0.44
2025,MAY,0.7,0.49
1951,JUN,0.3,-1.64
1952,JUN,1.2,-0.4
1953,JUN,0.2,1.09
1954,JUN,0.2,-0.25
1955,JUN,2.2,-1.1
1956,JUN,1.8,0.1
1957,JUN,0.3,-0.72
1958,JUN,0.5,-1.38
1959,JUN,-0.2,0.4
1960,JUN,0.2,-0.21
1961,JUN,0.2,0.86
1962,JUN,1.2,0.16
1963,JUN,-0.8,-0.43
1964,JUN,1.2,1.29
1965,JUN,-0.9,0.29
1966,JUN,0.5,1.05
1967,JUN,1.1,1.4
1968,JUN,1.8,0.33
1969,JUN,0.3,0.55
1970,JUN,1.6,1.55
1971,JUN,0.7,-1.57
1972,JUN,-0.9,0.88
1973,JUN,1.8,0.39
1974,JUN,0.7,-0.14
1975,JUN,2.1,-0.84
1976,JUN,0.4,0.8
1977,JUN,-1.5,-0.57
1978,JUN,1.1,1.38
1979,JUN,1.1,1.6
1980,JUN,-0.0,-0.37
1981,JUN,2.0,-0.45
1982,JUN,-1.7,-1.63
1983,JUN,0.1,0.99
1984,JUN,-0.6,-0.42
1985,JUN,-0.6,-0.8
1986,JUN,1.6,1.22
1987,JUN,-1.8,-1.82
1988,JUN,0.1,0.88
1989,JUN,1.2,-0.27
1990,JUN,0.5,-0.02
1991,JUN,-0.2,-0.82
1992,JUN,-1.0,0.2
1993,JUN,-1.4,-0.59
1994,JUN,-0.7,1.52
1995,JUN,0.2,0.13
1996,JUN,1.9,0.56
1997,JUN,-2.3,-1.47
1998,JUN,1.6,-2.72
1999,JUN,0.4,1.12
2000,JUN,-0.3,-0.03
2001,JUN,0.5,-0.2
2002,JUN,-0.4,0.38
2003,JUN,-1.0,-0.07
2004,JUN,-1.4,-0.89
2005,JUN,0.7,-0.05
2006,JUN,-0.4,0.84
2007,JUN,0.9,-1.31
2008,JUN,1.0,-1.39
2009,JUN,0.2,-1.21
2010,JUN,0.6,-0.82
2011,JUN,0.4,-1.28
2012,JUN,-0.7,-2.53
2013,JUN,2.0,0.52
2014,JUN,0.3,-0.97
2015,JUN,-0.9,-0.07
2016,JUN,1.1,-0.43
2017,JUN,-0.7,0.05
2018,JUN,-0.2,1.09
2019,JUN,-0.7,-1.09
2020,JUN,-0.6,-0.15
2021,JUN,0.7,0.77
2022,JUN,2.8,-0.12
2023,JUN,0.4,-0.58
2024,JUN,0.1,-0.09
2025,JUN,0.5,0.7
1951,JUL,-1.7,1.37
1952,JUL,0.8,-0.09
1953,JUL,-0.0,0.4
1954,JUL,0.7,-0.6
1955,JUL,2.6,1.76
1956,JUL,1.8,-0.75
1957,JUL,0.4,-1.19
1958,JUL,0.7,-1.73
1959,JUL,-0.4,0.74
1960,JUL,0.8,0.35
1961,JUL,0.4,-0.39
1962,JUL,0.1,-2.47
1963,JUL,-0.2,-0.77
1964,JUL,0.9,1.9
1965,JUL,-3.0,0.32
1966,JUL,0.1,0.32
1967,JUL,0.3,0.41
1968,JUL,1.1,-0.8
1969,JUL,-0.8,0.57
1970,JUL,-0.6,0.1
1971,JUL,0.4,0.24
1972,JUL,-2.4,0.18
1973,JUL,1.0,0.57
1974,JUL,1.9,-0.76
1975,JUL,3.1,1.55
1976,JUL,-1.4,-0.32
1977,JUL,-1.9,-0.45
1978,JUL,0.9,-1.14
1979,JUL,2.2,0.83
1980,JUL,-0.1,-0.42
1981,JUL,1.4,0.05
1982,JUL,-2.5,1.15
1983,JUL,-1.0,1.19
1984,JUL,0.3,-0.07
1985,JUL,-0.2,1.22
1986,JUL,0.5,0.12
1987,JUL,-2.2,0.52
1988,JUL,1.7,-0.35
1989,JUL,1.5,0.97
1990,JUL,0.9,0.53
1991,JUL,0.0,-0.49
1992,JUL,-1.0,0.16
1993,JUL,-1.3,-3.18
1994,JUL,-2.2,1.31
1995,JUL,0.7,-0.22
1996,JUL,1.1,0.67
1997,JUL,-1.2,0.34
1998,JUL,2.0,-0.48
1999,JUL,0.9,-0.9
2000,JUL,-0.3,-1.03
2001,JUL,-0.3,-0.25
2002,JUL,-0.8,0.62
2003,JUL,0.5,0.13
2004,JUL,-0.8,1.13
2005,JUL,0.3,-0.51
2006,JUL,-1.0,0.9
2007,JUL,-0.5,-0.58
2008,JUL,0.5,-1.27
2009,JUL,0.4,-2.15
2010,JUL,3.0,-0.42
2011,JUL,1.6,-1.51
2012,JUL,-0.1,-1.32
2013,JUL,1.3,0.67
2014,JUL,-0.3,0.18
2015,JUL,-1.9,-3.18
2016,JUL,0.7,-1.76
2017,JUL,1.3,1.26
2018,JUL,0.4,1.39
2019,JUL,-0.6,-1.43
2020,JUL,0.7,-1.23
2021,JUL,2.3,0.03
2022,JUL,1.3,-0.09
2023,JUL,-0.4,-2.17
2024,JUL,-1.2,1.46
2025,JUL,1.0,0.48
1951,AUG,-0.4,-0.22
1952,AUG,0.1,-0.28
1953,AUG,-2.0,-0.71
1954,AUG,1.8,-1.9
1955,AUG,2.4,1.07
1956,AUG,2.0,-1.37
1957,AUG,-0.8,-0.55
1958,AUG,1.5,-1.56
1959,AUG,-0.2,0.06
1960,AUG,1.3,-1.4
1961,AUG,0.2,0.9
1962,AUG,1.0,0.14
1963,AUG,0.0,-0.64
1964,AUG,2.5,-1.77
1965,AUG,-1.1,0.45
1966,AUG,1.1,-1.76
1967,AUG,1.2,1.44
1968,AUG,0.4,-0.66
1969,AUG,-0.2,-1.45
1970,AUG,1.0,0.1
1971,AUG,2.5,1.55
1972,AUG,-0.8,1.32
1973,AUG,2.1,-0.06
1974,AUG,1.3,-0.64
1975,AUG,3.3,-0.26
1976,AUG,-1.3,1.92
1977,AUG,-1.3,-0.28
1978,AUG,0.7,0.64
1979,AUG,-0.3,0.96
1980,AUG,0.6,-2.24
1981,AUG,1.2,0.39
1982,AUG,-2.9,0.26
1983,AUG,0.2,1.61
1984,AUG,0.7,1.15
1985,AUG,1.6,-0.48
1986,AUG,-0.6,-1.09
1987,AUG,-1.5,-0.83
1988,AUG,2.5,0.04
1989,AUG,-0.5,0.01
1990,AUG,-0.3,0.97
1991,AUG,-0.7,1.23
1992,AUG,0.6,0.85
1993,AUG,-1.6,0.12
1994,AUG,-2.0,0.38
1995,AUG,0.5,0.69
1996,AUG,1.2,1.02
1997,AUG,-2.4,0.83
1998,AUG,1.9,-0.02
1999,AUG,0.6,0.39
2000,AUG,1.2,-0.29
2001,AUG,-0.7,-0.07
2002,AUG,-1.6,0.38
2003,AUG,0.2,-0.07
2004,AUG,-0.5,-0.48
2005,AUG,-0.6,0.37
2006,AUG,-1.7,-1.73
2007,AUG,0.7,-0.14
2008,AUG,1.7,-1.16
2009,AUG,-0.3,-0.19
2010,AUG,3.0,-1.22
2011,AUG,0.7,-1.35
2012,AUG,-0.3,-0.98
2013,AUG,0.3,0.97
2014,AUG,-1.2,-1.68
2015,AUG,-2.4,-0.76
2016,AUG,1.2,-1.65
2017,AUG,0.9,-1.1
2018,AUG,-0.5,1.97
2019,AUG,-0.2,-1.17
2020,AUG,1.8,0.12
2021,AUG,1.0,-0.28
2022,AUG,1.7,1.47
2023,AUG,-1.4,-1.16
2024,AUG,1.5,0.63
2025,AUG,0.7,0.26
1951,SEP,-1.8,-1.36
1952,SEP,-0.4,-0.54
1953,SEP,-2.1,-0.35
1954,SEP,0.3,-0.44
1955,SEP,2.2,0.32
1956,SEP,0.1,0.24
1957,SEP,-1.5,-1.66
1958,SEP,-0.5,-0.07
1959,SEP,0.0,0.88
1960,SEP,1.1,0.39
1961,SEP,0.1,1.24
1962,SEP,0.7,-0.37
1963,SEP,-1.0,1.79
1964,SEP,2.1,0.2
1965,SEP,-2.2,0.37
1966,SEP,-0.4,-0.45
1967,SEP,0.8,0.93
1968,SEP,-0.4,-1.92
1969,SEP,-1.6,2.07
1970,SEP,1.9,-0.09
1971,SEP,2.3,0.39
1972,SEP,-2.2,-0.12
1973,SEP,2.0,-0.3
1974,SEP,1.8,0.82
1975,SEP,3.4,1.56
1976,SEP,-1.9,-1.29
1977,SEP,-1.3,0.37
1978,SEP,0.1,0.46
1979,SEP,0.2,1.01
1980,SEP,-0.8,0.66
1981,SEP,0.5,-1.45
1982,SEP,-2.9,1.76
1983,SEP,1.4,-1.12
1984,SEP,0.2,0.17
1985,SEP,0.0,-0.52
1986,SEP,-0.8,-1.12
1987,SEP,-1.7,-1.22
1988,SEP,3.0,-0.99
1989,SEP,0.8,2.05
1990,SEP,-1.2,1.06
1991,SEP,-2.5,0.48
1992,SEP,0.1,-0.44
1993,SEP,-1.2,-0.57
1994,SEP,-2.6,-1.32
1995,SEP,0.4,0.31
1996,SEP,1.0,-0.86
1997,SEP,-2.4,0.61
1998,SEP,1.7,-2.0
1999,SEP,-0.1,0.36
2000,SEP,1.4,-0.21
2001,SEP,0.3,-0.65
2002,SEP,-1.0,-0.7
2003,SEP,-0.2,0.01
2004,SEP,-0.6,0.38
2005,SEP,0.6,0.63
2006,SEP,-1.0,-1.62
2007,SEP,0.3,0.72
2008,SEP,2.0,1.02
2009,SEP,0.5,1.51
2010,SEP,3.7,-0.79
2011,SEP,1.7,0.54
2012,SEP,0.4,-0.59
2013,SEP,0.5,0.24
2014,SEP,-1.2,1.62
2015,SEP,-2.7,-0.65
2016,SEP,2.0,0.61
2017,SEP,1.0,-0.61
2018,SEP,-1.5,1.67
2019,SEP,-1.9,-0.16
2020,SEP,1.5,0.98
2021,SEP,1.3,-0.21
2022,SEP,2.7,-1.61
2023,SEP,-2.1,-0.44
2024,SEP,-0.2,-1.43
2025,SEP,0.1,-0.8
1951,OCT,-1.6,1.87
1952,OCT,0.6,-0.73
1953,OCT,0.1,1.32
1954,OCT,0.4,0.6
1955,OCT,2.5,-1.47
1956,OCT,2.9,0.88
1957,OCT,0.1,1.32
1958,OCT,0.1,0.16
1959,OCT,0.8,0.89
1960,OCT,0.2,-1.73
1961,OCT,-0.5,0.51
1962,OCT,1.6,0.41
1963,OCT,-2.0,0.94
1964,OCT,2.2,0.74
1965,OCT,-1.5,0.38
1966,OCT,-0.2,-0.68
1967,OCT,0.1,0.07
1968,OCT,-0.1,-2.3
1969,OCT,-1.5,0.66
1970,OCT,1.7,-0.92
1971,OCT,2.8,0.58
1972,OCT,-1.5,1.09
1973,OCT,1.3,-1.24
1974,OCT,1.5,0.49
1975,OCT,2.8,-0.54
1976,OCT,0.7,-0.08
1977,OCT,-1.7,0.52
1978,OCT,-0.6,1.93
1979,OCT,-0.2,-0.3
1980,OCT,0.0,-1.77
1981,OCT,-0.6,-1.35
1982,OCT,-2.8,-0.74
1983,OCT,0.7,0.65
1984,OCT,-0.5,-0.07
1985,OCT,-0.6,0.9
1986,OCT,1.1,1.55
1987,OCT,-0.6,0.14
1988,OCT,2.3,-1.08
1989,OCT,1.3,-0.03
1990,OCT,0.4,0.23
1991,OCT,-1.7,-0.19
1992,OCT,-2.3,-1.76
1993,OCT,-1.8,-0.71
1994,OCT,-1.9,-0.97
1995,OCT,0.0,0.19
1996,OCT,1.0,-0.33
1997,OCT,-2.4,-1.7
1998,OCT,1.8,-0.29
1999,OCT,1.6,0.2
2000,OCT,1.8,0.92
2001,OCT,-0.1,-0.24
2002,OCT,-0.6,-2.28
2003,OCT,0.0,-1.26
2004,OCT,-0.1,-1.1
2005,OCT,2.0,-0.98
2006,OCT,-2.1,-2.24
2007,OCT,1.2,0.45
2008,OCT,2.1,-0.04
2009,OCT,-2.0,-1.03
2010,OCT,2.9,-0.93
2011,OCT,1.2,0.39
2012,OCT,0.5,-2.06
2013,OCT,-0.1,-1.28
2014,OCT,-1.0,-1.27
2015,OCT,-2.8,0.44
2016,OCT,-0.4,0.41
2017,OCT,1.5,0.19
2018,OCT,0.6,0.93
2019,OCT,-0.6,-1.41
2020,OCT,0.8,-0.65
2021,OCT,1.2,-2.29
2022,OCT,2.8,-0.72
2023,OCT,-0.8,-2.03
2024,OCT,0.8,-0.38
2025,OCT,1.9,-0.96
1951,NOV,-1.3,-0.39
1952,NOV,0.0,-1.13
1953,NOV,-0.5,1.04
1954,NOV,0.2,0.4
1955,NOV,2.0,-1.29
1956,NOV,0.2,0.51
1957,NOV,-1.6,0.73
1958,NOV,-0.7,1.64
1959,NOV,1.5,0.41
1960,NOV,0.9,-0.51
1961,NOV,0.9,-0.62
1962,NOV,0.5,-0.23
1963,NOV,-1.4,-1.27
1964,NOV,0.3,-0.01
1965,NOV,-2.4,-1.66
1966,NOV,-0.0,-0.04
1967,NOV,-0.7,0.6
1968,NOV,-0.6,-0.93
1969,NOV,-0.1,-0.96
1970,NOV,2.6,-0.6
1971,NOV,0.9,-0.2
1972,NOV,-0.6,0.54
1973,NOV,4.3,-0.93
1974,NOV,-0.2,-0.54
1975,NOV,1.9,0.41
1976,NOV,1.2,0.17
1977,NOV,-2.1,-0.07
1978,NOV,-0.0,3.04
1979,NOV,-0.7,0.53
1980,NOV,-0.6,-0.37
1981,NOV,0.3,-0.38
1982,NOV,-4.3,1.6
1983,NOV,-0.2,-0.98
1984,NOV,0.4,-0.06
1985,NOV,-0.3,-0.67
1986,NOV,-2.0,2.29
1987,NOV,-0.0,0.18
1988,NOV,2.8,-0.34
1989,NOV,-0.4,0.16
1990,NOV,-0.8,-0.24
1991,NOV,-1.1,0.48
1992,NOV,-1.1,1.19
1993,NOV,-0.1,2.56
1994,NOV,-0.9,0.64
1995,NOV,0.1,-1.38
1996,NOV,-0.1,-0.56
1997,NOV,-2.0,-0.9
1998,NOV,1.7,-0.28
1999,NOV,1.7,0.65
2000,NOV,3.0,-0.92
2001,NOV,1.1,0.63
2002,NOV,-0.7,-0.18
2003,NOV,-0.5,0.86
2004,NOV,-1.1,0.73
2005,NOV,-0.3,-0.31
2006,NOV,0.1,0.44
2007,NOV,1.4,0.58
2008,NOV,2.2,-0.32
2009,NOV,-1.0,-0.02
2010,NOV,2.1,-1.62
2011,NOV,1.8,1.36
2012,NOV,0.4,-0.58
2013,NOV,1.2,0.9
2014,NOV,-1.5,0.68
2015,NOV,-0.8,1.74
2016,NOV,-0.2,-0.16
2017,NOV,1.5,-0.0
2018,NOV,-0.1,-0.11
2019,NOV,-1.4,0.28
2020,NOV,1.1,2.54
2021,NOV,1.6,-0.18
2022,NOV,0.5,0.69
2023,NOV,-1.3,-0.32
2024,NOV,0.8,-0.23
2025,NOV,1.8,-0.78
1951,DEC,-1.2,1.32
1952,DEC,-2.0,-0.43
1953,DEC,-0.8,-0.47
1954,DEC,2.3,0.69
1955,DEC,1.6,0.17
1956,DEC,1.8,0.1
1957,DEC,-0.5,0.12
1958,DEC,-1.0,-0.7
1959,DEC,1.5,0.44
1960,DEC,1.3,0.06
1961,DEC,2.5,-1.48
1962,DEC,0.3,-1.32
1963,DEC,-2.0,-1.92
1964,DEC,-0.5,-0.15
1965,DEC,0.3,1.37
1966,DEC,-0.6,0.72
1967,DEC,-0.9,-0.45
1968,DEC,0.3,-1.4
1969,DEC,0.7,-0.28
1970,DEC,3.2,-1.2
1971,DEC,0.4,0.6
1972,DEC,-2.1,0.19
1973,DEC,3.0,0.32
1974,DEC,0.3,1.5
1975,DEC,3.5,0.0
1976,DEC,-0.6,-1.6
1977,DEC,-1.7,-1.0
1978,DEC,-0.1,-1.57
1979,DEC,-1.2,1.0
1980,DEC,-0.1,0.78
1981,DEC,0.8,-0.02
1982,DEC,-3.7,1.78
1983,DEC,0.0,0.29
1984,DEC,-0.2,0.0
1985,DEC,0.4,0.22
1986,DEC,-2.4,0.99
1987,DEC,-0.8,0.32
1988,DEC,2.0,0.61
1989,DEC,-0.9,-1.15
1990,DEC,-0.4,0.22
1991,DEC,-2.9,0.46
1992,DEC,-0.9,0.47
1993,DEC,0.3,1.56
1994,DEC,-2.0,2.02
1995,DEC,-0.8,-1.67
1996,DEC,1.5,-1.41
1997,DEC,-1.6,-0.96
1998,DEC,2.3,0.87
1999,DEC,2.4,1.61
2000,DEC,1.3,-0.58
2001,DEC,-1.4,-0.83
2002,DEC,-1.8,-0.94
2003,DEC,1.8,0.64
2004,DEC,-1.3,1.21
2005,DEC,-0.0,-0.44
2006,DEC,-0.5,1.34
2007,DEC,2.7,0.34
2008,DEC,2.4,-0.28
2009,DEC,-1.2,-1.93
2010,DEC,4.8,-1.85
2011,DEC,4.1,2.52
2012,DEC,-1.0,0.17
2013,DEC,0.1,0.95
2014,DEC,-0.9,1.86
2015,DEC,-0.9,2.24
2016,DEC,0.5,0.48
2017,DEC,-0.2,0.88
2018,DEC,1.7,0.61
2019,DEC,-0.9,1.2
2020,DEC,3.0,-0.3
2021,DEC,2.5,0.29
2022,DEC,3.5,-0.15
2023,DEC,-0.4,1.94
2024,DEC,1.9,1.21
2025,DEC,-0.0,-0.65
