Date,Lat,Lon,O18,H2,KPN_A,KPN_B,KPN_C,KPN_D,KPN_E,ENSO,NAO,Temp,Precip,Alt,Year,JulianDay,JulianDay_Sin,O18_P,H2O_P,ModelType,ModelRun,Region,geometry,Label
1960-01-15 00:00:00+00:00,52.3,104.2833333,,,0,0,0,1,0,0.2,-1.29,247.97194,0.0,427.25,1960,15,0.255353295116187,-14.45071,-115.5414,Global_B,Run1,,POINT (104.2833333 52.3),lowData
1960-01-15 00:00:00+00:00,47.54260867,7.58371693,,,0,0,1,0,0,0.2,-1.29,274.1672,0.0,304.73438,1960,15,0.255353295116187,-8.550403,-61.780727,Global_B,Run1,,POINT (7.58371693 47.54260867),highData
1960-01-15 00:00:00+00:00,23.27,5.6,,,0,1,0,0,0,0.2,-1.29,278.51965,0.0,2246.375,1960,15,0.255353295116187,-7.740426,-52.5534,Global_B,Run1,,POINT (5.6 23.27),aridData
1960-01-15 00:00:00+00:00,69.1,-105.1166667,,,0,0,0,0,1,0.2,-1.29,242.83832,0.0,0.0,1960,15,0.255353295116187,-24.646969,-195.96964,Global_B,Run1,,POINT (-105.1166667 69.1),northData
1960-01-15 00:00:00+00:00,0.38,6.72,,,1,0,0,0,0,0.2,-1.29,298.46426,1.7642758e-05,0.0,1960,15,0.255353295116187,-3.2049062,-13.139042,Global_B,Run1,,POINT (6.72 0.38),equitData
1960-01-15 00:00:00+00:00,-22.66416667,-48.06,,,0,0,1,0,0,0.2,-1.29,296.47153,0.00017141184,490.46875,1960,15,0.255353295116187,-9.035642,-62.93452,Global_B,Run1,,POINT (-48.06 -22.66416667),southernData
1960-01-15 00:00:00+00:00,-67.57,-68.13,,,0,0,0,0,1,0.2,-1.29,,,11.128906,1960,15,0.255353295116187,-16.459404,-125.56993,Global_B,Run1,,POINT (-68.13 -67.57),antData
1960-01-15 00:00:00+00:00,49.67,-93.72,,,0,0,0,1,0,0.2,-1.29,245.97557,9.670268e-06,427.09375,1960,15,0.255353295116187,-15.639552,-118.72177,Global_B,Run1,,POINT (-93.72 49.67),lakeWoods
1960-01-15 00:00:00+00:00,29.7,91.13333333,,,0,0,0,0,1,0.2,-1.29,274.58514,0.0,3735.25,1960,15,0.255353295116187,-6.949215,-47.752617,Global_B,Run1,,POINT (91.13333333 29.7),tibetPlat
1960-01-15 00:00:00+00:00,12.54194444,39.76972222,,,0,0,1,0,0,0.2,-1.29,288.66965,0.0,1782.5,1960,15,0.255353295116187,-4.18975,-24.532852,Global_B,Run1,,POINT (39.76972222 12.54194444),ethiopiaHigh
1960-01-15 00:00:00+00:00,18.9,72.82,,,1,0,0,0,0,0.2,-1.29,294.6011,0.0,0.0,1960,15,0.255353295116187,-1.5992751,-1.6379509,Global_B,Run1,,POINT (72.82 18.9),hotWet
1960-02-15 00:00:00+00:00,52.3,104.2833333,,,0,0,0,1,0,0.2,-1.89,268.2879,0.0,427.25,1960,46,0.7116566222817746,-20.264595,-157.4233,Global_B,Run1,,POINT (104.2833333 52.3),lowData
1960-02-15 00:00:00+00:00,47.54260867,7.58371693,,,0,0,1,0,0,0.2,-1.89,275.1952,0.0,304.73438,1960,46,0.7116566222817746,-11.035222,-80.26215,Global_B,Run1,,POINT (7.58371693 47.54260867),highData
1960-02-15 00:00:00+00:00,23.27,5.6,,,0,1,0,0,0,0.2,-1.89,287.61224,0.0,2246.375,1960,46,0.7116566222817746,-9.176361,-64.73524,Global_B,Run1,,POINT (5.6 23.27),aridData
1960-02-15 00:00:00+00:00,69.1,-105.1166667,,,0,0,0,0,1,0.2,-1.89,243.57881,0.0,0.0,1960,46,0.7116566222817746,-24.436447,-192.20154,Global_B,Run1,,POINT (-105.1166667 69.1),northData
1960-02-15 00:00:00+00:00,0.38,6.72,,,1,0,0,0,0,0.2,-1.89,299.12698,2.8264263e-05,0.0,1960,46,0.7116566222817746,-3.2347057,-12.895912,Global_B,Run1,,POINT (6.72 0.38),equitData
1960-02-15 00:00:00+00:00,-22.66416667,-48.06,,,0,0,1,0,0,0.2,-1.89,297.09805,4.358417e-05,490.46875,1960,46,0.7116566222817746,-6.25236,-40.31128,Global_B,Run1,,POINT (-48.06 -22.66416667),southernData
1960-02-15 00:00:00+00:00,-67.57,-68.13,,,0,0,0,0,1,0.2,-1.89,,,11.128906,1960,46,0.7116566222817746,-13.592652,-101.624176,Global_B,Run1,,POINT (-68.13 -67.57),antData
1960-02-15 00:00:00+00:00,49.67,-93.72,,,0,0,0,1,0,0.2,-1.89,251.20265,0.0,427.09375,1960,46,0.7116566222817746,-17.325478,-132.80418,Global_B,Run1,,POINT (-93.72 49.67),lakeWoods
1960-02-15 00:00:00+00:00,29.7,91.13333333,,,0,0,0,0,1,0.2,-1.89,275.54666,0.0,3735.25,1960,46,0.7116566222817746,-9.174282,-64.42919,Global_B,Run1,,POINT (91.13333333 29.7),tibetPlat
1960-02-15 00:00:00+00:00,12.54194444,39.76972222,,,0,0,1,0,0,0.2,-1.89,291.55978,0.0,1782.5,1960,46,0.7116566222817746,-4.442643,-27.75342,Global_B,Run1,,POINT (39.76972222 12.54194444),ethiopiaHigh
1960-02-15 00:00:00+00:00,18.9,72.82,,,1,0,0,0,0,0.2,-1.89,299.21024,0.0,0.0,1960,46,0.7116566222817746,-0.48173857,6.944027,Global_B,Run1,,POINT (72.82 18.9),hotWet
1960-03-15 00:00:00+00:00,52.3,104.2833333,,,0,0,0,1,0,1.7,-0.5,268.2093,0.0,427.25,1960,75,0.9611297838723007,-20.68748,-160.88672,Global_B,Run1,,POINT (104.2833333 52.3),lowData
1960-03-15 00:00:00+00:00,47.54260867,7.58371693,,,0,0,1,0,0,1.7,-0.5,283.07132,0.0,304.73438,1960,75,0.9611297838723007,-11.277332,-82.284485,Global_B,Run1,,POINT (7.58371693 47.54260867),highData
1960-03-15 00:00:00+00:00,23.27,5.6,,,0,1,0,0,0,1.7,-0.5,285.0952,0.0,2246.375,1960,75,0.9611297838723007,-9.839398,-70.27354,Global_B,Run1,,POINT (5.6 23.27),aridData
1960-03-15 00:00:00+00:00,69.1,-105.1166667,,,0,0,0,0,1,1.7,-0.5,235.57524,0.0,0.0,1960,75,0.9611297838723007,-24.448792,-192.30466,Global_B,Run1,,POINT (-105.1166667 69.1),northData
1960-03-15 00:00:00+00:00,0.38,6.72,,,1,0,0,0,0,1.7,-0.5,299.15448,5.0375256e-05,0.0,1960,75,0.9611297838723007,-3.2435875,-12.714479,Global_B,Run1,,POINT (6.72 0.38),equitData
1960-03-15 00:00:00+00:00,-22.66416667,-48.06,,,0,0,1,0,0,1.7,-0.5,297.01422,0.000105388586,490.46875,1960,75,0.9611297838723007,-6.3253713,-40.921135,Global_B,Run1,,POINT (-48.06 -22.66416667),southernData
1960-03-15 00:00:00+00:00,-67.57,-68.13,,,0,0,0,0,1,1.7,-0.5,,,11.128906,1960,75,0.9611297838723007,-11.047277,-80.362854,Global_B,Run1,,POINT (-68.13 -67.57),antData
1960-03-15 00:00:00+00:00,49.67,-93.72,,,0,0,0,1,0,1.7,-0.5,261.99738,0.0,427.09375,1960,75,0.9611297838723007,-18.191967,-140.04189,Global_B,Run1,,POINT (-93.72 49.67),lakeWoods
1960-03-15 00:00:00+00:00,29.7,91.13333333,,,0,0,0,0,1,1.7,-0.5,280.90054,0.0,3735.25,1960,75,0.9611297838723007,-10.002608,-70.85558,Global_B,Run1,,POINT (91.13333333 29.7),tibetPlat
1960-03-15 00:00:00+00:00,12.54194444,39.76972222,,,0,0,1,0,0,1.7,-0.5,293.12704,0.0,1782.5,1960,75,0.9611297838723007,-4.151918,-26.264193,Global_B,Run1,,POINT (39.76972222 12.54194444),ethiopiaHigh
1960-03-15 00:00:00+00:00,18.9,72.82,,,1,0,0,0,0,1.7,-0.5,302.26328,0.0,0.0,1960,75,0.9611297838723007,-0.453897,7.1902885,Global_B,Run1,,POINT (72.82 18.9),hotWet
1960-04-15 00:00:00+00:00,52.3,104.2833333,,,0,0,0,1,0,1.3,1.36,267.11975,0.0,427.25,1960,106,0.9679377830240642,-20.690804,-160.91447,Global_B,Run1,,POINT (104.2833333 52.3),lowData
1960-04-15 00:00:00+00:00,47.54260867,7.58371693,,,0,0,1,0,0,1.3,1.36,274.34412,0.0,304.73438,1960,106,0.9679377830240642,-11.281307,-82.31769,Global_B,Run1,,POINT (7.58371693 47.54260867),highData
1960-04-15 00:00:00+00:00,23.27,5.6,,,0,1,0,0,0,1.3,1.36,292.07184,0.0,2246.375,1960,106,0.9679377830240642,-9.856867,-70.41945,Global_B,Run1,,POINT (5.6 23.27),aridData
1960-04-15 00:00:00+00:00,69.1,-105.1166667,,,0,0,0,0,1,1.3,1.36,254.78355,0.0,0.0,1960,106,0.9679377830240642,-24.44868,-192.30373,Global_B,Run1,,POINT (-105.1166667 69.1),northData
1960-04-15 00:00:00+00:00,0.38,6.72,,,1,0,0,0,0,1.3,1.36,299.7511,0.0,0.0,1960,106,0.9679377830240642,-3.2433925,-12.705111,Global_B,Run1,,POINT (6.72 0.38),equitData
1960-04-15 00:00:00+00:00,-22.66416667,-48.06,,,0,0,1,0,0,1.3,1.36,294.8728,2.7066844e-05,490.46875,1960,106,0.9679377830240642,-6.322619,-40.898148,Global_B,Run1,,POINT (-48.06 -22.66416667),southernData
1960-04-15 00:00:00+00:00,-67.57,-68.13,,,0,0,0,0,1,1.3,1.36,,,11.128906,1960,106,0.9679377830240642,-10.994579,-79.92267,Global_B,Run1,,POINT (-68.13 -67.57),antData
1960-04-15 00:00:00+00:00,49.67,-93.72,,,0,0,0,1,0,1.3,1.36,280.26825,0.0,427.09375,1960,106,0.9679377830240642,-18.208885,-140.18321,Global_B,Run1,,POINT (-93.72 49.67),lakeWoods
1960-04-15 00:00:00+00:00,29.7,91.13333333,,,0,0,0,0,1,1.3,1.36,282.18036,0.0,3735.25,1960,106,0.9679377830240642,-9.9748,-70.64996,Global_B,Run1,,POINT (91.13333333 29.7),tibetPlat
1960-04-15 00:00:00+00:00,12.54194444,39.76972222,,,0,0,1,0,0,1.3,1.36,292.21716,0.0,1782.5,1960,106,0.9679377830240642,-4.13267,-26.135696,Global_B,Run1,,POINT (39.76972222 12.54194444),ethiopiaHigh
1960-04-15 00:00:00+00:00,18.9,72.82,,,1,0,0,0,0,1.3,1.36,299.75473,0.0,0.0,1960,106,0.9679377830240642,-0.45205784,7.2049103,Global_B,Run1,,POINT (72.82 18.9),hotWet
1960-05-15 00:00:00+00:00,52.3,104.2833333,,,0,0,0,1,0,0.9,0.45,283.819,0.0,427.25,1960,136,0.717676913675962,-20.307663,-157.72916,Global_B,Run1,,POINT (104.2833333 52.3),lowData
1960-05-15 00:00:00+00:00,47.54260867,7.58371693,,,0,0,1,0,0,0.9,0.45,280.33664,0.0,304.73438,1960,136,0.717676913675962,-11.043113,-80.328064,Global_B,Run1,,POINT (7.58371693 47.54260867),highData
1960-05-15 00:00:00+00:00,23.27,5.6,,,0,1,0,0,0,0.9,0.45,295.02786,0.0,2246.375,1960,136,0.717676913675962,-9.190826,-64.856064,Global_B,Run1,,POINT (5.6 23.27),aridData
1960-05-15 00:00:00+00:00,69.1,-105.1166667,,,0,0,0,0,1,0.9,0.45,260.91415,5.9760437e-06,0.0,1960,136,0.717676913675962,-24.43848,-192.21854,Global_B,Run1,,POINT (-105.1166667 69.1),northData
1960-05-15 00:00:00+00:00,0.38,6.72,,,1,0,0,0,0,0.9,0.45,297.19226,8.7807166e-05,0.0,1960,136,0.717676913675962,-3.2565863,-13.026966,Global_B,Run1,,POINT (6.72 0.38),equitData
1960-05-15 00:00:00+00:00,-22.66416667,-48.06,,,0,0,1,0,0,0.9,0.45,294.72748,0.0,490.46875,1960,136,0.717676913675962,-6.2574058,-40.353428,Global_B,Run1,,POINT (-48.06 -22.66416667),southernData
1960-05-15 00:00:00+00:00,-67.57,-68.13,,,0,0,0,0,1,0.9,0.45,,,11.128906,1960,136,0.717676913675962,-13.525145,-101.06027,Global_B,Run1,,POINT (-68.13 -67.57),antData
1960-05-15 00:00:00+00:00,49.67,-93.72,,,0,0,0,1,0,0.9,0.45,283.86786,0.0,427.09375,1960,136,0.717676913675962,-17.352615,-133.03084,Global_B,Run1,,POINT (-93.72 49.67),lakeWoods
1960-05-15 00:00:00+00:00,29.7,91.13333333,,,0,0,0,0,1,0.9,0.45,283.37552,0.0,3735.25,1960,136,0.717676913675962,-9.349773,-65.778145,Global_B,Run1,,POINT (91.13333333 29.7),tibetPlat
1960-05-15 00:00:00+00:00,12.54194444,39.76972222,,,0,0,1,0,0,0.9,0.45,295.726,0.0,1782.5,1960,136,0.717676913675962,-4.4428577,-27.773617,Global_B,Run1,,POINT (39.76972222 12.54194444),ethiopiaHigh
1960-05-15 00:00:00+00:00,18.9,72.82,,,1,0,0,0,0,0.9,0.45,303.509,0.0,0.0,1960,136,0.717676913675962,-0.47614765,6.994808,Global_B,Run1,,POINT (72.82 18.9),hotWet
1960-06-15 00:00:00+00:00,52.3,104.2833333,,,0,0,0,1,0,0.2,-0.21,285.53375,0.0,427.25,1960,167,0.263665492728007,-14.584162,-116.51849,Global_B,Run1,,POINT (104.2833333 52.3),lowData
1960-06-15 00:00:00+00:00,47.54260867,7.58371693,,,0,0,1,0,0,0.2,-0.21,288.82043,0.0,304.73438,1960,167,0.263665492728007,-8.552865,-61.827827,Global_B,Run1,,POINT (7.58371693 47.54260867),highData
1960-06-15 00:00:00+00:00,23.27,5.6,,,0,1,0,0,0,0.2,-0.21,296.82455,6.146198e-06,2246.375,1960,167,0.263665492728007,-7.7898874,-52.970974,Global_B,Run1,,POINT (5.6 23.27),aridData
1960-06-15 00:00:00+00:00,69.1,-105.1166667,,,0,0,0,0,1,0.2,-0.21,273.3545,0.0,0.0,1960,167,0.263665492728007,-23.363667,-186.10204,Global_B,Run1,,POINT (-105.1166667 69.1),northData
1960-06-15 00:00:00+00:00,0.38,6.72,,,1,0,0,0,0,0.2,-0.21,296.83023,0.0,0.0,1960,167,0.263665492728007,-3.1659822,-12.877859,Global_B,Run1,,POINT (6.72 0.38),equitData
1960-06-15 00:00:00+00:00,-22.66416667,-48.06,,,0,0,1,0,0,0.2,-0.21,293.47296,0.0,490.46875,1960,167,0.263665492728007,-9.03156,-62.894604,Global_B,Run1,,POINT (-48.06 -22.66416667),southernData
1960-06-15 00:00:00+00:00,-67.57,-68.13,,,0,0,0,0,1,0.2,-0.21,,,11.128906,1960,167,0.263665492728007,-16.443443,-125.4366,Global_B,Run1,,POINT (-68.13 -67.57),antData
1960-06-15 00:00:00+00:00,49.67,-93.72,,,0,0,0,1,0,0.2,-0.21,290.1649,6.3514606e-05,427.09375,1960,167,0.263665492728007,-15.644391,-118.76218,Global_B,Run1,,POINT (-93.72 49.67),lakeWoods
1960-06-15 00:00:00+00:00,29.7,91.13333333,,,0,0,0,0,1,0.2,-0.21,292.4858,0.0,3735.25,1960,167,0.263665492728007,-6.9837313,-47.99196,Global_B,Run1,,POINT (91.13333333 29.7),tibetPlat
1960-06-15 00:00:00+00:00,12.54194444,39.76972222,,,0,0,1,0,0,0.2,-0.21,294.48456,0.0,1782.5,1960,167,0.263665492728007,-4.194678,-24.590652,Global_B,Run1,,POINT (39.76972222 12.54194444),ethiopiaHigh
1960-06-15 00:00:00+00:00,18.9,72.82,,,1,0,0,0,0,0.2,-0.21,300.93536,0.0002867988,0.0,1960,167,0.263665492728007,-1.5674527,-1.4021492,Global_B,Run1,,POINT (72.82 18.9),hotWet
1960-07-15 00:00:00+00:00,52.3,104.2833333,,,0,0,0,1,0,0.8,0.35,294.1166,0.0,427.25,1960,197,-0.2470221804809352,-15.216227,-115.46597,Global_B,Run1,,POINT (104.2833333 52.3),lowData
1960-07-15 00:00:00+00:00,47.54260867,7.58371693,,,0,0,1,0,0,0.8,0.35,291.75177,4.5551646e-05,304.73438,1960,197,-0.2470221804809352,-9.369673,-66.34995,Global_B,Run1,,POINT (7.58371693 47.54260867),highData
1960-07-15 00:00:00+00:00,23.27,5.6,,,0,1,0,0,0,0.8,0.35,296.638,0.0,2246.375,1960,197,-0.2470221804809352,-4.91331,-27.57711,Global_B,Run1,,POINT (5.6 23.27),aridData
1960-07-15 00:00:00+00:00,69.1,-105.1166667,,,0,0,0,0,1,0.8,0.35,287.45444,0.0,0.0,1960,197,-0.2470221804809352,-18.502205,-141.37727,Global_B,Run1,,POINT (-105.1166667 69.1),northData
1960-07-15 00:00:00+00:00,0.38,6.72,,,1,0,0,0,0,0.8,0.35,294.84467,3.379987e-06,0.0,1960,197,-0.2470221804809352,-4.224774,-21.89932,Global_B,Run1,,POINT (6.72 0.38),equitData
1960-07-15 00:00:00+00:00,-22.66416667,-48.06,,,0,0,1,0,0,0.8,0.35,292.1109,0.0,490.46875,1960,197,-0.2470221804809352,-9.059595,-63.485535,Global_B,Run1,,POINT (-48.06 -22.66416667),southernData
1960-07-15 00:00:00+00:00,-67.57,-68.13,,,0,0,0,0,1,0.8,0.35,,,11.128906,1960,197,-0.2470221804809352,-17.279806,-132.42267,Global_B,Run1,,POINT (-68.13 -67.57),antData
1960-07-15 00:00:00+00:00,49.67,-93.72,,,0,0,0,1,0,0.8,0.35,290.25168,1.0714474e-05,427.09375,1960,197,-0.2470221804809352,-13.019322,-96.59816,Global_B,Run1,,POINT (-93.72 49.67),lakeWoods
1960-07-15 00:00:00+00:00,29.7,91.13333333,,,0,0,0,0,1,0.8,0.35,291.88205,3.402545e-05,3735.25,1960,197,-0.2470221804809352,-10.5038595,-75.71648,Global_B,Run1,,POINT (91.13333333 29.7),tibetPlat
1960-07-15 00:00:00+00:00,12.54194444,39.76972222,,,0,0,1,0,0,0.8,0.35,291.55453,0.00012113333,1782.5,1960,197,-0.2470221804809352,-0.33258438,4.9146156,Global_B,Run1,,POINT (39.76972222 12.54194444),ethiopiaHigh
1960-07-15 00:00:00+00:00,18.9,72.82,,,1,0,0,0,0,0.8,0.35,299.8981,0.00023569712,0.0,1960,197,-0.2470221804809352,-4.5709925,-24.592655,Global_B,Run1,,POINT (72.82 18.9),hotWet
1960-08-15 00:00:00+00:00,52.3,104.2833333,,,0,0,0,1,0,1.3,-1.4,285.5162,0.0,427.25,1960,228,-0.7055836101071774,-11.218797,-81.79554,Global_B,Run1,,POINT (104.2833333 52.3),lowData
1960-08-15 00:00:00+00:00,47.54260867,7.58371693,,,0,0,1,0,0,1.3,-1.4,285.70755,0.00016445076,304.73438,1960,228,-0.7055836101071774,-9.621832,-68.456215,Global_B,Run1,,POINT (7.58371693 47.54260867),highData
1960-08-15 00:00:00+00:00,23.27,5.6,,,0,1,0,0,0,1.3,-1.4,300.2681,0.0,2246.375,1960,228,-0.7055836101071774,-3.6225195,-16.460405,Global_B,Run1,,POINT (5.6 23.27),aridData
1960-08-15 00:00:00+00:00,69.1,-105.1166667,,,0,0,0,0,1,1.3,-1.4,279.11215,4.4235476e-06,0.0,1960,228,-0.7055836101071774,-20.649971,-161.20413,Global_B,Run1,,POINT (-105.1166667 69.1),northData
1960-08-15 00:00:00+00:00,0.38,6.72,,,1,0,0,0,0,1.3,-1.4,295.28745,4.297311e-06,0.0,1960,228,-0.7055836101071774,-5.856337,-36.666058,Global_B,Run1,,POINT (6.72 0.38),equitData
1960-08-15 00:00:00+00:00,-22.66416667,-48.06,,,0,0,1,0,0,1.3,-1.4,295.16837,0.0,490.46875,1960,228,-0.7055836101071774,-9.271053,-66.47691,Global_B,Run1,,POINT (-48.06 -22.66416667),southernData
1960-08-15 00:00:00+00:00,-67.57,-68.13,,,0,0,0,0,1,1.3,-1.4,,,11.128906,1960,228,-0.7055836101071774,-20.652153,-160.59163,Global_B,Run1,,POINT (-68.13 -67.57),antData
1960-08-15 00:00:00+00:00,49.67,-93.72,,,0,0,0,1,0,1.3,-1.4,292.14865,2.5126754e-05,427.09375,1960,228,-0.7055836101071774,-15.337669,-114.85019,Global_B,Run1,,POINT (-93.72 49.67),lakeWoods
1960-08-15 00:00:00+00:00,29.7,91.13333333,,,0,0,0,0,1,1.3,-1.4,291.76874,2.2579155e-05,3735.25,1960,228,-0.7055836101071774,-11.485823,-84.640564,Global_B,Run1,,POINT (91.13333333 29.7),tibetPlat
1960-08-15 00:00:00+00:00,12.54194444,39.76972222,,,0,0,1,0,0,1.3,-1.4,294.07404,8.8335604e-05,1782.5,1960,228,-0.7055836101071774,-0.97806406,7.6427345,Global_B,Run1,,POINT (39.76972222 12.54194444),ethiopiaHigh
1960-08-15 00:00:00+00:00,18.9,72.82,,,1,0,0,0,0,1.3,-1.4,299.42624,0.00021512846,0.0,1960,228,-0.7055836101071774,-5.2193727,-30.765057,Global_B,Run1,,POINT (72.82 18.9),hotWet
1960-09-15 00:00:00+00:00,52.3,104.2833333,,,0,0,0,1,0,1.1,0.39,275.60352,2.0347446e-05,427.25,1960,259,-0.9679377830240642,-13.929204,-104.43536,Global_B,Run1,,POINT (104.2833333 52.3),lowData
1960-09-15 00:00:00+00:00,47.54260867,7.58371693,,,0,0,1,0,0,1.1,0.39,288.1343,0.0,304.73438,1960,259,-0.9679377830240642,-10.033356,-71.89365,Global_B,Run1,,POINT (7.58371693 47.54260867),highData
1960-09-15 00:00:00+00:00,23.27,5.6,,,0,1,0,0,0,1.1,0.39,298.38217,0.0,2246.375,1960,259,-0.9679377830240642,-1.782145,-2.772293,Global_B,Run1,,POINT (5.6 23.27),aridData
1960-09-15 00:00:00+00:00,69.1,-105.1166667,,,0,0,0,0,1,1.1,0.39,275.0393,6.5693716e-06,0.0,1960,259,-0.9679377830240642,-18.230469,-140.3635,Global_B,Run1,,POINT (-105.1166667 69.1),northData
1960-09-15 00:00:00+00:00,0.38,6.72,,,1,0,0,0,0,1.1,0.39,296.7663,7.58684e-06,0.0,1960,259,-0.9679377830240642,-1.115788,1.9284592,Global_B,Run1,,POINT (6.72 0.38),equitData
1960-09-15 00:00:00+00:00,-22.66416667,-48.06,,,0,0,1,0,0,1.1,0.39,292.56833,8.719466e-05,490.46875,1960,259,-0.9679377830240642,-10.436925,-77.456955,Global_B,Run1,,POINT (-48.06 -22.66416667),southernData
1960-09-15 00:00:00+00:00,-67.57,-68.13,,,0,0,0,0,1,1.1,0.39,,,11.128906,1960,259,-0.9679377830240642,-18.674446,-144.072,Global_B,Run1,,POINT (-68.13 -67.57),antData
1960-09-15 00:00:00+00:00,49.67,-93.72,,,0,0,0,1,0,1.1,0.39,282.30637,0.0,427.09375,1960,259,-0.9679377830240642,-16.207035,-123.4619,Global_B,Run1,,POINT (-93.72 49.67),lakeWoods
1960-09-15 00:00:00+00:00,29.7,91.13333333,,,0,0,0,0,1,1.1,0.39,288.52295,0.0,3735.25,1960,259,-0.9679377830240642,-12.398853,-91.65246,Global_B,Run1,,POINT (91.13333333 29.7),tibetPlat
1960-09-15 00:00:00+00:00,12.54194444,39.76972222,,,0,0,1,0,0,1.1,0.39,295.62433,0.0,1782.5,1960,259,-0.9679377830240642,-2.070086,-1.7651768,Global_B,Run1,,POINT (39.76972222 12.54194444),ethiopiaHigh
1960-09-15 00:00:00+00:00,18.9,72.82,,,1,0,0,0,0,1.1,0.39,301.71466,0.0,0.0,1960,259,-0.9679377830240642,-3.9287915,-18.579014,Global_B,Run1,,POINT (72.82 18.9),hotWet
1960-10-15 00:00:00+00:00,52.3,104.2833333,,,0,0,0,1,0,0.2,-1.73,274.62946,0.0,427.25,1960,289,-0.965739937654855,-13.77638,-103.15883,Global_B,Run1,,POINT (104.2833333 52.3),lowData
1960-10-15 00:00:00+00:00,47.54260867,7.58371693,,,0,0,1,0,0,0.2,-1.73,284.1889,0.0,304.73438,1960,289,-0.965739937654855,-10.002731,-71.63784,Global_B,Run1,,POINT (7.58371693 47.54260867),highData
1960-10-15 00:00:00+00:00,23.27,5.6,,,0,1,0,0,0,0.2,-1.73,293.28238,0.0,2246.375,1960,289,-0.965739937654855,-1.7565842,-2.6255703,Global_B,Run1,,POINT (5.6 23.27),aridData
1960-10-15 00:00:00+00:00,69.1,-105.1166667,,,0,0,0,0,1,0.2,-1.73,260.31558,0.0,0.0,1960,289,-0.965739937654855,-18.102222,-139.29227,Global_B,Run1,,POINT (-105.1166667 69.1),northData
1960-10-15 00:00:00+00:00,0.38,6.72,,,1,0,0,0,0,0.2,-1.73,297.1555,2.877495e-05,0.0,1960,289,-0.965739937654855,-1.1579638,1.5931778,Global_B,Run1,,POINT (6.72 0.38),equitData
1960-10-15 00:00:00+00:00,-22.66416667,-48.06,,,0,0,1,0,0,0.2,-1.73,292.99213,0.0,490.46875,1960,289,-0.965739937654855,-10.430389,-77.39333,Global_B,Run1,,POINT (-48.06 -22.66416667),southernData
1960-10-15 00:00:00+00:00,-67.57,-68.13,,,0,0,0,0,1,0.2,-1.73,,,11.128906,1960,289,-0.965739937654855,-18.67459,-144.07318,Global_B,Run1,,POINT (-68.13 -67.57),antData
1960-10-15 00:00:00+00:00,49.67,-93.72,,,0,0,0,1,0,0.2,-1.73,272.05035,0.0,427.09375,1960,289,-0.965739937654855,-16.07901,-122.39253,Global_B,Run1,,POINT (-93.72 49.67),lakeWoods
1960-10-15 00:00:00+00:00,29.7,91.13333333,,,0,0,0,0,1,0.2,-1.73,283.8549,0.0,3735.25,1960,289,-0.965739937654855,-12.388453,-91.56559,Global_B,Run1,,POINT (91.13333333 29.7),tibetPlat
1960-10-15 00:00:00+00:00,12.54194444,39.76972222,,,0,0,1,0,0,0.2,-1.73,292.36185,0.0,1782.5,1960,289,-0.965739937654855,-2.0714102,-1.7777138,Global_B,Run1,,POINT (39.76972222 12.54194444),ethiopiaHigh
1960-10-15 00:00:00+00:00,18.9,72.82,,,1,0,0,0,0,0.2,-1.73,303.8944,0.0,0.0,1960,289,-0.965739937654855,-3.9639587,-18.885437,Global_B,Run1,,POINT (72.82 18.9),hotWet
1960-11-15 00:00:00+00:00,52.3,104.2833333,,,0,0,0,1,0,0.9,-0.51,267.88553,4.885922e-06,427.25,1960,320,-0.6994583270516471,-11.2948475,-82.430786,Global_B,Run1,,POINT (104.2833333 52.3),lowData
1960-11-15 00:00:00+00:00,47.54260867,7.58371693,,,0,0,1,0,0,0.9,-0.51,279.4394,7.336661e-05,304.73438,1960,320,-0.6994583270516471,-9.631201,-68.53448,Global_B,Run1,,POINT (7.58371693 47.54260867),highData
1960-11-15 00:00:00+00:00,23.27,5.6,,,0,1,0,0,0,0.9,-0.51,287.57617,0.0,2246.375,1960,320,-0.6994583270516471,-3.6354842,-16.58313,Global_B,Run1,,POINT (5.6 23.27),aridData
1960-11-15 00:00:00+00:00,69.1,-105.1166667,,,0,0,0,0,1,0.9,-0.51,251.60046,1.1578504e-05,0.0,1960,320,-0.6994583270516471,-20.69998,-161.58478,Global_B,Run1,,POINT (-105.1166667 69.1),northData
1960-11-15 00:00:00+00:00,0.38,6.72,,,1,0,0,0,0,0.9,-0.51,297.44617,8.781333e-05,0.0,1960,320,-0.6994583270516471,-5.9122767,-37.15845,Global_B,Run1,,POINT (6.72 0.38),equitData
1960-11-15 00:00:00+00:00,-22.66416667,-48.06,,,0,0,1,0,0,0.9,-0.51,293.83344,0.0,490.46875,1960,320,-0.6994583270516471,-9.248693,-66.26459,Global_B,Run1,,POINT (-48.06 -22.66416667),southernData
1960-11-15 00:00:00+00:00,-67.57,-68.13,,,0,0,0,0,1,0.9,-0.51,,,11.128906,1960,320,-0.6994583270516471,-20.634174,-160.44145,Global_B,Run1,,POINT (-68.13 -67.57),antData
1960-11-15 00:00:00+00:00,49.67,-93.72,,,0,0,0,1,0,0.9,-0.51,269.69208,0.0,427.09375,1960,320,-0.6994583270516471,-15.631636,-117.17851,Global_B,Run1,,POINT (-93.72 49.67),lakeWoods
1960-11-15 00:00:00+00:00,29.7,91.13333333,,,0,0,0,0,1,0.9,-0.51,279.1808,0.0,3735.25,1960,320,-0.6994583270516471,-11.41021,-83.96892,Global_B,Run1,,POINT (91.13333333 29.7),tibetPlat
1960-11-15 00:00:00+00:00,12.54194444,39.76972222,,,0,0,1,0,0,0.9,-0.51,293.8054,0.0,1782.5,1960,320,-0.6994583270516471,-0.86117125,8.4772835,Global_B,Run1,,POINT (39.76972222 12.54194444),ethiopiaHigh
1960-11-15 00:00:00+00:00,18.9,72.82,,,1,0,0,0,0,0.9,-0.51,299.5706,0.0,0.0,1960,320,-0.6994583270516471,-5.218578,-30.751438,Global_B,Run1,,POINT (72.82 18.9),hotWet
1960-12-15 00:00:00+00:00,52.3,104.2833333,,,0,0,0,1,0,1.3,0.06,256.69815,0.0,427.25,1960,350,-0.2553532951161881,-15.242522,-115.547745,Global_B,Run1,,POINT (104.2833333 52.3),lowData
1960-12-15 00:00:00+00:00,47.54260867,7.58371693,,,0,0,1,0,0,1.3,0.06,271.16794,9.1650036e-05,304.73438,1960,350,-0.2553532951161881,-9.3787,-66.425354,Global_B,Run1,,POINT (7.58371693 47.54260867),highData
1960-12-15 00:00:00+00:00,23.27,5.6,,,0,1,0,0,0,1.3,0.06,282.3573,0.0,2246.375,1960,350,-0.2553532951161881,-4.9154315,-27.588793,Global_B,Run1,,POINT (5.6 23.27),aridData
1960-12-15 00:00:00+00:00,69.1,-105.1166667,,,0,0,0,0,1,1.3,0.06,237.78946,0.0,0.0,1960,350,-0.2553532951161881,-18.52081,-141.50847,Global_B,Run1,,POINT (-105.1166667 69.1),northData
1960-12-15 00:00:00+00:00,0.38,6.72,,,1,0,0,0,0,1.3,0.06,297.55875,0.00032214622,0.0,1960,350,-0.2553532951161881,-4.2473626,-22.104927,Global_B,Run1,,POINT (6.72 0.38),equitData
1960-12-15 00:00:00+00:00,-22.66416667,-48.06,,,0,0,1,0,0,1.3,0.06,298.69818,4.4446835e-05,490.46875,1960,350,-0.2553532951161881,-9.056944,-63.4754,Global_B,Run1,,POINT (-48.06 -22.66416667),southernData
1960-12-15 00:00:00+00:00,-67.57,-68.13,,,0,0,0,0,1,1.3,0.06,,,11.128906,1960,350,-0.2553532951161881,-17.289227,-132.50136,Global_B,Run1,,POINT (-68.13 -67.57),antData
1960-12-15 00:00:00+00:00,49.67,-93.72,,,0,0,0,1,0,1.3,0.06,260.68594,0.0,427.09375,1960,350,-0.2553532951161881,-13.008839,-96.5043,Global_B,Run1,,POINT (-93.72 49.67),lakeWoods
1960-12-15 00:00:00+00:00,29.7,91.13333333,,,0,0,0,0,1,1.3,0.06,270.56937,3.5574496e-06,3735.25,1960,350,-0.2553532951161881,-10.501718,-75.70027,Global_B,Run1,,POINT (91.13333333 29.7),tibetPlat
1960-12-15 00:00:00+00:00,12.54194444,39.76972222,,,0,0,1,0,0,1.3,0.06,289.5193,0.0,1782.5,1960,350,-0.2553532951161881,-0.21014404,5.822628,Global_B,Run1,,POINT (39.76972222 12.54194444),ethiopiaHigh
1960-12-15 00:00:00+00:00,18.9,72.82,,,1,0,0,0,0,1.3,0.06,298.54373,0.0,0.0,1960,350,-0.2553532951161881,-4.5917244,-24.777311,Global_B,Run1,,POINT (72.82 18.9),hotWet
1961-01-15 00:00:00+00:00,52.3,104.2833333,,,0,0,0,1,0,-0.4,0.41,256.3921,0.0,427.25,1961,15,0.255353295116187,-14.206205,-114.05594,Global_B,Run1,,POINT (104.2833333 52.3),lowData
1961-01-15 00:00:00+00:00,47.54260867,7.58371693,,,0,0,1,0,0,-0.4,0.41,268.75485,0.0,304.73438,1961,15,0.255353295116187,-8.714157,-63.036644,Global_B,Run1,,POINT (7.58371693 47.54260867),highData
1961-01-15 00:00:00+00:00,23.27,5.6,,,0,1,0,0,0,-0.4,0.41,281.8583,0.0,2246.375,1961,15,0.255353295116187,-8.0783825,-55.55137,Global_B,Run1,,POINT (5.6 23.27),aridData
1961-01-15 00:00:00+00:00,69.1,-105.1166667,,,0,0,0,0,1,-0.4,0.41,230.24403,0.0,0.0,1961,15,0.255353295116187,-24.611977,-195.60376,Global_B,Run1,,POINT (-105.1166667 69.1),northData
1961-01-15 00:00:00+00:00,0.38,6.72,,,1,0,0,0,0,-0.4,0.41,296.9794,0.0004005848,0.0,1961,15,0.255353295116187,-2.9390488,-11.385872,Global_B,Run1,,POINT (6.72 0.38),equitData
1961-01-15 00:00:00+00:00,-22.66416667,-48.06,,,0,0,1,0,0,-0.4,0.41,299.68515,2.9731986e-05,490.46875,1961,15,0.255353295116187,-9.028794,-63.064125,Global_B,Run1,,POINT (-48.06 -22.66416667),southernData
1961-01-15 00:00:00+00:00,-67.57,-68.13,,,0,0,0,0,1,-0.4,0.41,,,11.128906,1961,15,0.255353295116187,-16.511276,-126.003204,Global_B,Run1,,POINT (-68.13 -67.57),antData
1961-01-15 00:00:00+00:00,49.67,-93.72,,,0,0,0,1,0,-0.4,0.41,263.92737,1.28778665e-05,427.09375,1961,15,0.255353295116187,-15.677105,-119.284805,Global_B,Run1,,POINT (-93.72 49.67),lakeWoods
1961-01-15 00:00:00+00:00,29.7,91.13333333,,,0,0,0,0,1,-0.4,0.41,268.5282,7.862315e-06,3735.25,1961,15,0.255353295116187,-6.743372,-45.890125,Global_B,Run1,,POINT (91.13333333 29.7),tibetPlat
1961-01-15 00:00:00+00:00,12.54194444,39.76972222,,,0,1,0,0,0,-0.4,0.41,291.11517,0.00015968943,1782.5,1961,15,0.255353295116187,-2.9022236,-13.169239,Global_B,Run1,,POINT (39.76972222 12.54194444),ethiopiaHigh
1961-01-15 00:00:00+00:00,18.9,72.82,,,1,0,0,0,0,-0.4,0.41,296.73203,0.0,0.0,1961,15,0.255353295116187,-1.3933334,-0.15688705,Global_B,Run1,,POINT (72.82 18.9),hotWet
1961-02-15 00:00:00+00:00,52.3,104.2833333,,,0,0,0,1,0,1.5,0.45,265.08835,6.7787314e-06,427.25,1961,46,0.7116566222817746,-20.252172,-157.25063,Global_B,Run1,,POINT (104.2833333 52.3),lowData
1961-02-15 00:00:00+00:00,47.54260867,7.58371693,,,0,0,1,0,0,1.5,0.45,270.41492,1.1496258e-05,304.73438,1961,46,0.7116566222817746,-11.054262,-80.421196,Global_B,Run1,,POINT (7.58371693 47.54260867),highData
1961-02-15 00:00:00+00:00,23.27,5.6,,,0,1,0,0,0,1.5,0.45,283.764,0.0,2246.375,1961,46,0.7116566222817746,-8.924534,-62.631737,Global_B,Run1,,POINT (5.6 23.27),aridData
1961-02-15 00:00:00+00:00,69.1,-105.1166667,,,0,0,0,0,1,1.5,0.45,232.74014,0.0,0.0,1961,46,0.7116566222817746,-24.488628,-192.63742,Global_B,Run1,,POINT (-105.1166667 69.1),northData
1961-02-15 00:00:00+00:00,0.38,6.72,,,1,0,0,0,0,1.5,0.45,298.33823,0.00011269832,0.0,1961,46,0.7116566222817746,-3.010286,-11.490875,Global_B,Run1,,POINT (6.72 0.38),equitData
1961-02-15 00:00:00+00:00,-22.66416667,-48.06,,,0,0,1,0,0,1.5,0.45,299.0362,5.4157917e-05,490.46875,1961,46,0.7116566222817746,-6.567329,-42.942192,Global_B,Run1,,POINT (-48.06 -22.66416667),southernData
1961-02-15 00:00:00+00:00,-67.57,-68.13,,,0,0,0,0,1,1.5,0.45,,,11.128906,1961,46,0.7116566222817746,-13.609359,-101.76372,Global_B,Run1,,POINT (-68.13 -67.57),antData
1961-02-15 00:00:00+00:00,49.67,-93.72,,,0,0,0,1,0,1.5,0.45,262.56204,3.4240275e-05,427.09375,1961,46,0.7116566222817746,-17.690994,-135.8573,Global_B,Run1,,POINT (-93.72 49.67),lakeWoods
1961-02-15 00:00:00+00:00,29.7,91.13333333,,,0,0,0,0,1,1.5,0.45,270.8617,0.0,3735.25,1961,46,0.7116566222817746,-8.264657,-57.23272,Global_B,Run1,,POINT (91.13333333 29.7),tibetPlat
1961-02-15 00:00:00+00:00,12.54194444,39.76972222,,,0,1,0,0,0,1.5,0.45,292.1344,0.0,1782.5,1961,46,0.7116566222817746,-2.8093739,-13.337744,Global_B,Run1,,POINT (39.76972222 12.54194444),ethiopiaHigh
1961-02-15 00:00:00+00:00,18.9,72.82,,,1,0,0,0,0,1.5,0.45,297.038,0.0,0.0,1961,46,0.7116566222817746,-0.4529829,7.178833,Global_B,Run1,,POINT (72.82 18.9),hotWet
1961-03-15 00:00:00+00:00,52.3,104.2833333,,,0,0,0,1,0,-3.0,0.55,266.8681,0.0,427.25,1961,74,0.9562348265919056,-20.492886,-159.26128,Global_B,Run1,,POINT (104.2833333 52.3),lowData
1961-03-15 00:00:00+00:00,47.54260867,7.58371693,,,0,0,1,0,0,-3.0,0.55,271.10275,0.0,304.73438,1961,74,0.9562348265919056,-11.467614,-83.87389,Global_B,Run1,,POINT (7.58371693 47.54260867),highData
1961-03-15 00:00:00+00:00,23.27,5.6,,,0,1,0,0,0,-3.0,0.55,286.7948,0.0,2246.375,1961,74,0.9562348265919056,-9.525976,-67.65553,Global_B,Run1,,POINT (5.6 23.27),aridData
1961-03-15 00:00:00+00:00,69.1,-105.1166667,,,0,0,0,0,1,-3.0,0.55,236.325,0.0,0.0,1961,74,0.9562348265919056,-24.426388,-192.11752,Global_B,Run1,,POINT (-105.1166667 69.1),northData
1961-03-15 00:00:00+00:00,0.38,6.72,,,1,0,0,0,0,-3.0,0.55,299.8737,7.5668315e-05,0.0,1961,74,0.9562348265919056,-3.2333233,-12.670614,Global_B,Run1,,POINT (6.72 0.38),equitData
1961-03-15 00:00:00+00:00,-22.66416667,-48.06,,,0,0,1,0,0,-3.0,0.55,298.01218,5.8787176e-05,490.46875,1961,74,0.9562348265919056,-6.6127295,-43.32142,Global_B,Run1,,POINT (-48.06 -22.66416667),southernData
1961-03-15 00:00:00+00:00,-67.57,-68.13,,,0,0,0,0,1,-3.0,0.55,,,11.128906,1961,74,0.9562348265919056,-11.099567,-80.79964,Global_B,Run1,,POINT (-68.13 -67.57),antData
1961-03-15 00:00:00+00:00,49.67,-93.72,,,0,0,0,1,0,-3.0,0.55,259.90042,0.0,427.09375,1961,74,0.9562348265919056,-18.579994,-143.28305,Global_B,Run1,,POINT (-93.72 49.67),lakeWoods
1961-03-15 00:00:00+00:00,29.7,91.13333333,,,0,0,0,0,1,-3.0,0.55,281.02466,8.582954e-06,3735.25,1961,74,0.9562348265919056,-9.402018,-66.01518,Global_B,Run1,,POINT (91.13333333 29.7),tibetPlat
1961-03-15 00:00:00+00:00,12.54194444,39.76972222,,,0,1,0,0,0,-3.0,0.55,295.23523,0.0,1782.5,1961,74,0.9562348265919056,-2.347446,-10.415958,Global_B,Run1,,POINT (39.76972222 12.54194444),ethiopiaHigh
1961-03-15 00:00:00+00:00,18.9,72.82,,,1,0,0,0,0,-3.0,0.55,301.48978,0.0,0.0,1961,74,0.9562348265919056,-0.5436053,6.5924873,Global_B,Run1,,POINT (72.82 18.9),hotWet
1961-04-15 00:00:00+00:00,52.3,104.2833333,,,0,0,0,1,0,1.3,-1.55,267.0806,0.0,427.25,1961,105,0.9721181966290612,-20.47324,-159.09717,Global_B,Run1,,POINT (104.2833333 52.3),lowData
1961-04-15 00:00:00+00:00,47.54260867,7.58371693,,,0,0,1,0,0,1.3,-1.55,277.9822,0.0,304.73438,1961,105,0.9721181966290612,-11.489016,-84.05266,Global_B,Run1,,POINT (7.58371693 47.54260867),highData
1961-04-15 00:00:00+00:00,23.27,5.6,,,0,1,0,0,0,1.3,-1.55,289.6829,0.0,2246.375,1961,105,0.9721181966290612,-9.566941,-67.99772,Global_B,Run1,,POINT (5.6 23.27),aridData
1961-04-15 00:00:00+00:00,69.1,-105.1166667,,,0,0,0,0,1,1.3,-1.55,254.81122,0.0,0.0,1961,105,0.9721181966290612,-24.423992,-192.09752,Global_B,Run1,,POINT (-105.1166667 69.1),northData
1961-04-15 00:00:00+00:00,0.38,6.72,,,1,0,0,0,0,1.3,-1.55,300.95615,8.4232315e-06,0.0,1961,105,0.9721181966290612,-3.2337043,-12.657759,Global_B,Run1,,POINT (6.72 0.38),equitData
1961-04-15 00:00:00+00:00,-22.66416667,-48.06,,,0,0,1,0,0,1.3,-1.55,299.12234,0.0,490.46875,1961,105,0.9721181966290612,-6.597965,-43.198093,Global_B,Run1,,POINT (-48.06 -22.66416667),southernData
1961-04-15 00:00:00+00:00,-67.57,-68.13,,,0,0,0,0,1,1.3,-1.55,,,11.128906,1961,105,0.9721181966290612,-10.97708,-79.776505,Global_B,Run1,,POINT (-68.13 -67.57),antData
1961-04-15 00:00:00+00:00,49.67,-93.72,,,0,0,0,1,0,1.3,-1.55,277.17453,0.0,427.09375,1961,105,0.9721181966290612,-18.623484,-143.64632,Global_B,Run1,,POINT (-93.72 49.67),lakeWoods
1961-04-15 00:00:00+00:00,29.7,91.13333333,,,0,0,0,0,1,1.3,-1.55,283.28128,0.0,3735.25,1961,105,0.9721181966290612,-9.183445,-64.34805,Global_B,Run1,,POINT (91.13333333 29.7),tibetPlat
1961-04-15 00:00:00+00:00,12.54194444,39.76972222,,,0,1,0,0,0,1.3,-1.55,296.33786,0.0,1782.5,1961,105,0.9721181966290612,-2.2995498,-10.095413,Global_B,Run1,,POINT (39.76972222 12.54194444),ethiopiaHigh
1961-04-15 00:00:00+00:00,18.9,72.82,,,1,0,0,0,0,1.3,-1.55,301.34918,0.0,0.0,1961,105,0.9721181966290612,-0.58101845,6.3234444,Global_B,Run1,,POINT (72.82 18.9),hotWet
1961-05-15 00:00:00+00:00,52.3,104.2833333,,,0,0,0,1,0,0.5,-0.36,287.21335,0.0,427.25,1961,135,0.7295575540864875,-20.2944,-157.60335,Global_B,Run1,,POINT (104.2833333 52.3),lowData
1961-05-15 00:00:00+00:00,47.54260867,7.58371693,,,0,0,1,0,0,0.5,-0.36,287.97726,2.1371708e-05,304.73438,1961,135,0.7295575540864875,-11.08926,-80.71353,Global_B,Run1,,POINT (7.58371693 47.54260867),highData
1961-05-15 00:00:00+00:00,23.27,5.6,,,0,1,0,0,0,0.5,-0.36,293.72543,0.0,2246.375,1961,135,0.7295575540864875,-8.960185,-62.929535,Global_B,Run1,,POINT (5.6 23.27),aridData
1961-05-15 00:00:00+00:00,69.1,-105.1166667,,,0,0,0,0,1,0.5,-0.36,262.68048,0.0,0.0,1961,135,0.7295575540864875,-24.486229,-192.61737,Global_B,Run1,,POINT (-105.1166667 69.1),northData
1961-05-15 00:00:00+00:00,0.38,6.72,,,1,0,0,0,0,0.5,-0.36,298.1462,4.8155172e-05,0.0,1961,135,0.7295575540864875,-3.0719383,-11.864073,Global_B,Run1,,POINT (6.72 0.38),equitData
1961-05-15 00:00:00+00:00,-22.66416667,-48.06,,,0,0,1,0,0,0.5,-0.36,290.95905,4.2867605e-06,490.46875,1961,135,0.7295575540864875,-6.588497,-43.119007,Global_B,Run1,,POINT (-48.06 -22.66416667),southernData
1961-05-15 00:00:00+00:00,-67.57,-68.13,,,0,0,0,0,1,0.5,-0.36,,,11.128906,1961,135,0.7295575540864875,-13.4070835,-100.07413,Global_B,Run1,,POINT (-68.13 -67.57),antData
1961-05-15 00:00:00+00:00,49.67,-93.72,,,0,0,0,1,0,0.5,-0.36,293.30176,0.0,427.09375,1961,135,0.7295575540864875,-17.761244,-136.44409,Global_B,Run1,,POINT (-93.72 49.67),lakeWoods
1961-05-15 00:00:00+00:00,29.7,91.13333333,,,0,0,0,0,1,0.5,-0.36,285.17038,2.0947162e-05,3735.25,1961,135,0.7295575540864875,-8.907187,-62.166405,Global_B,Run1,,POINT (91.13333333 29.7),tibetPlat
1961-05-15 00:00:00+00:00,12.54194444,39.76972222,,,0,1,0,0,0,0.5,-0.36,295.6847,0.0,1782.5,1961,135,0.7295575540864875,-2.7903154,-13.232502,Global_B,Run1,,POINT (39.76972222 12.54194444),ethiopiaHigh
1961-05-15 00:00:00+00:00,18.9,72.82,,,1,0,0,0,0,0.5,-0.36,302.72803,0.0,0.0,1961,135,0.7295575540864875,-0.4312153,7.3706017,Global_B,Run1,,POINT (72.82 18.9),hotWet
1961-06-15 00:00:00+00:00,52.3,104.2833333,,,0,0,0,1,0,0.2,0.86,288.5151,0.0,427.25,1961,166,0.2802306751992158,-14.680486,-117.46117,Global_B,Run1,,POINT (104.2833333 52.3),lowData
1961-06-15 00:00:00+00:00,47.54260867,7.58371693,,,0,0,1,0,0,0.2,0.86,289.97363,4.768014e-05,304.73438,1961,166,0.2802306751992158,-8.650317,-62.646618,Global_B,Run1,,POINT (7.58371693 47.54260867),highData
1961-06-15 00:00:00+00:00,23.27,5.6,,,0,1,0,0,0,0.2,0.86,298.23038,0.0,2246.375,1961,166,0.2802306751992158,-8.174438,-56.36496,Global_B,Run1,,POINT (5.6 23.27),aridData
1961-06-15 00:00:00+00:00,69.1,-105.1166667,,,0,0,0,0,1,0.2,0.86,273.14868,0.0,0.0,1961,166,0.2802306751992158,-17.678223,-141.8657,Global_B,Run1,,POINT (-105.1166667 69.1),northData
1961-06-15 00:00:00+00:00,0.38,6.72,,,1,0,0,0,0,0.2,0.86,297.94833,0.0,0.0,1961,166,0.2802306751992158,-2.7791903,-10.34059,Global_B,Run1,,POINT (6.72 0.38),equitData
1961-06-15 00:00:00+00:00,-22.66416667,-48.06,,,0,0,1,0,0,0.2,0.86,293.4172,0.0,490.46875,1961,166,0.2802306751992158,-9.028576,-63.03116,Global_B,Run1,,POINT (-48.06 -22.66416667),southernData
1961-06-15 00:00:00+00:00,-67.57,-68.13,,,0,0,0,0,1,0.2,0.86,,,11.128906,1961,166,0.2802306751992158,-16.462217,-125.593414,Global_B,Run1,,POINT (-68.13 -67.57),antData
1961-06-15 00:00:00+00:00,49.67,-93.72,,,0,0,0,1,0,0.2,0.86,295.49774,0.0,427.09375,1961,166,0.2802306751992158,-15.885701,-120.83092,Global_B,Run1,,POINT (-93.72 49.67),lakeWoods
1961-06-15 00:00:00+00:00,29.7,91.13333333,,,0,0,0,0,1,0.2,0.86,293.7832,4.923415e-05,3735.25,1961,166,0.2802306751992158,-6.815522,-46.38999,Global_B,Run1,,POINT (91.13333333 29.7),tibetPlat
1961-06-15 00:00:00+00:00,12.54194444,39.76972222,,,0,1,0,0,0,0.2,0.86,296.01813,4.735229e-06,1782.5,1961,166,0.2802306751992158,-2.9041097,-13.218611,Global_B,Run1,,POINT (39.76972222 12.54194444),ethiopiaHigh
1961-06-15 00:00:00+00:00,18.9,72.82,,,1,0,0,0,0,0.2,0.86,303.12848,5.4675857e-06,0.0,1961,166,0.2802306751992158,-1.3071127,0.4840927,Global_B,Run1,,POINT (72.82 18.9),hotWet
1961-07-15 00:00:00+00:00,52.3,104.2833333,,,0,0,0,1,0,0.4,-0.39,292.36786,0.0,427.25,1961,196,-0.2303056702306119,-14.510112,-111.54649,Global_B,Run1,,POINT (104.2833333 52.3),lowData
1961-07-15 00:00:00+00:00,47.54260867,7.58371693,,,0,0,1,0,0,0.4,-0.39,287.9461,0.00015342943,304.73438,1961,196,-0.2303056702306119,-12.005053,-88.180374,Global_B,Run1,,POINT (7.58371693 47.54260867),highData
1961-07-15 00:00:00+00:00,23.27,5.6,,,0,1,0,0,0,0.4,-0.39,301.35645,0.0,2246.375,1961,196,-0.2303056702306119,-5.3574505,-31.527035,Global_B,Run1,,POINT (5.6 23.27),aridData
1961-07-15 00:00:00+00:00,69.1,-105.1166667,,,0,0,0,0,1,0.4,-0.39,279.54666,7.994744e-06,0.0,1961,196,-0.2303056702306119,-18.52819,-141.59407,Global_B,Run1,,POINT (-105.1166667 69.1),northData
1961-07-15 00:00:00+00:00,0.38,6.72,,,1,0,0,0,0,0.4,-0.39,295.93872,0.0,0.0,1961,196,-0.2303056702306119,-4.105637,-20.811562,Global_B,Run1,,POINT (6.72 0.38),equitData
1961-07-15 00:00:00+00:00,-22.66416667,-48.06,,,0,0,1,0,0,0.4,-0.39,293.45956,0.0,490.46875,1961,196,-0.2303056702306119,-9.115522,-63.935368,Global_B,Run1,,POINT (-48.06 -22.66416667),southernData
1961-07-15 00:00:00+00:00,-67.57,-68.13,,,0,0,0,0,1,0.4,-0.39,,,11.128906,1961,196,-0.2303056702306119,-17.323975,-132.79161,Global_B,Run1,,POINT (-68.13 -67.57),antData
1961-07-15 00:00:00+00:00,49.67,-93.72,,,0,0,0,1,0,0.4,-0.39,294.04773,0.0001408426,427.09375,1961,196,-0.2303056702306119,-13.449981,-99.81514,Global_B,Run1,,POINT (-93.72 49.67),lakeWoods
1961-07-15 00:00:00+00:00,29.7,91.13333333,,,0,0,0,0,1,0.4,-0.39,295.00607,0.0,3735.25,1961,196,-0.2303056702306119,-10.317177,-74.13251,Global_B,Run1,,POINT (91.13333333 29.7),tibetPlat
1961-07-15 00:00:00+00:00,12.54194444,39.76972222,,,0,1,0,0,0,0.4,-0.39,294.44635,0.0,1782.5,1961,196,-0.2303056702306119,0.0059723854,7.921585,Global_B,Run1,,POINT (39.76972222 12.54194444),ethiopiaHigh
1961-07-15 00:00:00+00:00,18.9,72.82,,,1,0,0,0,0,0.4,-0.39,301.42413,5.1865787e-05,0.0,1961,196,-0.2303056702306119,-4.387169,-22.92862,Global_B,Run1,,POINT (72.82 18.9),hotWet
1961-08-15 00:00:00+00:00,52.3,104.2833333,,,0,0,0,1,0,0.2,0.9,283.97006,0.0003670821,427.25,1961,227,-0.6932812268869771,-11.678575,-85.63603,Global_B,Run1,,POINT (104.2833333 52.3),lowData
1961-08-15 00:00:00+00:00,47.54260867,7.58371693,,,0,0,1,0,0,0.2,0.9,293.08392,0.0,304.73438,1961,227,-0.6932812268869771,-11.827978,-86.00408,Global_B,Run1,,POINT (7.58371693 47.54260867),highData
1961-08-15 00:00:00+00:00,23.27,5.6,,,0,1,0,0,0,0.2,0.9,299.723,0.0,2246.375,1961,227,-0.6932812268869771,-3.5121799,-15.415939,Global_B,Run1,,POINT (5.6 23.27),aridData
1961-08-15 00:00:00+00:00,69.1,-105.1166667,,,0,0,0,0,1,0.2,0.9,277.0214,2.2126478e-05,0.0,1961,227,-0.6932812268869771,-20.742573,-161.66252,Global_B,Run1,,POINT (-105.1166667 69.1),northData
1961-08-15 00:00:00+00:00,0.38,6.72,,,1,0,0,0,0,0.2,0.9,295.55405,0.0,0.0,1961,227,-0.6932812268869771,-5.5152597,-33.778973,Global_B,Run1,,POINT (6.72 0.38),equitData
1961-08-15 00:00:00+00:00,-22.66416667,-48.06,,,0,0,1,0,0,0.2,0.9,294.28564,0.0,490.46875,1961,227,-0.6932812268869771,-9.43288,-67.80773,Global_B,Run1,,POINT (-48.06 -22.66416667),southernData
1961-08-15 00:00:00+00:00,-67.57,-68.13,,,0,0,0,0,1,0.2,0.9,,,11.128906,1961,227,-0.6932812268869771,-20.743933,-161.35826,Global_B,Run1,,POINT (-68.13 -67.57),antData
1961-08-15 00:00:00+00:00,49.67,-93.72,,,0,0,0,1,0,0.2,0.9,298.36716,0.0,427.09375,1961,227,-0.6932812268869771,-15.363612,-115.20825,Global_B,Run1,,POINT (-93.72 49.67),lakeWoods
1961-08-15 00:00:00+00:00,29.7,91.13333333,,,0,0,0,0,1,0.2,0.9,289.98093,2.9113367e-05,3735.25,1961,227,-0.6932812268869771,-11.023602,-80.48944,Global_B,Run1,,POINT (91.13333333 29.7),tibetPlat
1961-08-15 00:00:00+00:00,12.54194444,39.76972222,,,0,1,0,0,0,0.2,0.9,291.87354,0.0,1782.5,1961,227,-0.6932812268869771,-0.4272318,11.338886,Global_B,Run1,,POINT (39.76972222 12.54194444),ethiopiaHigh
1961-08-15 00:00:00+00:00,18.9,72.82,,,1,0,0,0,0,0.2,0.9,300.57114,4.944807e-05,0.0,1961,227,-0.6932812268869771,-4.960037,-28.36104,Global_B,Run1,,POINT (72.82 18.9),hotWet
1961-09-15 00:00:00+00:00,52.3,104.2833333,,,0,0,0,1,0,0.1,1.24,285.82764,0.00018013181,427.25,1961,258,-0.9634705485641486,-13.862705,-103.8799,Global_B,Run1,,POINT (104.2833333 52.3),lowData
1961-09-15 00:00:00+00:00,47.54260867,7.58371693,,,0,0,1,0,0,0.1,1.24,286.38025,0.0,304.73438,1961,258,-0.9634705485641486,-10.552519,-76.23018,Global_B,Run1,,POINT (7.58371693 47.54260867),highData
1961-09-15 00:00:00+00:00,23.27,5.6,,,0,1,0,0,0,0.1,1.24,300.02213,0.0,2246.375,1961,258,-0.9634705485641486,-2.0336385,-3.9399776,Global_B,Run1,,POINT (5.6 23.27),aridData
1961-09-15 00:00:00+00:00,69.1,-105.1166667,,,0,0,0,0,1,0.1,1.24,273.27905,0.0,0.0,1961,258,-0.9634705485641486,-18.163433,-139.80354,Global_B,Run1,,POINT (-105.1166667 69.1),northData
1961-09-15 00:00:00+00:00,0.38,6.72,,,1,0,0,0,0,0.1,1.24,296.17218,8.004344e-06,0.0,1961,258,-0.9634705485641486,-1.4367363,-0.6229763,Global_B,Run1,,POINT (6.72 0.38),equitData
1961-09-15 00:00:00+00:00,-22.66416667,-48.06,,,0,0,1,0,0,0.1,1.24,296.948,0.0,490.46875,1961,258,-0.9634705485641486,-10.582056,-78.687485,Global_B,Run1,,POINT (-48.06 -22.66416667),southernData
1961-09-15 00:00:00+00:00,-67.57,-68.13,,,0,0,0,0,1,0.1,1.24,,,11.128906,1961,258,-0.9634705485641486,-18.79219,-145.05551,Global_B,Run1,,POINT (-68.13 -67.57),antData
1961-09-15 00:00:00+00:00,49.67,-93.72,,,0,0,0,1,0,0.1,1.24,285.7544,0.0,427.09375,1961,258,-0.9634705485641486,-16.507635,-125.97279,Global_B,Run1,,POINT (-93.72 49.67),lakeWoods
1961-09-15 00:00:00+00:00,29.7,91.13333333,,,0,0,0,0,1,0.1,1.24,288.40927,3.264262e-05,3735.25,1961,258,-0.9634705485641486,-11.461451,-83.82241,Global_B,Run1,,POINT (91.13333333 29.7),tibetPlat
1961-09-15 00:00:00+00:00,12.54194444,39.76972222,,,0,1,0,0,0,0.1,1.24,292.12857,4.308731e-05,1782.5,1961,258,-0.9634705485641486,-2.0264325,-1.3519573,Global_B,Run1,,POINT (39.76972222 12.54194444),ethiopiaHigh
1961-09-15 00:00:00+00:00,18.9,72.82,,,1,0,0,0,0,0.1,1.24,301.035,3.7583664e-05,0.0,1961,258,-0.9634705485641486,-3.9652433,-18.881054,Global_B,Run1,,POINT (72.82 18.9),hotWet
1961-10-15 00:00:00+00:00,52.3,104.2833333,,,0,0,0,1,0,-0.5,0.51,275.87476,5.083334e-05,427.25,1961,288,-0.970063921851507,-14.297078,-107.50818,Global_B,Run1,,POINT (104.2833333 52.3),lowData
1961-10-15 00:00:00+00:00,47.54260867,7.58371693,,,0,0,1,0,0,-0.5,0.51,277.84695,1.5221303e-05,304.73438,1961,288,-0.970063921851507,-10.728624,-77.70117,Global_B,Run1,,POINT (7.58371693 47.54260867),highData
1961-10-15 00:00:00+00:00,23.27,5.6,,,0,1,0,0,0,-0.5,0.51,294.92416,0.0,2246.375,1961,288,-0.970063921851507,-2.0494478,-3.9778557,Global_B,Run1,,POINT (5.6 23.27),aridData
1961-10-15 00:00:00+00:00,69.1,-105.1166667,,,0,0,0,0,1,-0.5,0.51,262.25418,0.0,0.0,1961,288,-0.970063921851507,-18.428074,-142.01407,Global_B,Run1,,POINT (-105.1166667 69.1),northData
1961-10-15 00:00:00+00:00,0.38,6.72,,,1,0,0,0,0,-0.5,0.51,297.57495,1.6376299e-06,0.0,1961,288,-0.970063921851507,-1.306292,0.4140129,Global_B,Run1,,POINT (6.72 0.38),equitData
1961-10-15 00:00:00+00:00,-22.66416667,-48.06,,,0,0,1,0,0,-0.5,0.51,296.50705,5.239337e-05,490.46875,1961,288,-0.970063921851507,-10.597293,-78.84085,Global_B,Run1,,POINT (-48.06 -22.66416667),southernData
1961-10-15 00:00:00+00:00,-67.57,-68.13,,,0,0,0,0,1,-0.5,0.51,,,11.128906,1961,288,-0.970063921851507,-18.792871,-145.06119,Global_B,Run1,,POINT (-68.13 -67.57),antData
1961-10-15 00:00:00+00:00,49.67,-93.72,,,0,0,0,1,0,-0.5,0.51,271.10748,2.9658233e-05,427.09375,1961,288,-0.970063921851507,-16.911036,-129.34236,Global_B,Run1,,POINT (-93.72 49.67),lakeWoods
1961-10-15 00:00:00+00:00,29.7,91.13333333,,,0,0,0,0,1,-0.5,0.51,282.49768,0.0,3735.25,1961,288,-0.970063921851507,-11.504568,-84.18257,Global_B,Run1,,POINT (91.13333333 29.7),tibetPlat
1961-10-15 00:00:00+00:00,12.54194444,39.76972222,,,0,1,0,0,0,-0.5,0.51,292.07117,2.199087e-05,1782.5,1961,288,-0.970063921851507,-2.017229,-1.2648392,Global_B,Run1,,POINT (39.76972222 12.54194444),ethiopiaHigh
1961-10-15 00:00:00+00:00,18.9,72.82,,,1,0,0,0,0,-0.5,0.51,300.0625,6.265253e-05,0.0,1961,288,-0.970063921851507,-3.8607402,-17.953648,Global_B,Run1,,POINT (72.82 18.9),hotWet
1961-11-15 00:00:00+00:00,52.3,104.2833333,,,0,0,0,1,0,0.9,-0.62,265.76257,1.9027826e-05,427.25,1961,319,-0.711656622281775,-11.421593,-83.48948,Global_B,Run1,,POINT (104.2833333 52.3),lowData
1961-11-15 00:00:00+00:00,47.54260867,7.58371693,,,0,0,1,0,0,0.9,-0.62,276.32776,1.3617465e-05,304.73438,1961,319,-0.711656622281775,-11.775564,-85.4904,Global_B,Run1,,POINT (7.58371693 47.54260867),highData
1961-11-15 00:00:00+00:00,23.27,5.6,,,0,1,0,0,0,0.9,-0.62,285.95212,0.0,2246.375,1961,319,-0.711656622281775,-3.4720545,-15.036116,Global_B,Run1,,POINT (5.6 23.27),aridData
1961-11-15 00:00:00+00:00,69.1,-105.1166667,,,0,0,0,0,1,0.9,-0.62,253.47581,0.0,0.0,1961,319,-0.711656622281775,-20.623508,-160.75027,Global_B,Run1,,POINT (-105.1166667 69.1),northData
1961-11-15 00:00:00+00:00,0.38,6.72,,,1,0,0,0,0,0.9,-0.62,297.22116,0.00011181252,0.0,1961,319,-0.711656622281775,-5.316354,-32.046314,Global_B,Run1,,POINT (6.72 0.38),equitData
1961-11-15 00:00:00+00:00,-22.66416667,-48.06,,,0,0,1,0,0,0.9,-0.62,297.5261,5.1724877e-05,490.46875,1961,319,-0.711656622281775,-9.509607,-68.53152,Global_B,Run1,,POINT (-48.06 -22.66416667),southernData
1961-11-15 00:00:00+00:00,-67.57,-68.13,,,0,0,0,0,1,0.9,-0.62,,,11.128906,1961,319,-0.711656622281775,-20.800648,-161.83199,Global_B,Run1,,POINT (-68.13 -67.57),antData
1961-11-15 00:00:00+00:00,49.67,-93.72,,,0,0,0,1,0,0.9,-0.62,270.45236,0.0,427.09375,1961,319,-0.711656622281775,-14.2230425,-106.202576,Global_B,Run1,,POINT (-93.72 49.67),lakeWoods
1961-11-15 00:00:00+00:00,29.7,91.13333333,,,0,0,0,0,1,0.9,-0.62,276.89172,0.0,3735.25,1961,319,-0.711656622281775,-11.178045,-81.857056,Global_B,Run1,,POINT (91.13333333 29.7),tibetPlat
1961-11-15 00:00:00+00:00,12.54194444,39.76972222,,,0,1,0,0,0,0.9,-0.62,291.30383,0.0,1782.5,1961,319,-0.711656622281775,-0.056833267,14.008556,Global_B,Run1,,POINT (39.76972222 12.54194444),ethiopiaHigh
1961-11-15 00:00:00+00:00,18.9,72.82,,,1,0,0,0,0,0.9,-0.62,300.37158,0.0,0.0,1961,319,-0.711656622281775,-4.9824667,-28.577528,Global_B,Run1,,POINT (72.82 18.9),hotWet
1961-12-15 00:00:00+00:00,52.3,104.2833333,,,0,0,0,1,0,2.5,-1.48,264.1825,0.0,427.25,1961,349,-0.2719581575341052,-14.8281975,-113.22072,Global_B,Run1,,POINT (104.2833333 52.3),lowData
1961-12-15 00:00:00+00:00,47.54260867,7.58371693,,,0,0,1,0,0,2.5,-1.48,276.8522,0.00020156962,304.73438,1961,349,-0.2719581575341052,-10.691414,-77.82652,Global_B,Run1,,POINT (7.58371693 47.54260867),highData
1961-12-15 00:00:00+00:00,23.27,5.6,,,0,1,0,0,0,2.5,-1.48,281.39032,0.0,2246.375,1961,349,-0.2719581575341052,-5.0510435,-29.270025,Global_B,Run1,,POINT (5.6 23.27),aridData
1961-12-15 00:00:00+00:00,69.1,-105.1166667,,,0,0,0,0,1,2.5,-1.48,239.54485,0.0,0.0,1961,349,-0.2719581575341052,-18.620647,-142.24892,Global_B,Run1,,POINT (-105.1166667 69.1),northData
1961-12-15 00:00:00+00:00,0.38,6.72,,,1,0,0,0,0,2.5,-1.48,296.98773,0.00010000916,0.0,1961,349,-0.2719581575341052,-4.2279263,-21.92186,Global_B,Run1,,POINT (6.72 0.38),equitData
1961-12-15 00:00:00+00:00,-22.66416667,-48.06,,,0,0,1,0,0,2.5,-1.48,295.0705,0.00014033826,490.46875,1961,349,-0.2719581575341052,-9.107423,-63.922523,Global_B,Run1,,POINT (-48.06 -22.66416667),southernData
1961-12-15 00:00:00+00:00,-67.57,-68.13,,,0,0,0,0,1,2.5,-1.48,,,11.128906,1961,349,-0.2719581575341052,-17.37272,-133.19879,Global_B,Run1,,POINT (-68.13 -67.57),antData
1961-12-15 00:00:00+00:00,49.67,-93.72,,,0,0,0,1,0,2.5,-1.48,265.7944,6.449841e-05,427.09375,1961,349,-0.2719581575341052,-13.049997,-96.9816,Global_B,Run1,,POINT (-93.72 49.67),lakeWoods
1961-12-15 00:00:00+00:00,29.7,91.13333333,,,0,0,0,0,1,2.5,-1.48,275.9957,0.0,3735.25,1961,349,-0.2719581575341052,-10.327508,-74.22801,Global_B,Run1,,POINT (91.13333333 29.7),tibetPlat
1961-12-15 00:00:00+00:00,12.54194444,39.76972222,,,0,1,0,0,0,2.5,-1.48,288.8034,0.0,1782.5,1961,349,-0.2719581575341052,-0.23693419,7.405308,Global_B,Run1,,POINT (39.76972222 12.54194444),ethiopiaHigh
1961-12-15 00:00:00+00:00,18.9,72.82,,,1,0,0,0,0,2.5,-1.48,296.785,0.0,0.0,1961,349,-0.2719581575341052,-4.479708,-23.74976,Global_B,Run1,,POINT (72.82 18.9),hotWet
1962-01-15 00:00:00+00:00,52.3,104.2833333,,,0,0,0,1,0,3.3,0.61,258.63724,0.0,427.25,1962,15,0.255353295116187,-14.141847,-113.7513,Global_B,Run1,,POINT (104.2833333 52.3),lowData
1962-01-15 00:00:00+00:00,47.54260867,7.58371693,,,0,0,1,0,0,3.3,0.61,271.1705,1.9145813e-05,304.73438,1962,15,0.255353295116187,-8.471564,-61.243324,Global_B,Run1,,POINT (7.58371693 47.54260867),highData
1962-01-15 00:00:00+00:00,23.27,5.6,,,0,1,0,0,0,3.3,0.61,279.13727,0.0,2246.375,1962,15,0.255353295116187,-8.25258,-57.01896,Global_B,Run1,,POINT (5.6 23.27),aridData
1962-01-15 00:00:00+00:00,69.1,-105.1166667,,,0,0,0,0,1,3.3,0.61,244.3533,0.0,0.0,1962,15,0.255353295116187,-24.506554,-194.65306,Global_B,Run1,,POINT (-105.1166667 69.1),northData
1962-01-15 00:00:00+00:00,0.38,6.72,,,1,0,0,0,0,3.3,0.61,297.52448,4.6113284e-05,0.0,1962,15,0.255353295116187,-2.4351974,-8.105526,Global_B,Run1,,POINT (6.72 0.38),equitData
1962-01-15 00:00:00+00:00,-22.66416667,-48.06,,,0,0,1,0,0,3.3,0.61,299.42255,8.761621e-05,490.46875,1962,15,0.255353295116187,-9.013496,-63.03221,Global_B,Run1,,POINT (-48.06 -22.66416667),southernData
1962-01-15 00:00:00+00:00,-67.57,-68.13,,,0,0,0,0,1,3.3,0.61,,,11.128906,1962,15,0.255353295116187,-16.687103,-127.47186,Global_B,Run1,,POINT (-68.13 -67.57),antData
1962-01-15 00:00:00+00:00,49.67,-93.72,,,0,0,0,1,0,3.3,0.61,258.89963,0.0,427.09375,1962,15,0.255353295116187,-15.621992,-119.224045,Global_B,Run1,,POINT (-93.72 49.67),lakeWoods
1962-01-15 00:00:00+00:00,29.7,91.13333333,,,0,0,0,0,1,3.3,0.61,277.73166,1.4699043e-06,3735.25,1962,15,0.255353295116187,-6.4987783,-43.7764,Global_B,Run1,,POINT (91.13333333 29.7),tibetPlat
1962-01-15 00:00:00+00:00,12.54194444,39.76972222,,,0,1,0,0,0,3.3,0.61,290.6063,0.0,1782.5,1962,15,0.255353295116187,-3.331809,-16.28973,Global_B,Run1,,POINT (39.76972222 12.54194444),ethiopiaHigh
1962-01-15 00:00:00+00:00,18.9,72.82,,,1,0,0,0,0,3.3,0.61,295.41592,8.745309e-05,0.0,1962,15,0.255353295116187,-1.1816931,1.38171,Global_B,Run1,,POINT (72.82 18.9),hotWet
1962-02-15 00:00:00+00:00,52.3,104.2833333,,,0,0,0,1,0,-0.5,0.55,260.41095,0.0,427.25,1962,46,0.7116566222817746,-20.231682,-157.07947,Global_B,Run1,,POINT (104.2833333 52.3),lowData
1962-02-15 00:00:00+00:00,47.54260867,7.58371693,,,0,0,1,0,0,-0.5,0.55,282.10388,0.0,304.73438,1962,46,0.7116566222817746,-10.969119,-79.71001,Global_B,Run1,,POINT (7.58371693 47.54260867),highData
1962-02-15 00:00:00+00:00,23.27,5.6,,,0,1,0,0,0,-0.5,0.55,281.5493,0.0,2246.375,1962,46,0.7116566222817746,-8.632387,-60.191467,Global_B,Run1,,POINT (5.6 23.27),aridData
1962-02-15 00:00:00+00:00,69.1,-105.1166667,,,0,0,0,0,1,-0.5,0.55,240.98303,5.028868e-06,0.0,1962,46,0.7116566222817746,-24.486385,-192.61868,Global_B,Run1,,POINT (-105.1166667 69.1),northData
1962-02-15 00:00:00+00:00,0.38,6.72,,,1,0,0,0,0,-0.5,0.55,298.82523,3.359897e-05,0.0,1962,46,0.7116566222817746,-2.759748,-9.892651,Global_B,Run1,,POINT (6.72 0.38),equitData
1962-02-15 00:00:00+00:00,-22.66416667,-48.06,,,0,0,1,0,0,-0.5,0.55,297.43494,2.6396863e-05,490.46875,1962,46,0.7116566222817746,-6.702952,-44.075043,Global_B,Run1,,POINT (-48.06 -22.66416667),southernData
1962-02-15 00:00:00+00:00,-67.57,-68.13,,,0,0,0,0,1,-0.5,0.55,,,11.128906,1962,46,0.7116566222817746,-13.817194,-103.499756,Global_B,Run1,,POINT (-68.13 -67.57),antData
1962-02-15 00:00:00+00:00,49.67,-93.72,,,0,0,0,1,0,-0.5,0.55,267.8227,0.0,427.09375,1962,46,0.7116566222817746,-18.026077,-138.65622,Global_B,Run1,,POINT (-93.72 49.67),lakeWoods
1962-02-15 00:00:00+00:00,29.7,91.13333333,,,0,0,0,0,1,-0.5,0.55,275.92282,0.0,3735.25,1962,46,0.7116566222817746,-7.455903,-50.650314,Global_B,Run1,,POINT (91.13333333 29.7),tibetPlat
1962-02-15 00:00:00+00:00,12.54194444,39.76972222,,,0,1,0,0,0,-0.5,0.55,289.68494,0.0,1782.5,1962,46,0.7116566222817746,-3.0368643,-14.940739,Global_B,Run1,,POINT (39.76972222 12.54194444),ethiopiaHigh
1962-02-15 00:00:00+00:00,18.9,72.82,,,1,0,0,0,0,-0.5,0.55,297.65607,0.0,0.0,1962,46,0.7116566222817746,-0.40831995,7.551052,Global_B,Run1,,POINT (72.82 18.9),hotWet
1962-03-15 00:00:00+00:00,52.3,104.2833333,,,0,0,0,1,0,0.2,-2.47,263.20703,0.0,427.25,1962,74,0.9562348265919056,-20.35535,-158.11244,Global_B,Run1,,POINT (104.2833333 52.3),lowData
1962-03-15 00:00:00+00:00,47.54260867,7.58371693,,,0,0,1,0,0,0.2,-2.47,280.5722,0.0,304.73438,1962,74,0.9562348265919056,-11.414423,-83.42958,Global_B,Run1,,POINT (7.58371693 47.54260867),highData
1962-03-15 00:00:00+00:00,23.27,5.6,,,0,1,0,0,0,0.2,-2.47,291.66998,0.0,2246.375,1962,74,0.9562348265919056,-9.152532,-64.49603,Global_B,Run1,,POINT (5.6 23.27),aridData
1962-03-15 00:00:00+00:00,69.1,-105.1166667,,,0,0,0,0,1,0.2,-2.47,249.3941,0.0,0.0,1962,74,0.9562348265919056,-24.41943,-192.05942,Global_B,Run1,,POINT (-105.1166667 69.1),northData
1962-03-15 00:00:00+00:00,0.38,6.72,,,1,0,0,0,0,0.2,-2.47,298.91257,2.1999442e-05,0.0,1962,74,0.9562348265919056,-3.2181296,-12.561764,Global_B,Run1,,POINT (6.72 0.38),equitData
1962-03-15 00:00:00+00:00,-22.66416667,-48.06,,,0,0,1,0,0,0.2,-2.47,298.3205,1.6949492e-05,490.46875,1962,74,0.9562348265919056,-6.707953,-44.116814,Global_B,Run1,,POINT (-48.06 -22.66416667),southernData
1962-03-15 00:00:00+00:00,-67.57,-68.13,,,0,0,0,0,1,0.2,-2.47,,,11.128906,1962,74,0.9562348265919056,-11.243929,-82.00547,Global_B,Run1,,POINT (-68.13 -67.57),antData
1962-03-15 00:00:00+00:00,49.67,-93.72,,,0,0,0,1,0,0.2,-2.47,250.12224,0.0,427.09375,1962,74,0.9562348265919056,-18.906635,-146.01146,Global_B,Run1,,POINT (-93.72 49.67),lakeWoods
1962-03-15 00:00:00+00:00,29.7,91.13333333,,,0,0,0,0,1,0.2,-2.47,281.16348,0.0,3735.25,1962,74,0.9562348265919056,-8.078661,-55.566235,Global_B,Run1,,POINT (91.13333333 29.7),tibetPlat
1962-03-15 00:00:00+00:00,12.54194444,39.76972222,,,0,1,0,0,0,0.2,-2.47,291.46973,0.0,1782.5,1962,74,0.9562348265919056,-2.5538955,-11.783201,Global_B,Run1,,POINT (39.76972222 12.54194444),ethiopiaHigh
1962-03-15 00:00:00+00:00,18.9,72.82,,,1,0,0,0,0,0.2,-2.47,301.09177,0.0,0.0,1962,74,0.9562348265919056,-0.7969341,4.7739525,Global_B,Run1,,POINT (72.82 18.9),hotWet
1962-04-15 00:00:00+00:00,52.3,104.2833333,,,0,0,0,1,0,0.3,0.99,273.43298,0.0,427.25,1962,105,0.9721181966290612,-20.315119,-157.77641,Global_B,Run1,,POINT (104.2833333 52.3),lowData
1962-04-15 00:00:00+00:00,47.54260867,7.58371693,,,0,0,1,0,0,0.3,0.99,282.91766,0.0,304.73438,1962,105,0.9721181966290612,-11.439937,-83.6427,Global_B,Run1,,POINT (7.58371693 47.54260867),highData
1962-04-15 00:00:00+00:00,23.27,5.6,,,0,1,0,0,0,0.3,0.99,292.58002,0.0,2246.375,1962,105,0.9721181966290612,-9.185796,-64.76126,Global_B,Run1,,POINT (5.6 23.27),aridData
1962-04-15 00:00:00+00:00,69.1,-105.1166667,,,0,0,0,0,1,0.3,0.99,254.71573,0.0,0.0,1962,105,0.9721181966290612,-24.416008,-192.03082,Global_B,Run1,,POINT (-105.1166667 69.1),northData
1962-04-15 00:00:00+00:00,0.38,6.72,,,1,0,0,0,0,0.3,0.99,298.7131,3.1601656e-05,0.0,1962,105,0.9721181966290612,-3.2193196,-12.557365,Global_B,Run1,,POINT (6.72 0.38),equitData
1962-04-15 00:00:00+00:00,-22.66416667,-48.06,,,0,0,1,0,0,0.3,0.99,296.8429,0.0,490.46875,1962,105,0.9721181966290612,-6.6891074,-43.959396,Global_B,Run1,,POINT (-48.06 -22.66416667),southernData
1962-04-15 00:00:00+00:00,-67.57,-68.13,,,0,0,0,0,1,0.3,0.99,,,11.128906,1962,105,0.9721181966290612,-11.117046,-80.94563,Global_B,Run1,,POINT (-68.13 -67.57),antData
1962-04-15 00:00:00+00:00,49.67,-93.72,,,0,0,0,1,0,0.3,0.99,280.68503,0.0,427.09375,1962,105,0.9721181966290612,-18.950546,-146.37823,Global_B,Run1,,POINT (-93.72 49.67),lakeWoods
1962-04-15 00:00:00+00:00,29.7,91.13333333,,,0,0,0,0,1,0.3,0.99,285.07565,0.0,3735.25,1962,105,0.9721181966290612,-8.10533,-55.789,Global_B,Run1,,POINT (91.13333333 29.7),tibetPlat
1962-04-15 00:00:00+00:00,12.54194444,39.76972222,,,0,1,0,0,0,0.3,0.99,294.45868,0.0,1782.5,1962,105,0.9721181966290612,-2.5264206,-11.606522,Global_B,Run1,,POINT (39.76972222 12.54194444),ethiopiaHigh
1962-04-15 00:00:00+00:00,18.9,72.82,,,1,0,0,0,0,0.3,0.99,301.57227,4.0798705e-06,0.0,1962,105,0.9721181966290612,-0.8258729,4.564312,Global_B,Run1,,POINT (72.82 18.9),hotWet
1962-05-15 00:00:00+00:00,52.3,104.2833333,,,0,0,0,1,0,1.8,-0.1,275.89676,2.985049e-05,427.25,1962,135,0.7295575540864875,-20.270382,-157.40273,Global_B,Run1,,POINT (104.2833333 52.3),lowData
1962-05-15 00:00:00+00:00,47.54260867,7.58371693,,,0,0,1,0,0,1.8,-0.1,287.99728,6.397746e-05,304.73438,1962,135,0.7295575540864875,-11.00445,-80.00511,Global_B,Run1,,POINT (7.58371693 47.54260867),highData
1962-05-15 00:00:00+00:00,23.27,5.6,,,0,1,0,0,0,1.8,-0.1,296.93533,0.0,2246.375,1962,135,0.7295575540864875,-8.651926,-60.354668,Global_B,Run1,,POINT (5.6 23.27),aridData
1962-05-15 00:00:00+00:00,69.1,-105.1166667,,,0,0,0,0,1,1.8,-0.1,267.80084,0.0,0.0,1962,135,0.7295575540864875,-24.48508,-192.60779,Global_B,Run1,,POINT (-105.1166667 69.1),northData
1962-05-15 00:00:00+00:00,0.38,6.72,,,1,0,0,0,0,1.8,-0.1,296.47513,5.6412187e-05,0.0,1962,135,0.7295575540864875,-2.8649802,-10.543522,Global_B,Run1,,POINT (6.72 0.38),equitData
1962-05-15 00:00:00+00:00,-22.66416667,-48.06,,,0,0,1,0,0,1.8,-0.1,292.63354,0.0,490.46875,1962,135,0.7295575540864875,-6.7256374,-44.26453,Global_B,Run1,,POINT (-48.06 -22.66416667),southernData
1962-05-15 00:00:00+00:00,-67.57,-68.13,,,0,0,0,0,1,1.8,-0.1,,,11.128906,1962,135,0.7295575540864875,-13.611199,-101.7791,Global_B,Run1,,POINT (-68.13 -67.57),antData
1962-05-15 00:00:00+00:00,49.67,-93.72,,,0,0,0,1,0,1.8,-0.1,277.00302,0.0,427.09375,1962,135,0.7295575540864875,-18.101076,-139.28268,Global_B,Run1,,POINT (-93.72 49.67),lakeWoods
1962-05-15 00:00:00+00:00,29.7,91.13333333,,,0,0,0,0,1,1.8,-0.1,286.61377,0.0,3735.25,1962,135,0.7295575540864875,-7.5443525,-51.295746,Global_B,Run1,,POINT (91.13333333 29.7),tibetPlat
1962-05-15 00:00:00+00:00,12.54194444,39.76972222,,,0,1,0,0,0,1.8,-0.1,296.2541,0.0,1782.5,1962,135,0.7295575540864875,-3.0069602,-14.749472,Global_B,Run1,,POINT (39.76972222 12.54194444),ethiopiaHigh
1962-05-15 00:00:00+00:00,18.9,72.82,,,1,0,0,0,0,1.8,-0.1,303.41476,2.641674e-06,0.0,1962,135,0.7295575540864875,-0.40555286,7.5746117,Global_B,Run1,,POINT (72.82 18.9),hotWet
1962-06-15 00:00:00+00:00,52.3,104.2833333,,,0,0,0,1,0,1.2,0.16,288.6197,0.0,427.25,1962,166,0.2802306751992158,-14.681697,-117.59921,Global_B,Run1,,POINT (104.2833333 52.3),lowData
1962-06-15 00:00:00+00:00,47.54260867,7.58371693,,,0,0,1,0,0,1.2,0.16,285.01797,0.0,304.73438,1962,166,0.2802306751992158,-8.485432,-61.384335,Global_B,Run1,,POINT (7.58371693 47.54260867),highData
1962-06-15 00:00:00+00:00,23.27,5.6,,,0,1,0,0,0,1.2,0.16,300.52252,0.0,2246.375,1962,166,0.2802306751992158,-8.27456,-57.20256,Global_B,Run1,,POINT (5.6 23.27),aridData
1962-06-15 00:00:00+00:00,69.1,-105.1166667,,,0,0,0,0,1,1.2,0.16,277.9875,0.0,0.0,1962,166,0.2802306751992158,-17.67499,-141.84885,Global_B,Run1,,POINT (-105.1166667 69.1),northData
1962-06-15 00:00:00+00:00,0.38,6.72,,,1,0,0,0,0,1.2,0.16,296.96585,0.0,0.0,1962,166,0.2802306751992158,-2.2985766,-7.212723,Global_B,Run1,,POINT (6.72 0.38),equitData
1962-06-15 00:00:00+00:00,-22.66416667,-48.06,,,0,0,1,0,0,1.2,0.16,291.4259,0.0,490.46875,1962,166,0.2802306751992158,-9.015724,-63.01772,Global_B,Run1,,POINT (-48.06 -22.66416667),southernData
1962-06-15 00:00:00+00:00,-67.57,-68.13,,,0,0,0,0,1,1.2,0.16,,,11.128906,1962,166,0.2802306751992158,-16.63606,-127.04552,Global_B,Run1,,POINT (-68.13 -67.57),antData
1962-06-15 00:00:00+00:00,49.67,-93.72,,,0,0,0,1,0,1.2,0.16,288.47916,9.843286e-06,427.09375,1962,166,0.2802306751992158,-15.606436,-119.38965,Global_B,Run1,,POINT (-93.72 49.67),lakeWoods
1962-06-15 00:00:00+00:00,29.7,91.13333333,,,0,0,0,0,1,1.2,0.16,292.4871,3.429492e-05,3735.25,1962,166,0.2802306751992158,-6.545805,-44.092224,Global_B,Run1,,POINT (91.13333333 29.7),tibetPlat
1962-06-15 00:00:00+00:00,12.54194444,39.76972222,,,0,1,0,0,0,1.2,0.16,295.602,4.12746e-06,1782.5,1962,166,0.2802306751992158,-3.3405178,-16.403893,Global_B,Run1,,POINT (39.76972222 12.54194444),ethiopiaHigh
1962-06-15 00:00:00+00:00,18.9,72.82,,,1,0,0,0,0,1.2,0.16,301.96848,3.6118963e-06,0.0,1962,166,0.2802306751992158,-1.103065,1.9676743,Global_B,Run1,,POINT (72.82 18.9),hotWet
1962-07-15 00:00:00+00:00,52.3,104.2833333,,,0,0,0,1,0,0.1,-2.47,287.74844,0.0,427.25,1962,196,-0.2303056702306119,-14.331012,-110.62532,Global_B,Run1,,POINT (104.2833333 52.3),lowData
1962-07-15 00:00:00+00:00,47.54260867,7.58371693,,,0,0,1,0,0,0.1,-2.47,294.88638,0.00011979464,304.73438,1962,196,-0.2303056702306119,-9.03289,-63.647976,Global_B,Run1,,POINT (7.58371693 47.54260867),highData
1962-07-15 00:00:00+00:00,23.27,5.6,,,0,1,0,0,0,0.1,-2.47,299.84598,0.0,2246.375,1962,196,-0.2303056702306119,-5.2568707,-31.893204,Global_B,Run1,,POINT (5.6 23.27),aridData
1962-07-15 00:00:00+00:00,69.1,-105.1166667,,,0,0,0,0,1,0.1,-2.47,284.83713,2.5009162e-05,0.0,1962,196,-0.2303056702306119,-18.564499,-141.8638,Global_B,Run1,,POINT (-105.1166667 69.1),northData
1962-07-15 00:00:00+00:00,0.38,6.72,,,1,0,0,0,0,0.1,-2.47,295.2021,1.3398417e-06,0.0,1962,196,-0.2303056702306119,-4.0228806,-20.056173,Global_B,Run1,,POINT (6.72 0.38),equitData
1962-07-15 00:00:00+00:00,-22.66416667,-48.06,,,0,0,1,0,0,0.1,-2.47,291.8875,0.0,490.46875,1962,196,-0.2303056702306119,-9.161031,-64.30873,Global_B,Run1,,POINT (-48.06 -22.66416667),southernData
1962-07-15 00:00:00+00:00,-67.57,-68.13,,,0,0,0,0,1,0.1,-2.47,,,11.128906,1962,196,-0.2303056702306119,-17.514767,-134.38528,Global_B,Run1,,POINT (-68.13 -67.57),antData
1962-07-15 00:00:00+00:00,49.67,-93.72,,,0,0,0,1,0,0.1,-2.47,296.51367,0.0,427.09375,1962,196,-0.2303056702306119,-13.701252,-101.78772,Global_B,Run1,,POINT (-93.72 49.67),lakeWoods
1962-07-15 00:00:00+00:00,29.7,91.13333333,,,0,0,0,0,1,0.1,-2.47,290.27414,6.554021e-05,3735.25,1962,196,-0.2303056702306119,-10.175055,-72.92784,Global_B,Run1,,POINT (91.13333333 29.7),tibetPlat
1962-07-15 00:00:00+00:00,12.54194444,39.76972222,,,0,1,0,0,0,0.1,-2.47,292.53183,0.0,1782.5,1962,196,-0.2303056702306119,-0.46036625,6.6459846,Global_B,Run1,,POINT (39.76972222 12.54194444),ethiopiaHigh
1962-07-15 00:00:00+00:00,18.9,72.82,,,1,0,0,0,0,0.1,-2.47,300.24,5.1638224e-05,0.0,1962,196,-0.2303056702306119,-4.2476835,-21.65688,Global_B,Run1,,POINT (72.82 18.9),hotWet
1962-08-15 00:00:00+00:00,52.3,104.2833333,,,0,0,0,1,0,1.0,0.14,289.19974,0.0,427.25,1962,227,-0.6932812268869771,-11.84956,-87.064255,Global_B,Run1,,POINT (104.2833333 52.3),lowData
1962-08-15 00:00:00+00:00,47.54260867,7.58371693,,,0,0,1,0,0,1.0,0.14,294.62787,0.0,304.73438,1962,227,-0.6932812268869771,-12.162182,-89.35779,Global_B,Run1,,POINT (7.58371693 47.54260867),highData
1962-08-15 00:00:00+00:00,23.27,5.6,,,0,1,0,0,0,1.0,0.14,299.41492,0.0,2246.375,1962,227,-0.6932812268869771,-2.8978312,-9.600557,Global_B,Run1,,POINT (5.6 23.27),aridData
1962-08-15 00:00:00+00:00,69.1,-105.1166667,,,0,0,0,0,1,1.0,0.14,280.04077,0.0,0.0,1962,227,-0.6932812268869771,-20.636791,-160.69012,Global_B,Run1,,POINT (-105.1166667 69.1),northData
1962-08-15 00:00:00+00:00,0.38,6.72,,,1,0,0,0,0,1.0,0.14,295.69913,3.6107215e-06,0.0,1962,227,-0.6932812268869771,-5.168643,-30.778301,Global_B,Run1,,POINT (6.72 0.38),equitData
1962-08-15 00:00:00+00:00,-22.66416667,-48.06,,,0,0,1,0,0,1.0,0.14,295.39108,0.0,490.46875,1962,227,-0.6932812268869771,-9.622813,-69.384186,Global_B,Run1,,POINT (-48.06 -22.66416667),southernData
1962-08-15 00:00:00+00:00,-67.57,-68.13,,,0,0,0,0,1,1.0,0.14,,,11.128906,1962,227,-0.6932812268869771,-21.092556,-164.27028,Global_B,Run1,,POINT (-68.13 -67.57),antData
1962-08-15 00:00:00+00:00,49.67,-93.72,,,0,0,0,1,0,1.0,0.14,289.80652,0.0,427.09375,1962,227,-0.6932812268869771,-15.297229,-114.76529,Global_B,Run1,,POINT (-93.72 49.67),lakeWoods
1962-08-15 00:00:00+00:00,29.7,91.13333333,,,0,0,0,0,1,1.0,0.14,287.37015,2.8850816e-05,3735.25,1962,227,-0.6932812268869771,-10.852953,-78.92468,Global_B,Run1,,POINT (91.13333333 29.7),tibetPlat
1962-08-15 00:00:00+00:00,12.54194444,39.76972222,,,0,1,0,0,0,1.0,0.14,292.98035,0.0,1782.5,1962,227,-0.6932812268869771,-1.166964,6.166733,Global_B,Run1,,POINT (39.76972222 12.54194444),ethiopiaHigh
1962-08-15 00:00:00+00:00,18.9,72.82,,,1,0,0,0,0,1.0,0.14,300.9708,3.122863e-05,0.0,1962,227,-0.6932812268869771,-4.69781,-25.952717,Global_B,Run1,,POINT (72.82 18.9),hotWet
1962-09-15 00:00:00+00:00,52.3,104.2833333,,,0,0,0,1,0,0.7,-0.37,283.6254,1.1978369e-05,427.25,1962,258,-0.9634705485641486,-13.948658,-104.597855,Global_B,Run1,,POINT (104.2833333 52.3),lowData
1962-09-15 00:00:00+00:00,47.54260867,7.58371693,,,0,0,1,0,0,0.7,-0.37,293.55917,0.0,304.73438,1962,258,-0.9634705485641486,-10.858932,-78.78961,Global_B,Run1,,POINT (7.58371693 47.54260867),highData
1962-09-15 00:00:00+00:00,23.27,5.6,,,0,1,0,0,0,0.7,-0.37,298.67188,0.0,2246.375,1962,258,-0.9634705485641486,-1.9432857,-2.8761787,Global_B,Run1,,POINT (5.6 23.27),aridData
1962-09-15 00:00:00+00:00,69.1,-105.1166667,,,0,0,0,0,1,0.7,-0.37,268.7106,0.0,0.0,1962,258,-0.9634705485641486,-18.184412,-139.97878,Global_B,Run1,,POINT (-105.1166667 69.1),northData
1962-09-15 00:00:00+00:00,0.38,6.72,,,1,0,0,0,0,0.7,-0.37,296.0532,7.674536e-06,0.0,1962,258,-0.9634705485641486,-1.5762637,-1.7321796,Global_B,Run1,,POINT (6.72 0.38),equitData
1962-09-15 00:00:00+00:00,-22.66416667,-48.06,,,0,0,1,0,0,0.7,-0.37,294.92596,0.0,490.46875,1962,258,-0.9634705485641486,-10.709946,-79.75733,Global_B,Run1,,POINT (-48.06 -22.66416667),southernData
1962-09-15 00:00:00+00:00,-67.57,-68.13,,,0,0,0,0,1,0.7,-0.37,,,11.128906,1962,258,-0.9634705485641486,-19.030224,-147.0438,Global_B,Run1,,POINT (-68.13 -67.57),antData
1962-09-15 00:00:00+00:00,49.67,-93.72,,,0,0,0,1,0,0.7,-0.37,287.0954,0.0,427.09375,1962,258,-0.9634705485641486,-16.899548,-129.2464,Global_B,Run1,,POINT (-93.72 49.67),lakeWoods
1962-09-15 00:00:00+00:00,29.7,91.13333333,,,0,0,0,0,1,0.7,-0.37,288.84827,2.1473143e-05,3735.25,1962,258,-0.9634705485641486,-11.287619,-82.37041,Global_B,Run1,,POINT (91.13333333 29.7),tibetPlat
1962-09-15 00:00:00+00:00,12.54194444,39.76972222,,,0,1,0,0,0,0.7,-0.37,291.85168,0.0,1782.5,1962,258,-0.9634705485641486,-1.8408766,0.40450287,Global_B,Run1,,POINT (39.76972222 12.54194444),ethiopiaHigh
1962-09-15 00:00:00+00:00,18.9,72.82,,,1,0,0,0,0,0.7,-0.37,299.74792,0.000108109765,0.0,1962,258,-0.9634705485641486,-3.928729,-18.553606,Global_B,Run1,,POINT (72.82 18.9),hotWet
1962-10-15 00:00:00+00:00,52.3,104.2833333,,,0,0,0,1,0,1.6,0.41,276.4043,0.0,427.25,1962,288,-0.970063921851507,-14.373078,-108.143005,Global_B,Run1,,POINT (104.2833333 52.3),lowData
1962-10-15 00:00:00+00:00,47.54260867,7.58371693,,,0,0,1,0,0,1.6,0.41,284.1663,0.0,304.73438,1962,288,-0.970063921851507,-11.128376,-81.04026,Global_B,Run1,,POINT (7.58371693 47.54260867),highData
1962-10-15 00:00:00+00:00,23.27,5.6,,,0,1,0,0,0,1.6,0.41,294.7576,0.0,2246.375,1962,288,-0.970063921851507,-1.9528432,-2.8400383,Global_B,Run1,,POINT (5.6 23.27),aridData
1962-10-15 00:00:00+00:00,69.1,-105.1166667,,,0,0,0,0,1,1.6,0.41,259.93512,0.0,0.0,1962,288,-0.970063921851507,-18.42237,-141.96645,Global_B,Run1,,POINT (-105.1166667 69.1),northData
1962-10-15 00:00:00+00:00,0.38,6.72,,,1,0,0,0,0,1.6,0.41,296.5044,0.0001036389,0.0,1962,288,-0.970063921851507,-1.4458189,-0.6951828,Global_B,Run1,,POINT (6.72 0.38),equitData
1962-10-15 00:00:00+00:00,-22.66416667,-48.06,,,0,0,1,0,0,1.6,0.41,292.28296,0.0,490.46875,1962,288,-0.970063921851507,-10.721994,-79.88368,Global_B,Run1,,POINT (-48.06 -22.66416667),southernData
1962-10-15 00:00:00+00:00,-67.57,-68.13,,,0,0,0,0,1,1.6,0.41,,,11.128906,1962,288,-0.970063921851507,-19.031464,-147.05414,Global_B,Run1,,POINT (-68.13 -67.57),antData
1962-10-15 00:00:00+00:00,49.67,-93.72,,,0,0,0,1,0,1.6,0.41,273.4808,0.00025053593,427.09375,1962,288,-0.970063921851507,-17.804836,-136.80821,Global_B,Run1,,POINT (-93.72 49.67),lakeWoods
1962-10-15 00:00:00+00:00,29.7,91.13333333,,,0,0,0,0,1,1.6,0.41,283.8208,1.0993807e-05,3735.25,1962,288,-0.970063921851507,-11.341824,-82.82317,Global_B,Run1,,POINT (91.13333333 29.7),tibetPlat
1962-10-15 00:00:00+00:00,12.54194444,39.76972222,,,0,1,0,0,0,1.6,0.41,289.0839,7.8658966e-05,1782.5,1962,288,-0.970063921851507,-1.8330622,0.47847366,Global_B,Run1,,POINT (39.76972222 12.54194444),ethiopiaHigh
1962-10-15 00:00:00+00:00,18.9,72.82,,,1,0,0,0,0,1.6,0.41,303.5658,0.0,0.0,1962,288,-0.970063921851507,-3.8537555,-17.892954,Global_B,Run1,,POINT (72.82 18.9),hotWet
1962-11-15 00:00:00+00:00,52.3,104.2833333,,,0,0,0,1,0,0.5,-0.23,268.42224,0.0,427.25,1962,319,-0.711656622281775,-11.584546,-84.85062,Global_B,Run1,,POINT (104.2833333 52.3),lowData
1962-11-15 00:00:00+00:00,47.54260867,7.58371693,,,0,0,1,0,0,0.5,-0.23,270.80417,0.0,304.73438,1962,319,-0.711656622281775,-12.055976,-88.36886,Global_B,Run1,,POINT (7.58371693 47.54260867),highData
1962-11-15 00:00:00+00:00,23.27,5.6,,,0,1,0,0,0,0.5,-0.23,287.9001,0.0,2246.375,1962,319,-0.711656622281775,-2.8616314,-9.257891,Global_B,Run1,,POINT (5.6 23.27),aridData
1962-11-15 00:00:00+00:00,69.1,-105.1166667,,,0,0,0,0,1,0.5,-0.23,253.05626,3.433532e-05,0.0,1962,319,-0.711656622281775,-20.52921,-159.86559,Global_B,Run1,,POINT (-105.1166667 69.1),northData
1962-11-15 00:00:00+00:00,0.38,6.72,,,1,0,0,0,0,0.5,-0.23,296.017,9.1672584e-05,0.0,1962,319,-0.711656622281775,-4.963964,-28.978092,Global_B,Run1,,POINT (6.72 0.38),equitData
1962-11-15 00:00:00+00:00,-22.66416667,-48.06,,,0,0,1,0,0,0.5,-0.23,295.63733,0.00013737177,490.46875,1962,319,-0.711656622281775,-9.705225,-70.16004,Global_B,Run1,,POINT (-48.06 -22.66416667),southernData
1962-11-15 00:00:00+00:00,-67.57,-68.13,,,0,0,0,0,1,0.5,-0.23,,,11.128906,1962,319,-0.711656622281775,-21.148842,-164.74043,Global_B,Run1,,POINT (-68.13 -67.57),antData
1962-11-15 00:00:00+00:00,49.67,-93.72,,,0,0,0,1,0,0.5,-0.23,273.76578,0.0,427.09375,1962,319,-0.711656622281775,-13.90211,-103.78281,Global_B,Run1,,POINT (-93.72 49.67),lakeWoods
1962-11-15 00:00:00+00:00,29.7,91.13333333,,,0,0,0,0,1,0.5,-0.23,277.54803,0.0,3735.25,1962,319,-0.711656622281775,-10.952383,-79.80095,Global_B,Run1,,POINT (91.13333333 29.7),tibetPlat
1962-11-15 00:00:00+00:00,12.54194444,39.76972222,,,0,1,0,0,0,0.5,-0.23,291.6851,0.0,1782.5,1962,319,-0.711656622281775,-1.2146645,5.61182,Global_B,Run1,,POINT (39.76972222 12.54194444),ethiopiaHigh
1962-11-15 00:00:00+00:00,18.9,72.82,,,1,0,0,0,0,0.5,-0.23,301.92575,0.0,0.0,1962,319,-0.711656622281775,-4.7306724,-26.2588,Global_B,Run1,,POINT (72.82 18.9),hotWet
1962-12-15 00:00:00+00:00,52.3,104.2833333,,,0,0,0,1,0,0.3,-1.32,247.5205,6.4507217e-06,427.25,1962,349,-0.2719581575341052,-14.738777,-112.90196,Global_B,Run1,,POINT (104.2833333 52.3),lowData
1962-12-15 00:00:00+00:00,47.54260867,7.58371693,,,0,0,1,0,0,0.3,-1.32,268.67072,6.7226024e-06,304.73438,1962,349,-0.2719581575341052,-9.139031,-64.91237,Global_B,Run1,,POINT (7.58371693 47.54260867),highData
1962-12-15 00:00:00+00:00,23.27,5.6,,,0,1,0,0,0,0.3,-1.32,284.36383,0.0,2246.375,1962,349,-0.2719581575341052,-4.760427,-27.9383,Global_B,Run1,,POINT (5.6 23.27),aridData
1962-12-15 00:00:00+00:00,69.1,-105.1166667,,,0,0,0,0,1,0.3,-1.32,234.50392,0.0,0.0,1962,349,-0.2719581575341052,-18.657097,-142.51973,Global_B,Run1,,POINT (-105.1166667 69.1),northData
1962-12-15 00:00:00+00:00,0.38,6.72,,,1,0,0,0,0,0.3,-1.32,298.4753,2.6184782e-05,0.0,1962,349,-0.2719581575341052,-4.1545663,-21.249596,Global_B,Run1,,POINT (6.72 0.38),equitData
1962-12-15 00:00:00+00:00,-22.66416667,-48.06,,,0,0,1,0,0,0.3,-1.32,297.5055,4.8307375e-05,490.46875,1962,349,-0.2719581575341052,-9.159579,-64.34541,Global_B,Run1,,POINT (-48.06 -22.66416667),southernData
1962-12-15 00:00:00+00:00,-67.57,-68.13,,,0,0,0,0,1,0.3,-1.32,,,11.128906,1962,349,-0.2719581575341052,-17.56282,-134.78667,Global_B,Run1,,POINT (-68.13 -67.57),antData
1962-12-15 00:00:00+00:00,49.67,-93.72,,,0,0,0,1,0,0.3,-1.32,251.9159,0.0,427.09375,1962,349,-0.2719581575341052,-13.324966,-99.388214,Global_B,Run1,,POINT (-93.72 49.67),lakeWoods
1962-12-15 00:00:00+00:00,29.7,91.13333333,,,0,0,0,0,1,0.3,-1.32,271.99408,0.0,3735.25,1962,349,-0.2719581575341052,-10.2008,-73.153046,Global_B,Run1,,POINT (91.13333333 29.7),tibetPlat
1962-12-15 00:00:00+00:00,12.54194444,39.76972222,,,0,1,0,0,0,0.3,-1.32,289.8951,0.0,1782.5,1962,349,-0.2719581575341052,-0.23901558,9.103909,Global_B,Run1,,POINT (39.76972222 12.54194444),ethiopiaHigh
1962-12-15 00:00:00+00:00,18.9,72.82,,,1,0,0,0,0,0.3,-1.32,299.29257,0.0,0.0,1962,349,-0.2719581575341052,-4.330823,-22.391594,Global_B,Run1,,POINT (72.82 18.9),hotWet
1963-01-15 00:00:00+00:00,52.3,104.2833333,,,0,0,0,1,0,1.7,-2.12,259.84668,1.8447383e-05,427.25,1963,15,0.255353295116187,-14.174945,-114.120575,Global_B,Run1,,POINT (104.2833333 52.3),lowData
1963-01-15 00:00:00+00:00,47.54260867,7.58371693,,,0,0,1,0,0,1.7,-2.12,277.76627,6.6689436e-06,304.73438,1963,15,0.255353295116187,-7.998597,-57.784966,Global_B,Run1,,POINT (7.58371693 47.54260867),highData
1963-01-15 00:00:00+00:00,23.27,5.6,,,0,1,0,0,0,1.7,-2.12,277.42596,0.0,2246.375,1963,15,0.255353295116187,-8.19655,-56.44825,Global_B,Run1,,POINT (5.6 23.27),aridData
1963-01-15 00:00:00+00:00,69.1,-105.1166667,,,0,0,0,0,1,1.7,-2.12,237.09885,0.0,0.0,1963,15,0.255353295116187,-24.403736,-193.75421,Global_B,Run1,,POINT (-105.1166667 69.1),northData
1963-01-15 00:00:00+00:00,0.38,6.72,,,1,0,0,0,0,1.7,-2.12,298.05405,2.1436283e-05,0.0,1963,15,0.255353295116187,-2.1119714,-5.9908867,Global_B,Run1,,POINT (6.72 0.38),equitData
1963-01-15 00:00:00+00:00,-22.66416667,-48.06,,,0,0,1,0,0,1.7,-2.12,294.51123,6.6859604e-05,490.46875,1963,15,0.255353295116187,-9.006476,-63.019783,Global_B,Run1,,POINT (-48.06 -22.66416667),southernData
1963-01-15 00:00:00+00:00,-67.57,-68.13,,,0,0,0,0,1,1.7,-2.12,,,11.128906,1963,15,0.255353295116187,-16.867682,-128.98024,Global_B,Run1,,POINT (-68.13 -67.57),antData
1963-01-15 00:00:00+00:00,49.67,-93.72,,,0,0,0,1,0,1.7,-2.12,264.45712,4.486456e-05,427.09375,1963,15,0.255353295116187,-15.510158,-118.739716,Global_B,Run1,,POINT (-93.72 49.67),lakeWoods
1963-01-15 00:00:00+00:00,29.7,91.13333333,,,0,0,0,0,1,1.7,-2.12,277.54868,0.0,3735.25,1963,15,0.255353295116187,-6.293071,-41.99902,Global_B,Run1,,POINT (91.13333333 29.7),tibetPlat
1963-01-15 00:00:00+00:00,12.54194444,39.76972222,,,0,1,0,0,0,1.7,-2.12,288.79623,0.0,1782.5,1963,15,0.255353295116187,-3.4438066,-17.114159,Global_B,Run1,,POINT (39.76972222 12.54194444),ethiopiaHigh
1963-01-15 00:00:00+00:00,18.9,72.82,,,1,0,0,0,0,1.7,-2.12,296.65134,2.9161342e-06,0.0,1963,15,0.255353295116187,-1.0237007,2.5480385,Global_B,Run1,,POINT (72.82 18.9),hotWet
1963-02-15 00:00:00+00:00,52.3,104.2833333,,,0,0,0,1,0,0.9,-0.96,261.20837,0.0,427.25,1963,46,0.7116566222817746,-20.224388,-157.01854,Global_B,Run1,,POINT (104.2833333 52.3),lowData
1963-02-15 00:00:00+00:00,47.54260867,7.58371693,,,0,0,1,0,0,0.9,-0.96,279.87192,0.0,304.73438,1963,46,0.7116566222817746,-10.898294,-79.11841,Global_B,Run1,,POINT (7.58371693 47.54260867),highData
1963-02-15 00:00:00+00:00,23.27,5.6,,,0,1,0,0,0,0.9,-0.96,284.39297,0.0,2246.375,1963,46,0.7116566222817746,-8.380559,-58.08796,Global_B,Run1,,POINT (5.6 23.27),aridData
1963-02-15 00:00:00+00:00,69.1,-105.1166667,,,0,0,0,0,1,0.9,-0.96,232.52594,0.0,0.0,1963,46,0.7116566222817746,-24.487724,-192.62985,Global_B,Run1,,POINT (-105.1166667 69.1),northData
1963-02-15 00:00:00+00:00,0.38,6.72,,,1,0,0,0,0,0.9,-0.96,298.66174,6.04586e-05,0.0,1963,46,0.7116566222817746,-2.4699228,-8.032467,Global_B,Run1,,POINT (6.72 0.38),equitData
1963-02-15 00:00:00+00:00,-22.66416667,-48.06,,,0,0,1,0,0,0.9,-0.96,294.51523,0.0,490.46875,1963,46,0.7116566222817746,-6.772744,-44.65801,Global_B,Run1,,POINT (-48.06 -22.66416667),southernData
1963-02-15 00:00:00+00:00,-67.57,-68.13,,,0,0,0,0,1,0.9,-0.96,,,11.128906,1963,46,0.7116566222817746,-14.088953,-105.76973,Global_B,Run1,,POINT (-68.13 -67.57),antData
1963-02-15 00:00:00+00:00,49.67,-93.72,,,0,0,0,1,0,0.9,-0.96,269.9328,5.2219468e-05,427.09375,1963,46,0.7116566222817746,-18.307411,-141.0062,Global_B,Run1,,POINT (-93.72 49.67),lakeWoods
1963-02-15 00:00:00+00:00,29.7,91.13333333,,,0,0,0,0,1,0.9,-0.96,282.32886,0.0,3735.25,1963,46,0.7116566222817746,-7.2277102,-48.458305,Global_B,Run1,,POINT (91.13333333 29.7),tibetPlat
1963-02-15 00:00:00+00:00,12.54194444,39.76972222,,,0,1,0,0,0,0.9,-0.96,291.00677,0.0,1782.5,1963,46,0.7116566222817746,-3.1624923,-15.608007,Global_B,Run1,,POINT (39.76972222 12.54194444),ethiopiaHigh
1963-02-15 00:00:00+00:00,18.9,72.82,,,1,0,0,0,0,0.9,-0.96,299.07684,0.0,0.0,1963,46,0.7116566222817746,-0.5355377,6.6633415,Global_B,Run1,,POINT (72.82 18.9),hotWet
1963-03-15 00:00:00+00:00,52.3,104.2833333,,,0,0,0,1,0,1.9,-0.43,256.26407,0.0,427.25,1963,74,0.9562348265919056,-20.259674,-157.3133,Global_B,Run1,,POINT (104.2833333 52.3),lowData
1963-03-15 00:00:00+00:00,47.54260867,7.58371693,,,0,0,1,0,0,1.9,-0.43,274.1532,0.0,304.73438,1963,74,0.9562348265919056,-11.344036,-82.84166,Global_B,Run1,,POINT (7.58371693 47.54260867),highData
1963-03-15 00:00:00+00:00,23.27,5.6,,,0,1,0,0,0,1.9,-0.43,284.76053,0.0,2246.375,1963,74,0.9562348265919056,-8.543637,-59.280304,Global_B,Run1,,POINT (5.6 23.27),aridData
1963-03-15 00:00:00+00:00,69.1,-105.1166667,,,0,0,0,0,1,1.9,-0.43,240.75177,0.0,0.0,1963,74,0.9562348265919056,-24.42767,-192.12822,Global_B,Run1,,POINT (-105.1166667 69.1),northData
1963-03-15 00:00:00+00:00,0.38,6.72,,,1,0,0,0,0,1.9,-0.43,298.5811,4.8947903e-05,0.0,1963,74,0.9562348265919056,-3.2005618,-12.417322,Global_B,Run1,,POINT (6.72 0.38),equitData
1963-03-15 00:00:00+00:00,-22.66416667,-48.06,,,0,0,1,0,0,1.9,-0.43,291.43665,1.50435735e-05,490.46875,1963,74,0.9562348265919056,-6.7151213,-44.176693,Global_B,Run1,,POINT (-48.06 -22.66416667),southernData
1963-03-15 00:00:00+00:00,-67.57,-68.13,,,0,0,0,0,1,1.9,-0.43,,,11.128906,1963,74,0.9562348265919056,-11.445375,-83.68814,Global_B,Run1,,POINT (-68.13 -67.57),antData
1963-03-15 00:00:00+00:00,49.67,-93.72,,,0,0,0,1,0,1.9,-0.43,271.50006,0.0,427.09375,1963,74,0.9562348265919056,-19.145615,-148.00763,Global_B,Run1,,POINT (-93.72 49.67),lakeWoods
1963-03-15 00:00:00+00:00,29.7,91.13333333,,,0,0,0,0,1,1.9,-0.43,281.0274,0.0,3735.25,1963,74,0.9562348265919056,-7.6220446,-51.75215,Global_B,Run1,,POINT (91.13333333 29.7),tibetPlat
1963-03-15 00:00:00+00:00,12.54194444,39.76972222,,,0,1,0,0,0,1.9,-0.43,292.69345,0.0,1782.5,1963,74,0.9562348265919056,-2.7809157,-13.074038,Global_B,Run1,,POINT (39.76972222 12.54194444),ethiopiaHigh
1963-03-15 00:00:00+00:00,18.9,72.82,,,1,0,0,0,0,1.9,-0.43,301.00226,0.0,0.0,1963,74,0.9562348265919056,-0.9928551,3.355339,Global_B,Run1,,POINT (72.82 18.9),hotWet
1963-04-15 00:00:00+00:00,52.3,104.2833333,,,0,0,0,1,0,1.3,-1.35,275.07227,0.0,427.25,1963,105,0.9721181966290612,-20.205528,-156.86101,Global_B,Run1,,POINT (104.2833333 52.3),lowData
1963-04-15 00:00:00+00:00,47.54260867,7.58371693,,,0,0,1,0,0,1.3,-1.35,281.02042,8.233958e-06,304.73438,1963,105,0.9721181966290612,-11.37065,-83.063965,Global_B,Run1,,POINT (7.58371693 47.54260867),highData
1963-04-15 00:00:00+00:00,23.27,5.6,,,0,1,0,0,0,1.3,-1.35,287.6475,0.0,2246.375,1963,105,0.9721181966290612,-8.569378,-59.472153,Global_B,Run1,,POINT (5.6 23.27),aridData
1963-04-15 00:00:00+00:00,69.1,-105.1166667,,,0,0,0,0,1,1.3,-1.35,254.12431,0.0,0.0,1963,105,0.9721181966290612,-24.423927,-192.09697,Global_B,Run1,,POINT (-105.1166667 69.1),northData
1963-04-15 00:00:00+00:00,0.38,6.72,,,1,0,0,0,0,1.3,-1.35,297.83154,6.7025365e-05,0.0,1963,105,0.9721181966290612,-3.2023776,-12.419209,Global_B,Run1,,POINT (6.72 0.38),equitData
1963-04-15 00:00:00+00:00,-22.66416667,-48.06,,,0,0,1,0,0,1.3,-1.35,295.616,0.0,490.46875,1963,105,0.9721181966290612,-6.693343,-43.994778,Global_B,Run1,,POINT (-48.06 -22.66416667),southernData
1963-04-15 00:00:00+00:00,-67.57,-68.13,,,0,0,0,0,1,1.3,-1.35,,,11.128906,1963,105,0.9721181966290612,-11.312288,-82.57647,Global_B,Run1,,POINT (-68.13 -67.57),antData
1963-04-15 00:00:00+00:00,49.67,-93.72,,,0,0,0,1,0,1.3,-1.35,277.0397,0.0,427.09375,1963,105,0.9721181966290612,-19.188143,-148.36287,Global_B,Run1,,POINT (-93.72 49.67),lakeWoods
1963-04-15 00:00:00+00:00,29.7,91.13333333,,,0,0,0,0,1,1.3,-1.35,284.3326,0.0,3735.25,1963,105,0.9721181966290612,-7.65079,-51.99226,Global_B,Run1,,POINT (91.13333333 29.7),tibetPlat
1963-04-15 00:00:00+00:00,12.54194444,39.76972222,,,0,1,0,0,0,1.3,-1.35,293.5754,0.0,1782.5,1963,105,0.9721181966290612,-2.7466662,-12.83606,Global_B,Run1,,POINT (39.76972222 12.54194444),ethiopiaHigh
1963-04-15 00:00:00+00:00,18.9,72.82,,,1,0,0,0,0,1.3,-1.35,300.87668,0.0,0.0,1963,105,0.9721181966290612,-1.0140896,3.1997414,Global_B,Run1,,POINT (72.82 18.9),hotWet
1963-05-15 00:00:00+00:00,52.3,104.2833333,,,0,0,0,1,0,0.6,2.16,277.05383,1.2363836e-05,427.25,1963,135,0.7295575540864875,-20.259813,-157.31444,Global_B,Run1,,POINT (104.2833333 52.3),lowData
1963-05-15 00:00:00+00:00,47.54260867,7.58371693,,,0,0,1,0,0,0.6,2.16,281.37216,4.5054392e-05,304.73438,1963,135,0.7295575540864875,-10.931786,-79.39816,Global_B,Run1,,POINT (7.58371693 47.54260867),highData
1963-05-15 00:00:00+00:00,23.27,5.6,,,0,1,0,0,0,0.6,2.16,294.22922,0.0,2246.375,1963,135,0.7295575540864875,-8.381167,-58.09304,Global_B,Run1,,POINT (5.6 23.27),aridData
1963-05-15 00:00:00+00:00,69.1,-105.1166667,,,0,0,0,0,1,0.6,2.16,253.61102,0.0,0.0,1963,135,0.7295575540864875,-24.488369,-192.63525,Global_B,Run1,,POINT (-105.1166667 69.1),northData
1963-05-15 00:00:00+00:00,0.38,6.72,,,1,0,0,0,0,0.6,2.16,297.8433,0.0,0.0,1963,135,0.7295575540864875,-2.5785704,-8.707474,Global_B,Run1,,POINT (6.72 0.38),equitData
1963-05-15 00:00:00+00:00,-22.66416667,-48.06,,,0,0,1,0,0,0.6,2.16,291.18408,4.3797145e-06,490.46875,1963,135,0.7295575540864875,-6.793104,-44.828075,Global_B,Run1,,POINT (-48.06 -22.66416667),southernData
1963-05-15 00:00:00+00:00,-67.57,-68.13,,,0,0,0,0,1,0.6,2.16,,,11.128906,1963,135,0.7295575540864875,-13.883197,-104.05107,Global_B,Run1,,POINT (-68.13 -67.57),antData
1963-05-15 00:00:00+00:00,49.67,-93.72,,,0,0,0,1,0,0.6,2.16,280.60437,7.847887e-06,427.09375,1963,135,0.7295575540864875,-18.382256,-141.63135,Global_B,Run1,,POINT (-93.72 49.67),lakeWoods
1963-05-15 00:00:00+00:00,29.7,91.13333333,,,0,0,0,0,1,0.6,2.16,285.80624,0.0,3735.25,1963,135,0.7295575540864875,-7.255042,-48.686604,Global_B,Run1,,POINT (91.13333333 29.7),tibetPlat
1963-05-15 00:00:00+00:00,12.54194444,39.76972222,,,0,1,0,0,0,0.6,2.16,295.82233,0.0,1782.5,1963,135,0.7295575540864875,-3.1413481,-15.472994,Global_B,Run1,,POINT (39.76972222 12.54194444),ethiopiaHigh
1963-05-15 00:00:00+00:00,18.9,72.82,,,1,0,0,0,0,0.6,2.16,303.3959,0.0,0.0,1963,135,0.7295575540864875,-0.57423496,6.384884,Global_B,Run1,,POINT (72.82 18.9),hotWet
1963-06-15 00:00:00+00:00,52.3,104.2833333,,,0,0,0,1,0,-0.8,-0.43,288.1196,1.1438903e-05,427.25,1963,166,0.2802306751992158,-14.744554,-118.16554,Global_B,Run1,,POINT (104.2833333 52.3),lowData
1963-06-15 00:00:00+00:00,47.54260867,7.58371693,,,0,0,1,0,0,-0.8,-0.43,285.192,0.0,304.73438,1963,166,0.2802306751992158,-8.034584,-58.07753,Global_B,Run1,,POINT (7.58371693 47.54260867),highData
1963-06-15 00:00:00+00:00,23.27,5.6,,,0,1,0,0,0,-0.8,-0.43,299.6927,0.0,2246.375,1963,166,0.2802306751992158,-8.239172,-56.841812,Global_B,Run1,,POINT (5.6 23.27),aridData
1963-06-15 00:00:00+00:00,69.1,-105.1166667,,,0,0,0,0,1,-0.8,-0.43,266.16095,0.0,0.0,1963,166,0.2802306751992158,-17.661123,-141.76819,Global_B,Run1,,POINT (-105.1166667 69.1),northData
1963-06-15 00:00:00+00:00,0.38,6.72,,,1,0,0,0,0,-0.8,-0.43,295.3882,1.3350652e-06,0.0,1963,166,0.2802306751992158,-2.1014514,-5.907257,Global_B,Run1,,POINT (6.72 0.38),equitData
1963-06-15 00:00:00+00:00,-22.66416667,-48.06,,,0,0,1,0,0,-0.8,-0.43,292.05423,1.8919098e-05,490.46875,1963,166,0.2802306751992158,-9.011867,-63.026215,Global_B,Run1,,POINT (-48.06 -22.66416667),southernData
1963-06-15 00:00:00+00:00,-67.57,-68.13,,,0,0,0,0,1,-0.8,-0.43,,,11.128906,1963,166,0.2802306751992158,-16.816116,-128.5495,Global_B,Run1,,POINT (-68.13 -67.57),antData
1963-06-15 00:00:00+00:00,49.67,-93.72,,,0,0,0,1,0,-0.8,-0.43,292.88754,4.6267083e-05,427.09375,1963,166,0.2802306751992158,-15.333491,-117.89235,Global_B,Run1,,POINT (-93.72 49.67),lakeWoods
1963-06-15 00:00:00+00:00,29.7,91.13333333,,,0,0,0,0,1,-0.8,-0.43,289.82983,4.1243882e-05,3735.25,1963,166,0.2802306751992158,-6.319352,-42.154606,Global_B,Run1,,POINT (91.13333333 29.7),tibetPlat
1963-06-15 00:00:00+00:00,12.54194444,39.76972222,,,0,1,0,0,0,-0.8,-0.43,295.02466,0.0,1782.5,1963,166,0.2802306751992158,-3.454775,-17.242188,Global_B,Run1,,POINT (39.76972222 12.54194444),ethiopiaHigh
1963-06-15 00:00:00+00:00,18.9,72.82,,,1,0,0,0,0,-0.8,-0.43,299.98398,0.00018412745,0.0,1963,166,0.2802306751992158,-0.89620876,3.4875793,Global_B,Run1,,POINT (72.82 18.9),hotWet
1963-07-15 00:00:00+00:00,52.3,104.2833333,,,0,0,0,1,0,-0.2,-0.77,287.6756,0.0,427.25,1963,196,-0.2303056702306119,-14.365423,-111.08679,Global_B,Run1,,POINT (104.2833333 52.3),lowData
1963-07-15 00:00:00+00:00,47.54260867,7.58371693,,,0,0,1,0,0,-0.2,-0.77,288.68286,1.2469715e-05,304.73438,1963,196,-0.2303056702306119,-8.995095,-63.22113,Global_B,Run1,,POINT (7.58371693 47.54260867),highData
1963-07-15 00:00:00+00:00,23.27,5.6,,,0,1,0,0,0,-0.2,-0.77,299.89896,0.0,2246.375,1963,196,-0.2303056702306119,-4.6465297,-28.871769,Global_B,Run1,,POINT (5.6 23.27),aridData
1963-07-15 00:00:00+00:00,69.1,-105.1166667,,,0,0,0,0,1,-0.2,-0.77,285.39066,0.0,0.0,1963,196,-0.2303056702306119,-18.584967,-142.01529,Global_B,Run1,,POINT (-105.1166667 69.1),northData
1963-07-15 00:00:00+00:00,0.38,6.72,,,1,0,0,0,0,-0.2,-0.77,294.19882,4.51444e-06,0.0,1963,196,-0.2303056702306119,-3.9793859,-19.65719,Global_B,Run1,,POINT (6.72 0.38),equitData
1963-07-15 00:00:00+00:00,-22.66416667,-48.06,,,0,0,1,0,0,-0.2,-0.77,292.15057,0.0,490.46875,1963,196,-0.2303056702306119,-9.2016,-64.6391,Global_B,Run1,,POINT (-48.06 -22.66416667),southernData
1963-07-15 00:00:00+00:00,-67.57,-68.13,,,0,0,0,0,1,-0.2,-0.77,,,11.128906,1963,196,-0.2303056702306119,-17.682388,-135.78542,Global_B,Run1,,POINT (-68.13 -67.57),antData
1963-07-15 00:00:00+00:00,49.67,-93.72,,,0,0,0,1,0,-0.2,-0.77,289.84122,0.0,427.09375,1963,196,-0.2303056702306119,-13.940755,-103.67651,Global_B,Run1,,POINT (-93.72 49.67),lakeWoods
1963-07-15 00:00:00+00:00,29.7,91.13333333,,,0,0,0,0,1,-0.2,-0.77,287.44568,0.00034657208,3735.25,1963,196,-0.2303056702306119,-10.093879,-72.237915,Global_B,Run1,,POINT (91.13333333 29.7),tibetPlat
1963-07-15 00:00:00+00:00,12.54194444,39.76972222,,,0,1,0,0,0,-0.2,-0.77,291.72617,0.0,1782.5,1963,196,-0.2303056702306119,-1.3773232,0.29442215,Global_B,Run1,,POINT (39.76972222 12.54194444),ethiopiaHigh
1963-07-15 00:00:00+00:00,18.9,72.82,,,1,0,0,0,0,-0.2,-0.77,300.66742,7.149464e-05,0.0,1963,196,-0.2303056702306119,-4.11296,-20.425968,Global_B,Run1,,POINT (72.82 18.9),hotWet
1963-08-15 00:00:00+00:00,52.3,104.2833333,,,0,0,0,1,0,0.0,-0.64,289.4764,0.0,427.25,1963,227,-0.6932812268869771,-12.004772,-88.36073,Global_B,Run1,,POINT (104.2833333 52.3),lowData
1963-08-15 00:00:00+00:00,47.54260867,7.58371693,,,0,0,1,0,0,0.0,-0.64,288.88153,3.5795434e-05,304.73438,1963,227,-0.6932812268869771,-12.095055,-88.76258,Global_B,Run1,,POINT (7.58371693 47.54260867),highData
1963-08-15 00:00:00+00:00,23.27,5.6,,,0,1,0,0,0,0.0,-0.64,296.34027,0.0,2246.375,1963,227,-0.6932812268869771,-1.9644392,-0.7651329,Global_B,Run1,,POINT (5.6 23.27),aridData
1963-08-15 00:00:00+00:00,69.1,-105.1166667,,,0,0,0,0,1,0.0,-0.64,278.0738,6.620744e-06,0.0,1963,227,-0.6932812268869771,-20.516546,-159.6359,Global_B,Run1,,POINT (-105.1166667 69.1),northData
1963-08-15 00:00:00+00:00,0.38,6.72,,,1,0,0,0,0,0.0,-0.64,294.82657,6.759723e-06,0.0,1963,227,-0.6932812268869771,-4.989073,-29.051647,Global_B,Run1,,POINT (6.72 0.38),equitData
1963-08-15 00:00:00+00:00,-22.66416667,-48.06,,,0,0,1,0,0,0.0,-0.64,292.82568,0.0,490.46875,1963,227,-0.6932812268869771,-9.807945,-70.90323,Global_B,Run1,,POINT (-48.06 -22.66416667),southernData
1963-08-15 00:00:00+00:00,-67.57,-68.13,,,0,0,0,0,1,0.0,-0.64,,,11.128906,1963,227,-0.6932812268869771,-21.367538,-166.5672,Global_B,Run1,,POINT (-68.13 -67.57),antData
1963-08-15 00:00:00+00:00,49.67,-93.72,,,0,0,0,1,0,0.0,-0.64,292.6251,0.0,427.09375,1963,227,-0.6932812268869771,-15.355256,-115.29979,Global_B,Run1,,POINT (-93.72 49.67),lakeWoods
1963-08-15 00:00:00+00:00,29.7,91.13333333,,,0,0,0,0,1,0.0,-0.64,287.8788,6.443711e-05,3735.25,1963,227,-0.6932812268869771,-10.81833,-78.51201,Global_B,Run1,,POINT (91.13333333 29.7),tibetPlat
1963-08-15 00:00:00+00:00,12.54194444,39.76972222,,,0,1,0,0,0,0.0,-0.64,291.22314,0.0,1782.5,1963,227,-0.6932812268869771,-1.3545284,5.0082397,Global_B,Run1,,POINT (39.76972222 12.54194444),ethiopiaHigh
1963-08-15 00:00:00+00:00,18.9,72.82,,,1,0,0,0,0,0.0,-0.64,300.1126,0.000112810034,0.0,1963,227,-0.6932812268869771,-4.4613743,-23.78099,Global_B,Run1,,POINT (72.82 18.9),hotWet
1963-09-15 00:00:00+00:00,52.3,104.2833333,,,0,0,0,1,0,-1.0,1.79,280.64758,1.027919e-05,427.25,1963,258,-0.9634705485641486,-13.992076,-104.960526,Global_B,Run1,,POINT (104.2833333 52.3),lowData
1963-09-15 00:00:00+00:00,47.54260867,7.58371693,,,0,0,1,0,0,-1.0,1.79,286.85376,0.0,304.73438,1963,258,-0.9634705485641486,-10.885687,-79.01311,Global_B,Run1,,POINT (7.58371693 47.54260867),highData
1963-09-15 00:00:00+00:00,23.27,5.6,,,0,1,0,0,0,-1.0,1.79,296.34866,0.0,2246.375,1963,258,-0.9634705485641486,-1.625452,0.04014206,Global_B,Run1,,POINT (5.6 23.27),aridData
1963-09-15 00:00:00+00:00,69.1,-105.1166667,,,0,0,0,0,1,-1.0,1.79,265.34134,0.0,0.0,1963,258,-0.9634705485641486,-18.178885,-139.93262,Global_B,Run1,,POINT (-105.1166667 69.1),northData
1963-09-15 00:00:00+00:00,0.38,6.72,,,1,0,0,0,0,-1.0,1.79,295.2414,9.183087e-06,0.0,1963,258,-0.9634705485641486,-2.0926075,-5.1433163,Global_B,Run1,,POINT (6.72 0.38),equitData
1963-09-15 00:00:00+00:00,-22.66416667,-48.06,,,0,0,1,0,0,-1.0,1.79,296.37183,2.7793146e-06,490.46875,1963,258,-0.9634705485641486,-10.825371,-80.703896,Global_B,Run1,,POINT (-48.06 -22.66416667),southernData
1963-09-15 00:00:00+00:00,-67.57,-68.13,,,0,0,0,0,1,-1.0,1.79,,,11.128906,1963,258,-0.9634705485641486,-19.229961,-148.71217,Global_B,Run1,,POINT (-68.13 -67.57),antData
1963-09-15 00:00:00+00:00,49.67,-93.72,,,0,0,0,1,0,-1.0,1.79,283.1001,0.0,427.09375,1963,258,-0.9634705485641486,-17.530771,-134.51897,Global_B,Run1,,POINT (-93.72 49.67),lakeWoods
1963-09-15 00:00:00+00:00,29.7,91.13333333,,,0,0,0,0,1,-1.0,1.79,288.58035,2.4597628e-05,3735.25,1963,258,-0.9634705485641486,-11.179462,-81.46699,Global_B,Run1,,POINT (91.13333333 29.7),tibetPlat
1963-09-15 00:00:00+00:00,12.54194444,39.76972222,,,0,1,0,0,0,-1.0,1.79,291.18817,0.0,1782.5,1963,258,-0.9634705485641486,-1.6698854,2.0230942,Global_B,Run1,,POINT (39.76972222 12.54194444),ethiopiaHigh
1963-09-15 00:00:00+00:00,18.9,72.82,,,1,0,0,0,0,-1.0,1.79,299.85178,4.8970556e-05,0.0,1963,258,-0.9634705485641486,-3.815423,-17.66944,Global_B,Run1,,POINT (72.82 18.9),hotWet
1963-10-15 00:00:00+00:00,52.3,104.2833333,,,0,0,0,1,0,-2.0,0.94,273.41217,4.3798293e-05,427.25,1963,288,-0.970063921851507,-14.411436,-108.46341,Global_B,Run1,,POINT (104.2833333 52.3),lowData
1963-10-15 00:00:00+00:00,47.54260867,7.58371693,,,0,0,1,0,0,-2.0,0.94,284.27264,0.0,304.73438,1963,288,-0.970063921851507,-11.1890335,-81.54692,Global_B,Run1,,POINT (7.58371693 47.54260867),highData
1963-10-15 00:00:00+00:00,23.27,5.6,,,0,1,0,0,0,-2.0,0.94,290.40866,0.0,2246.375,1963,288,-0.970063921851507,-1.6309125,0.12886047,Global_B,Run1,,POINT (5.6 23.27),aridData
1963-10-15 00:00:00+00:00,69.1,-105.1166667,,,0,0,0,0,1,-2.0,0.94,266.40054,8.684307e-05,0.0,1963,288,-0.970063921851507,-18.394417,-141.73294,Global_B,Run1,,POINT (-105.1166667 69.1),northData
1963-10-15 00:00:00+00:00,0.38,6.72,,,1,0,0,0,0,-2.0,0.94,296.39343,7.207795e-05,0.0,1963,288,-0.970063921851507,-1.9939218,-4.3120594,Global_B,Run1,,POINT (6.72 0.38),equitData
