Date,Lat,Lon,O18,H2,KPN_A,KPN_B,KPN_C,KPN_D,KPN_E,ENSO,NAO,Temperature,Precipitation,Alt
2020-01-15 00:00:00+00:00,52.3,104.2833333,,,0,0,0,1,0,0.3,1.34,260.98978,0.0,427.25
2020-01-15 00:00:00+00:00,47.54260867,7.58371693,,,0,0,1,0,0,0.3,1.34,273.62463,2.6919028e-05,304.73438
2020-01-15 00:00:00+00:00,23.27,5.6,,,0,1,0,0,0,0.3,1.34,285.49847,0.0,2246.375
2020-01-15 00:00:00+00:00,69.1,-105.1166667,,,0,0,0,0,1,0.3,1.34,248.43533,0.0,0.0
2020-01-15 00:00:00+00:00,0.38,6.72,,,1,0,0,0,0,0.3,1.34,299.6743,0.0,0.0
2020-01-15 00:00:00+00:00,-22.66416667,-48.06,,,1,0,0,0,0,0.3,1.34,299.37173,4.4279037e-05,490.46875
2020-01-15 00:00:00+00:00,-67.57,-68.13,,,0,0,0,0,1,0.3,1.34,,,11.128906
2020-01-15 00:00:00+00:00,49.67,-93.72,,,0,0,0,1,0,0.3,1.34,261.71832,0.0,427.09375
2020-01-15 00:00:00+00:00,29.7,91.13333333,,,0,0,0,0,1,0.3,1.34,273.60718,0.0,3735.25
2020-01-15 00:00:00+00:00,12.54194444,39.76972222,,,0,1,0,0,0,0.3,1.34,292.91803,0.0,1782.5
2020-01-15 00:00:00+00:00,18.9,72.82,,,1,0,0,0,0,0.3,1.34,299.01212,0.0,0.0
2020-02-15 00:00:00+00:00,52.3,104.2833333,,,0,0,0,1,0,-0.1,1.26,256.8369,0.0,427.25
2020-02-15 00:00:00+00:00,47.54260867,7.58371693,,,0,0,1,0,0,-0.1,1.26,276.9424,1.8446854e-05,304.73438
2020-02-15 00:00:00+00:00,23.27,5.6,,,0,1,0,0,0,-0.1,1.26,286.74115,0.0,2246.375
2020-02-15 00:00:00+00:00,69.1,-105.1166667,,,0,0,0,0,1,-0.1,1.26,237.88344,0.0,0.0
2020-02-15 00:00:00+00:00,0.38,6.72,,,1,0,0,0,0,-0.1,1.26,300.196,1.3538602e-05,0.0
2020-02-15 00:00:00+00:00,-22.66416667,-48.06,,,1,0,0,0,0,-0.1,1.26,299.00858,1.51222175e-05,490.46875
2020-02-15 00:00:00+00:00,-67.57,-68.13,,,0,0,0,0,1,-0.1,1.26,,,11.128906
2020-02-15 00:00:00+00:00,49.67,-93.72,,,0,0,0,1,0,-0.1,1.26,262.96768,1.0692536e-05,427.09375
2020-02-15 00:00:00+00:00,29.7,91.13333333,,,0,0,0,0,1,-0.1,1.26,278.72403,0.0,3735.25
2020-02-15 00:00:00+00:00,12.54194444,39.76972222,,,0,1,0,0,0,-0.1,1.26,292.23572,0.0,1782.5
2020-02-15 00:00:00+00:00,18.9,72.82,,,1,0,0,0,0,-0.1,1.26,300.8858,0.0,0.0
2020-03-15 00:00:00+00:00,52.3,104.2833333,,,0,0,0,1,0,-0.2,1.01,270.1056,0.0,427.25
2020-03-15 00:00:00+00:00,47.54260867,7.58371693,,,0,0,1,0,0,-0.2,1.01,277.16116,3.7312122e-05,304.73438
2020-03-15 00:00:00+00:00,23.27,5.6,,,0,1,0,0,0,-0.2,1.01,284.18484,0.0,2246.375
2020-03-15 00:00:00+00:00,69.1,-105.1166667,,,0,0,0,0,1,-0.2,1.01,253.70914,6.2286867e-06,0.0
2020-03-15 00:00:00+00:00,0.38,6.72,,,1,0,0,0,0,-0.2,1.01,299.79785,8.5987565e-05,0.0
2020-03-15 00:00:00+00:00,-22.66416667,-48.06,,,1,0,0,0,0,-0.2,1.01,294.53482,9.3792034e-05,490.46875
2020-03-15 00:00:00+00:00,-67.57,-68.13,,,0,0,0,0,1,-0.2,1.01,,,11.128906
2020-03-15 00:00:00+00:00,49.67,-93.72,,,0,0,0,1,0,-0.2,1.01,276.4644,0.0,427.09375
2020-03-15 00:00:00+00:00,29.7,91.13333333,,,0,0,0,0,1,-0.2,1.01,281.50342,0.0,3735.25
2020-03-15 00:00:00+00:00,12.54194444,39.76972222,,,0,1,0,0,0,-0.2,1.01,294.3527,0.0,1782.5
2020-03-15 00:00:00+00:00,18.9,72.82,,,1,0,0,0,0,-0.2,1.01,302.1425,6.402789e-06,0.0
2020-04-15 00:00:00+00:00,52.3,104.2833333,,,0,0,0,1,0,0.3,-1.02,281.29465,0.0,427.25
2020-04-15 00:00:00+00:00,47.54260867,7.58371693,,,0,0,1,0,0,0.3,-1.02,284.31482,0.0,304.73438
2020-04-15 00:00:00+00:00,23.27,5.6,,,0,1,0,0,0,0.3,-1.02,298.45013,0.0,2246.375
2020-04-15 00:00:00+00:00,69.1,-105.1166667,,,0,0,0,0,1,0.3,-1.02,248.54977,0.0,0.0
2020-04-15 00:00:00+00:00,0.38,6.72,,,1,0,0,0,0,0.3,-1.02,300.13342,6.948215e-05,0.0
2020-04-15 00:00:00+00:00,-22.66416667,-48.06,,,1,0,0,0,0,0.3,-1.02,300.14798,0.0,490.46875
2020-04-15 00:00:00+00:00,-67.57,-68.13,,,0,0,0,0,1,0.3,-1.02,,,11.128906
2020-04-15 00:00:00+00:00,49.67,-93.72,,,0,0,0,1,0,0.3,-1.02,274.27832,4.3114414e-05,427.09375
2020-04-15 00:00:00+00:00,29.7,91.13333333,,,0,0,0,0,1,0.3,-1.02,286.50653,0.0,3735.25
2020-04-15 00:00:00+00:00,12.54194444,39.76972222,,,0,1,0,0,0,0.3,-1.02,292.6895,9.916264e-05,1782.5
2020-04-15 00:00:00+00:00,18.9,72.82,,,1,0,0,0,0,0.3,-1.02,303.6676,0.0,0.0
2020-05-15 00:00:00+00:00,52.3,104.2833333,,,0,0,0,1,0,0.7,-0.41,283.41922,0.0,427.25
2020-05-15 00:00:00+00:00,47.54260867,7.58371693,,,0,0,1,0,0,0.7,-0.41,287.2566,1.4533639e-05,304.73438
2020-05-15 00:00:00+00:00,23.27,5.6,,,0,1,0,0,0,0.7,-0.41,297.43774,0.0,2246.375
2020-05-15 00:00:00+00:00,69.1,-105.1166667,,,0,0,0,0,1,0.7,-0.41,262.61667,0.0,0.0
2020-05-15 00:00:00+00:00,0.38,6.72,,,1,0,0,0,0,0.7,-0.41,299.30145,0.00014653864,0.0
2020-05-15 00:00:00+00:00,-22.66416667,-48.06,,,1,0,0,0,0,0.7,-0.41,296.24298,0.0,490.46875
2020-05-15 00:00:00+00:00,-67.57,-68.13,,,0,0,0,0,1,0.7,-0.41,,,11.128906
2020-05-15 00:00:00+00:00,49.67,-93.72,,,0,0,0,1,0,0.7,-0.41,275.72473,0.0,427.09375
2020-05-15 00:00:00+00:00,29.7,91.13333333,,,0,0,0,0,1,0.7,-0.41,287.3705,7.974557e-06,3735.25
2020-05-15 00:00:00+00:00,12.54194444,39.76972222,,,0,1,0,0,0,0.7,-0.41,292.77335,3.2020806e-05,1782.5
2020-05-15 00:00:00+00:00,18.9,72.82,,,1,0,0,0,0,0.7,-0.41,304.6414,0.0,0.0
2020-06-15 00:00:00+00:00,52.3,104.2833333,,,0,0,0,1,0,-0.6,-0.15,285.04977,1.6654247e-05,427.25
2020-06-15 00:00:00+00:00,47.54260867,7.58371693,,,0,0,1,0,0,-0.6,-0.15,285.7634,4.0615418e-05,304.73438
2020-06-15 00:00:00+00:00,23.27,5.6,,,0,1,0,0,0,-0.6,-0.15,301.41666,0.0,2246.375
2020-06-15 00:00:00+00:00,69.1,-105.1166667,,,0,0,0,0,1,-0.6,-0.15,269.5857,0.0,0.0
2020-06-15 00:00:00+00:00,0.38,6.72,,,1,0,0,0,0,-0.6,-0.15,295.99667,0.00050631043,0.0
2020-06-15 00:00:00+00:00,-22.66416667,-48.06,,,1,0,0,0,0,-0.6,-0.15,291.2355,8.801331e-05,490.46875
2020-06-15 00:00:00+00:00,-67.57,-68.13,,,0,0,0,0,1,-0.6,-0.15,,,11.128906
2020-06-15 00:00:00+00:00,49.67,-93.72,,,0,0,0,1,0,-0.6,-0.15,293.65527,1.5214022e-05,427.09375
2020-06-15 00:00:00+00:00,29.7,91.13333333,,,0,0,0,0,1,-0.6,-0.15,289.58618,4.051405e-05,3735.25
2020-06-15 00:00:00+00:00,12.54194444,39.76972222,,,0,1,0,0,0,-0.6,-0.15,295.83987,4.272869e-06,1782.5
2020-06-15 00:00:00+00:00,18.9,72.82,,,1,0,0,0,0,-0.6,-0.15,301.35193,8.689388e-05,0.0
2020-07-15 00:00:00+00:00,52.3,104.2833333,,,0,0,0,1,0,0.7,-1.23,295.16376,0.0,427.25
2020-07-15 00:00:00+00:00,47.54260867,7.58371693,,,0,0,1,0,0,0.7,-1.23,292.6996,6.770547e-05,304.73438
2020-07-15 00:00:00+00:00,23.27,5.6,,,0,1,0,0,0,0.7,-1.23,300.7512,0.0,2246.375
2020-07-15 00:00:00+00:00,69.1,-105.1166667,,,0,0,0,0,1,0.7,-1.23,284.7451,0.0,0.0
2020-07-15 00:00:00+00:00,0.38,6.72,,,1,0,0,0,0,0.7,-1.23,297.08878,0.0,0.0
2020-07-15 00:00:00+00:00,-22.66416667,-48.06,,,1,0,0,0,0,0.7,-1.23,294.5253,0.0,490.46875
2020-07-15 00:00:00+00:00,-67.57,-68.13,,,0,0,0,0,1,0.7,-1.23,,,11.128906
2020-07-15 00:00:00+00:00,49.67,-93.72,,,0,0,0,1,0,0.7,-1.23,294.93668,0.0,427.09375
2020-07-15 00:00:00+00:00,29.7,91.13333333,,,0,0,0,0,1,0.7,-1.23,295.1862,0.00013895278,3735.25
2020-07-15 00:00:00+00:00,12.54194444,39.76972222,,,0,1,0,0,0,0.7,-1.23,293.89328,0.0,1782.5
2020-07-15 00:00:00+00:00,18.9,72.82,,,1,0,0,0,0,0.7,-1.23,301.25427,0.00015802578,0.0
2020-08-15 00:00:00+00:00,52.3,104.2833333,,,0,0,0,1,0,1.8,0.12,282.55533,2.3621915e-05,427.25
2020-08-15 00:00:00+00:00,47.54260867,7.58371693,,,0,0,1,0,0,1.8,0.12,293.22806,0.0,304.73438
2020-08-15 00:00:00+00:00,23.27,5.6,,,0,1,0,0,0,1.8,0.12,299.26688,0.0,2246.375
2020-08-15 00:00:00+00:00,69.1,-105.1166667,,,0,0,0,0,1,1.8,0.12,281.18274,0.0,0.0
2020-08-15 00:00:00+00:00,0.38,6.72,,,1,0,0,0,0,1.8,0.12,298.4802,0.0,0.0
2020-08-15 00:00:00+00:00,-22.66416667,-48.06,,,1,0,0,0,0,1.8,0.12,294.52277,0.0,490.46875
2020-08-15 00:00:00+00:00,-67.57,-68.13,,,0,0,0,0,1,1.8,0.12,,,11.128906
2020-08-15 00:00:00+00:00,49.67,-93.72,,,0,0,0,1,0,1.8,0.12,292.64984,0.00016705671,427.09375
2020-08-15 00:00:00+00:00,29.7,91.13333333,,,0,0,0,0,1,1.8,0.12,290.92886,0.00010355801,3735.25
2020-08-15 00:00:00+00:00,12.54194444,39.76972222,,,0,1,0,0,0,1.8,0.12,296.38937,9.047702e-05,1782.5
2020-08-15 00:00:00+00:00,18.9,72.82,,,1,0,0,0,0,1.8,0.12,301.25638,3.5894976e-05,0.0
2020-09-15 00:00:00+00:00,52.3,104.2833333,,,0,0,0,1,0,1.5,0.98,285.20355,9.691433e-06,427.25
2020-09-15 00:00:00+00:00,47.54260867,7.58371693,,,0,0,1,0,0,1.5,0.98,288.76733,0.0,304.73438
2020-09-15 00:00:00+00:00,23.27,5.6,,,0,1,0,0,0,1.5,0.98,299.4766,0.0,2246.375
2020-09-15 00:00:00+00:00,69.1,-105.1166667,,,0,0,0,0,1,1.5,0.98,274.7091,5.4006887e-05,0.0
2020-09-15 00:00:00+00:00,0.38,6.72,,,1,0,0,0,0,1.5,0.98,297.23712,2.6640828e-05,0.0
2020-09-15 00:00:00+00:00,-22.66416667,-48.06,,,1,0,0,0,0,1.5,0.98,300.18375,0.0,490.46875
2020-09-15 00:00:00+00:00,-67.57,-68.13,,,0,0,0,0,1,1.5,0.98,,,11.128906
2020-09-15 00:00:00+00:00,49.67,-93.72,,,0,0,0,1,0,1.5,0.98,279.32764,0.0,427.09375
2020-09-15 00:00:00+00:00,29.7,91.13333333,,,0,0,0,0,1,1.5,0.98,291.02255,0.0,3735.25
2020-09-15 00:00:00+00:00,12.54194444,39.76972222,,,0,1,0,0,0,1.5,0.98,295.8543,3.1422023e-05,1782.5
2020-09-15 00:00:00+00:00,18.9,72.82,,,1,0,0,0,0,1.5,0.98,300.57333,2.4729554e-05,0.0
2020-10-15 00:00:00+00:00,52.3,104.2833333,,,0,0,0,1,0,0.8,-0.65,274.46,5.0632825e-05,427.25
2020-10-15 00:00:00+00:00,47.54260867,7.58371693,,,0,0,1,0,0,0.8,-0.65,286.79373,1.7328746e-05,304.73438
2020-10-15 00:00:00+00:00,23.27,5.6,,,0,1,0,0,0,0.8,-0.65,295.7395,0.0,2246.375
2020-10-15 00:00:00+00:00,69.1,-105.1166667,,,0,0,0,0,1,0.8,-0.65,270.5758,5.1549637e-06,0.0
2020-10-15 00:00:00+00:00,0.38,6.72,,,1,0,0,0,0,0.8,-0.65,298.63068,4.466374e-06,0.0
2020-10-15 00:00:00+00:00,-22.66416667,-48.06,,,1,0,0,0,0,0.8,-0.65,303.5882,1.3024548e-05,490.46875
2020-10-15 00:00:00+00:00,-67.57,-68.13,,,0,0,0,0,1,0.8,-0.65,,,11.128906
2020-10-15 00:00:00+00:00,49.67,-93.72,,,0,0,0,1,0,0.8,-0.65,282.21298,4.811384e-05,427.09375
2020-10-15 00:00:00+00:00,29.7,91.13333333,,,0,0,0,0,1,0.8,-0.65,287.78998,1.6907989e-05,3735.25
2020-10-15 00:00:00+00:00,12.54194444,39.76972222,,,0,1,0,0,0,0.8,-0.65,293.8713,0.0,1782.5
2020-10-15 00:00:00+00:00,18.9,72.82,,,1,0,0,0,0,0.8,-0.65,302.01248,0.0,0.0
2020-11-15 00:00:00+00:00,52.3,104.2833333,,,0,0,0,1,0,1.1,2.54,260.65076,0.0,427.25
2020-11-15 00:00:00+00:00,47.54260867,7.58371693,,,0,0,1,0,0,1.1,2.54,276.53613,0.0,304.73438
2020-11-15 00:00:00+00:00,23.27,5.6,,,0,1,0,0,0,1.1,2.54,287.87497,0.0,2246.375
2020-11-15 00:00:00+00:00,69.1,-105.1166667,,,0,0,0,0,1,1.1,2.54,249.46623,4.511391e-05,0.0
2020-11-15 00:00:00+00:00,0.38,6.72,,,1,0,0,0,0,1.1,2.54,298.18802,8.382768e-05,0.0
2020-11-15 00:00:00+00:00,-22.66416667,-48.06,,,1,0,0,0,0,1.1,2.54,297.25162,0.0,490.46875
2020-11-15 00:00:00+00:00,-67.57,-68.13,,,0,0,0,0,1,1.1,2.54,,,11.128906
2020-11-15 00:00:00+00:00,49.67,-93.72,,,0,0,0,1,0,1.1,2.54,278.39053,0.0,427.09375
2020-11-15 00:00:00+00:00,29.7,91.13333333,,,0,0,0,0,1,1.1,2.54,279.29025,0.0,3735.25
2020-11-15 00:00:00+00:00,12.54194444,39.76972222,,,0,1,0,0,0,1.1,2.54,296.02646,0.0,1782.5
2020-11-15 00:00:00+00:00,18.9,72.82,,,1,0,0,0,0,1.1,2.54,302.03415,0.0,0.0
2020-12-15 00:00:00+00:00,52.3,104.2833333,,,0,0,0,1,0,3.0,-0.3,255.49628,6.8321747e-06,427.25
2020-12-15 00:00:00+00:00,47.54260867,7.58371693,,,0,0,1,0,0,3.0,-0.3,269.09033,1.44462065e-05,304.73438
2020-12-15 00:00:00+00:00,23.27,5.6,,,0,1,0,0,0,3.0,-0.3,285.72153,0.0,2246.375
2020-12-15 00:00:00+00:00,69.1,-105.1166667,,,0,0,0,0,1,3.0,-0.3,253.03372,0.0,0.0
2020-12-15 00:00:00+00:00,0.38,6.72,,,1,0,0,0,0,3.0,-0.3,299.21478,8.981554e-05,0.0
2020-12-15 00:00:00+00:00,-22.66416667,-48.06,,,1,0,0,0,0,3.0,-0.3,300.07196,0.0,490.46875
2020-12-15 00:00:00+00:00,-67.57,-68.13,,,0,0,0,0,1,3.0,-0.3,,,11.128906
2020-12-15 00:00:00+00:00,49.67,-93.72,,,0,0,0,1,0,3.0,-0.3,263.58148,1.346024e-05,427.09375
2020-12-15 00:00:00+00:00,29.7,91.13333333,,,0,0,0,0,1,3.0,-0.3,280.4539,5.99506e-06,3735.25
2020-12-15 00:00:00+00:00,12.54194444,39.76972222,,,0,1,0,0,0,3.0,-0.3,289.21896,0.0,1782.5
2020-12-15 00:00:00+00:00,18.9,72.82,,,1,0,0,0,0,3.0,-0.3,299.71408,0.0,0.0
2021-01-15 00:00:00+00:00,52.3,104.2833333,,,0,0,0,1,0,3.2,-1.11,247.01918,0.0,427.25
2021-01-15 00:00:00+00:00,47.54260867,7.58371693,,,0,0,1,0,0,3.2,-1.11,269.04495,0.0,304.73438
2021-01-15 00:00:00+00:00,23.27,5.6,,,0,1,0,0,0,3.2,-1.11,286.5181,0.0,2246.375
2021-01-15 00:00:00+00:00,69.1,-105.1166667,,,0,0,0,0,1,3.2,-1.11,252.78275,0.0,0.0
2021-01-15 00:00:00+00:00,0.38,6.72,,,1,0,0,0,0,3.2,-1.11,298.6945,0.00011760289,0.0
2021-01-15 00:00:00+00:00,-22.66416667,-48.06,,,1,0,0,0,0,3.2,-1.11,296.4487,5.950102e-05,490.46875
2021-01-15 00:00:00+00:00,-67.57,-68.13,,,0,0,0,0,1,3.2,-1.11,,,11.128906
2021-01-15 00:00:00+00:00,49.67,-93.72,,,0,0,0,1,0,3.2,-1.11,264.6628,2.0509657e-05,427.09375
2021-01-15 00:00:00+00:00,29.7,91.13333333,,,0,0,0,0,1,3.2,-1.11,273.55215,2.0589055e-06,3735.25
2021-01-15 00:00:00+00:00,12.54194444,39.76972222,,,0,1,0,0,0,3.2,-1.11,293.81967,0.0,1782.5
2021-01-15 00:00:00+00:00,18.9,72.82,,,1,0,0,0,0,3.2,-1.11,298.1869,0.0,0.0
2021-02-15 00:00:00+00:00,52.3,104.2833333,,,0,0,0,1,0,2.5,0.14,259.24448,0.0,427.25
2021-02-15 00:00:00+00:00,47.54260867,7.58371693,,,0,0,1,0,0,2.5,0.14,281.80066,0.0,304.73438
2021-02-15 00:00:00+00:00,23.27,5.6,,,0,1,0,0,0,2.5,0.14,285.14148,0.0,2246.375
2021-02-15 00:00:00+00:00,69.1,-105.1166667,,,0,0,0,0,1,2.5,0.14,239.88393,0.0,0.0
2021-02-15 00:00:00+00:00,0.38,6.72,,,1,0,0,0,0,2.5,0.14,299.10995,0.00013955931,0.0
2021-02-15 00:00:00+00:00,-22.66416667,-48.06,,,1,0,0,0,0,2.5,0.14,301.33813,4.153352e-05,490.46875
2021-02-15 00:00:00+00:00,-67.57,-68.13,,,0,0,0,0,1,2.5,0.14,,,11.128906
2021-02-15 00:00:00+00:00,49.67,-93.72,,,0,0,0,1,0,2.5,0.14,249.42094,0.0,427.09375
2021-02-15 00:00:00+00:00,29.7,91.13333333,,,0,0,0,0,1,2.5,0.14,278.8895,0.0,3735.25
2021-02-15 00:00:00+00:00,12.54194444,39.76972222,,,0,1,0,0,0,2.5,0.14,292.89987,0.0,1782.5
2021-02-15 00:00:00+00:00,18.9,72.82,,,1,0,0,0,0,2.5,0.14,302.47055,0.0,0.0
2021-03-15 00:00:00+00:00,52.3,104.2833333,,,0,0,0,1,0,0.6,0.73,270.38544,7.054163e-06,427.25
2021-03-15 00:00:00+00:00,47.54260867,7.58371693,,,0,0,1,0,0,0.6,0.73,281.88837,0.0,304.73438
2021-03-15 00:00:00+00:00,23.27,5.6,,,0,1,0,0,0,0.6,0.73,287.93057,0.0,2246.375
2021-03-15 00:00:00+00:00,69.1,-105.1166667,,,0,0,0,0,1,0.6,0.73,252.8866,1.539672e-05,0.0
2021-03-15 00:00:00+00:00,0.38,6.72,,,1,0,0,0,0,0.6,0.73,300.16754,3.4355427e-05,0.0
2021-03-15 00:00:00+00:00,-22.66416667,-48.06,,,1,0,0,0,0,0.6,0.73,300.7932,2.2286715e-05,490.46875
2021-03-15 00:00:00+00:00,-67.57,-68.13,,,0,0,0,0,1,0.6,0.73,,,11.128906
2021-03-15 00:00:00+00:00,49.67,-93.72,,,0,0,0,1,0,0.6,0.73,272.47308,0.0,427.09375
2021-03-15 00:00:00+00:00,29.7,91.13333333,,,0,0,0,0,1,0.6,0.73,279.37222,0.0,3735.25
2021-03-15 00:00:00+00:00,12.54194444,39.76972222,,,0,1,0,0,0,0.6,0.73,295.25687,0.0,1782.5
2021-03-15 00:00:00+00:00,18.9,72.82,,,1,0,0,0,0,0.6,0.73,302.75336,0.0,0.0
2021-04-15 00:00:00+00:00,52.3,104.2833333,,,0,0,0,1,0,0.6,-1.43,275.4166,3.7496015e-05,427.25
2021-04-15 00:00:00+00:00,47.54260867,7.58371693,,,0,0,1,0,0,0.6,-1.43,285.19257,0.0,304.73438
2021-04-15 00:00:00+00:00,23.27,5.6,,,0,1,0,0,0,0.6,-1.43,293.8362,1.7484163e-05,2246.375
2021-04-15 00:00:00+00:00,69.1,-105.1166667,,,0,0,0,0,1,0.6,-1.43,252.39766,0.0,0.0
2021-04-15 00:00:00+00:00,0.38,6.72,,,1,0,0,0,0,0.6,-1.43,299.44763,7.88032e-05,0.0
2021-04-15 00:00:00+00:00,-22.66416667,-48.06,,,1,0,0,0,0,0.6,-1.43,299.98044,0.0,490.46875
2021-04-15 00:00:00+00:00,-67.57,-68.13,,,0,0,0,0,1,0.6,-1.43,,,11.128906
2021-04-15 00:00:00+00:00,49.67,-93.72,,,0,0,0,1,0,0.6,-1.43,275.1266,0.0,427.09375
2021-04-15 00:00:00+00:00,29.7,91.13333333,,,0,0,0,0,1,0.6,-1.43,286.6551,0.0,3735.25
2021-04-15 00:00:00+00:00,12.54194444,39.76972222,,,0,1,0,0,0,0.6,-1.43,297.43033,0.0,1782.5
2021-04-15 00:00:00+00:00,18.9,72.82,,,1,0,0,0,0,0.6,-1.43,301.77258,0.0,0.0
2021-05-15 00:00:00+00:00,52.3,104.2833333,,,0,0,0,1,0,0.8,-1.24,282.07892,0.0,427.25
2021-05-15 00:00:00+00:00,47.54260867,7.58371693,,,0,0,1,0,0,0.8,-1.24,282.34583,2.2968807e-05,304.73438
2021-05-15 00:00:00+00:00,23.27,5.6,,,0,1,0,0,0,0.8,-1.24,297.72513,0.0,2246.375
2021-05-15 00:00:00+00:00,69.1,-105.1166667,,,0,0,0,0,1,0.8,-1.24,262.08704,0.0,0.0
2021-05-15 00:00:00+00:00,0.38,6.72,,,1,0,0,0,0,0.8,-1.24,296.5185,0.0006486873,0.0
2021-05-15 00:00:00+00:00,-22.66416667,-48.06,,,1,0,0,0,0,0.8,-1.24,296.08902,0.0,490.46875
2021-05-15 00:00:00+00:00,-67.57,-68.13,,,0,0,0,0,1,0.8,-1.24,,,11.128906
2021-05-15 00:00:00+00:00,49.67,-93.72,,,0,0,0,1,0,0.8,-1.24,278.47394,0.0,427.09375
2021-05-15 00:00:00+00:00,29.7,91.13333333,,,0,0,0,0,1,0.8,-1.24,285.85544,8.306444e-06,3735.25
2021-05-15 00:00:00+00:00,12.54194444,39.76972222,,,0,1,0,0,0,0.8,-1.24,295.47375,1.7184719e-05,1782.5
2021-05-15 00:00:00+00:00,18.9,72.82,,,1,0,0,0,0,0.8,-1.24,303.08505,6.5573745e-06,0.0
2021-06-15 00:00:00+00:00,52.3,104.2833333,,,0,0,0,1,0,0.7,0.77,297.33356,0.0,427.25
2021-06-15 00:00:00+00:00,47.54260867,7.58371693,,,0,0,1,0,0,0.7,0.77,290.4687,5.0677056e-05,304.73438
2021-06-15 00:00:00+00:00,23.27,5.6,,,0,1,0,0,0,0.7,0.77,299.88556,0.0,2246.375
2021-06-15 00:00:00+00:00,69.1,-105.1166667,,,0,0,0,0,1,0.7,0.77,276.92172,0.0,0.0
2021-06-15 00:00:00+00:00,0.38,6.72,,,1,0,0,0,0,0.7,0.77,296.68164,0.0,0.0
2021-06-15 00:00:00+00:00,-22.66416667,-48.06,,,1,0,0,0,0,0.7,0.77,292.16245,4.0290328e-05,490.46875
2021-06-15 00:00:00+00:00,-67.57,-68.13,,,0,0,0,0,1,0.7,0.77,,,11.128906
2021-06-15 00:00:00+00:00,49.67,-93.72,,,0,0,0,1,0,0.7,0.77,293.20523,0.0,427.09375
2021-06-15 00:00:00+00:00,29.7,91.13333333,,,0,0,0,0,1,0.7,0.77,290.19095,4.4540822e-05,3735.25
2021-06-15 00:00:00+00:00,12.54194444,39.76972222,,,0,1,0,0,0,0.7,0.77,295.97012,5.4453008e-06,1782.5
2021-06-15 00:00:00+00:00,18.9,72.82,,,1,0,0,0,0,0.7,0.77,302.71002,1.6632544e-05,0.0
2021-07-15 00:00:00+00:00,52.3,104.2833333,,,0,0,0,1,0,2.3,0.03,285.27414,0.00022359312,427.25
2021-07-15 00:00:00+00:00,47.54260867,7.58371693,,,0,0,1,0,0,2.3,0.03,297.33105,0.0,304.73438
2021-07-15 00:00:00+00:00,23.27,5.6,,,0,1,0,0,0,2.3,0.03,299.9352,0.0,2246.375
2021-07-15 00:00:00+00:00,69.1,-105.1166667,,,0,0,0,0,1,2.3,0.03,282.28705,7.440416e-05,0.0
2021-07-15 00:00:00+00:00,0.38,6.72,,,1,0,0,0,0,2.3,0.03,296.66232,0.0,0.0
2021-07-15 00:00:00+00:00,-22.66416667,-48.06,,,1,0,0,0,0,2.3,0.03,291.50497,0.00014147727,490.46875
2021-07-15 00:00:00+00:00,-67.57,-68.13,,,0,0,0,0,1,2.3,0.03,,,11.128906
2021-07-15 00:00:00+00:00,49.67,-93.72,,,0,0,0,1,0,2.3,0.03,293.90656,5.9454684e-05,427.09375
2021-07-15 00:00:00+00:00,29.7,91.13333333,,,0,0,0,0,1,2.3,0.03,294.29068,6.935996e-05,3735.25
2021-07-15 00:00:00+00:00,12.54194444,39.76972222,,,0,1,0,0,0,2.3,0.03,293.84332,0.0,1782.5
2021-07-15 00:00:00+00:00,18.9,72.82,,,1,0,0,0,0,2.3,0.03,301.18338,0.00016441103,0.0
2021-08-15 00:00:00+00:00,52.3,104.2833333,,,0,0,0,1,0,1.0,-0.28,288.30374,0.00013296441,427.25
2021-08-15 00:00:00+00:00,47.54260867,7.58371693,,,0,0,1,0,0,1.0,-0.28,291.08572,3.4550863e-05,304.73438
2021-08-15 00:00:00+00:00,23.27,5.6,,,0,1,0,0,0,1.0,-0.28,300.21765,0.0,2246.375
2021-08-15 00:00:00+00:00,69.1,-105.1166667,,,0,0,0,0,1,1.0,-0.28,278.2708,0.0,0.0
2021-08-15 00:00:00+00:00,0.38,6.72,,,1,0,0,0,0,1.0,-0.28,296.2656,7.1130485e-06,0.0
2021-08-15 00:00:00+00:00,-22.66416667,-48.06,,,1,0,0,0,0,1.0,-0.28,294.3444,0.0,490.46875
2021-08-15 00:00:00+00:00,-67.57,-68.13,,,0,0,0,0,1,1.0,-0.28,,,11.128906
2021-08-15 00:00:00+00:00,49.67,-93.72,,,0,0,0,1,0,1.0,-0.28,285.79807,0.0,427.09375
2021-08-15 00:00:00+00:00,29.7,91.13333333,,,0,0,0,0,1,1.0,-0.28,291.5338,0.0,3735.25
2021-08-15 00:00:00+00:00,12.54194444,39.76972222,,,0,1,0,0,0,1.0,-0.28,293.75577,0.0,1782.5
2021-08-15 00:00:00+00:00,18.9,72.82,,,1,0,0,0,0,1.0,-0.28,300.30875,6.304605e-05,0.0
2021-09-15 00:00:00+00:00,52.3,104.2833333,,,0,0,0,1,0,1.3,-0.21,287.9504,9.681962e-06,427.25
2021-09-15 00:00:00+00:00,47.54260867,7.58371693,,,0,0,1,0,0,1.3,-0.21,282.6613,0.0,304.73438
2021-09-15 00:00:00+00:00,23.27,5.6,,,0,1,0,0,0,1.3,-0.21,295.71594,0.0,2246.375
2021-09-15 00:00:00+00:00,69.1,-105.1166667,,,0,0,0,0,1,1.3,-0.21,278.03738,0.0,0.0
2021-09-15 00:00:00+00:00,0.38,6.72,,,1,0,0,0,0,1.3,-0.21,297.11945,5.6974673e-06,0.0
2021-09-15 00:00:00+00:00,-22.66416667,-48.06,,,1,0,0,0,0,1.3,-0.21,297.67365,0.0,490.46875
2021-09-15 00:00:00+00:00,-67.57,-68.13,,,0,0,0,0,1,1.3,-0.21,,,11.128906
2021-09-15 00:00:00+00:00,49.67,-93.72,,,0,0,0,1,0,1.3,-0.21,283.65854,0.00018584309,427.09375
2021-09-15 00:00:00+00:00,29.7,91.13333333,,,0,0,0,0,1,1.3,-0.21,289.30502,5.7562836e-05,3735.25
2021-09-15 00:00:00+00:00,12.54194444,39.76972222,,,0,1,0,0,0,1.3,-0.21,293.6255,0.0,1782.5
2021-09-15 00:00:00+00:00,18.9,72.82,,,1,0,0,0,0,1.3,-0.21,301.34534,6.5412464e-06,0.0
2021-10-15 00:00:00+00:00,52.3,104.2833333,,,0,0,0,1,0,1.2,-2.29,267.49774,0.0,427.25
2021-10-15 00:00:00+00:00,47.54260867,7.58371693,,,0,0,1,0,0,1.2,-2.29,283.8465,8.521523e-05,304.73438
2021-10-15 00:00:00+00:00,23.27,5.6,,,0,1,0,0,0,1.2,-2.29,292.63663,0.0,2246.375
2021-10-15 00:00:00+00:00,69.1,-105.1166667,,,0,0,0,0,1,1.2,-2.29,261.61035,0.0,0.0
2021-10-15 00:00:00+00:00,0.38,6.72,,,1,0,0,0,0,1.2,-2.29,296.7021,0.00017037913,0.0
2021-10-15 00:00:00+00:00,-22.66416667,-48.06,,,1,0,0,0,0,1.2,-2.29,296.50876,0.0,490.46875
2021-10-15 00:00:00+00:00,-67.57,-68.13,,,0,0,0,0,1,1.2,-2.29,,,11.128906
2021-10-15 00:00:00+00:00,49.67,-93.72,,,0,0,0,1,0,1.2,-2.29,278.3489,0.0,427.09375
2021-10-15 00:00:00+00:00,29.7,91.13333333,,,0,0,0,0,1,1.2,-2.29,282.13568,4.1016974e-06,3735.25
2021-10-15 00:00:00+00:00,12.54194444,39.76972222,,,0,1,0,0,0,1.2,-2.29,293.90222,0.0,1782.5
2021-10-15 00:00:00+00:00,18.9,72.82,,,1,0,0,0,0,1.2,-2.29,301.9088,2.8743061e-06,0.0
2021-11-15 00:00:00+00:00,52.3,104.2833333,,,0,0,0,1,0,1.6,-0.18,271.5671,0.0,427.25
2021-11-15 00:00:00+00:00,47.54260867,7.58371693,,,0,0,1,0,0,1.6,-0.18,270.63705,0.0,304.73438
2021-11-15 00:00:00+00:00,23.27,5.6,,,0,1,0,0,0,1.6,-0.18,287.9534,0.0,2246.375
2021-11-15 00:00:00+00:00,69.1,-105.1166667,,,0,0,0,0,1,1.6,-0.18,259.69156,1.7262937e-05,0.0
2021-11-15 00:00:00+00:00,0.38,6.72,,,1,0,0,0,0,1.6,-0.18,297.57367,0.00014061466,0.0
2021-11-15 00:00:00+00:00,-22.66416667,-48.06,,,1,0,0,0,0,1.6,-0.18,296.61526,3.5787616e-05,490.46875
2021-11-15 00:00:00+00:00,-67.57,-68.13,,,0,0,0,0,1,1.6,-0.18,,,11.128906
2021-11-15 00:00:00+00:00,49.67,-93.72,,,0,0,0,1,0,1.6,-0.18,271.0038,0.0,427.09375
2021-11-15 00:00:00+00:00,29.7,91.13333333,,,0,0,0,0,1,1.6,-0.18,279.28174,0.0,3735.25
2021-11-15 00:00:00+00:00,12.54194444,39.76972222,,,0,1,0,0,0,1.6,-0.18,292.0214,0.0,1782.5
2021-11-15 00:00:00+00:00,18.9,72.82,,,1,0,0,0,0,1.6,-0.18,300.72522,0.0,0.0
2021-12-15 00:00:00+00:00,52.3,104.2833333,,,0,0,0,1,0,2.5,0.29,271.18082,4.5360313e-05,427.25
2021-12-15 00:00:00+00:00,47.54260867,7.58371693,,,0,0,1,0,0,2.5,0.29,273.11737,3.626715e-05,304.73438
2021-12-15 00:00:00+00:00,23.27,5.6,,,0,1,0,0,0,2.5,0.29,285.15817,0.0,2246.375
2021-12-15 00:00:00+00:00,69.1,-105.1166667,,,0,0,0,0,1,2.5,0.29,234.90773,0.0,0.0
2021-12-15 00:00:00+00:00,0.38,6.72,,,1,0,0,0,0,2.5,0.29,298.07166,0.000115357325,0.0
2021-12-15 00:00:00+00:00,-22.66416667,-48.06,,,1,0,0,0,0,2.5,0.29,297.58405,0.00018350063,490.46875
2021-12-15 00:00:00+00:00,-67.57,-68.13,,,0,0,0,0,1,2.5,0.29,,,11.128906
2021-12-15 00:00:00+00:00,49.67,-93.72,,,0,0,0,1,0,2.5,0.29,266.01318,0.0,427.09375
2021-12-15 00:00:00+00:00,29.7,91.13333333,,,0,0,0,0,1,2.5,0.29,278.6172,0.0,3735.25
2021-12-15 00:00:00+00:00,12.54194444,39.76972222,,,0,1,0,0,0,2.5,0.29,291.4875,0.0,1782.5
2021-12-15 00:00:00+00:00,18.9,72.82,,,1,0,0,0,0,2.5,0.29,299.4022,1.7915487e-05,0.0
2022-01-15 00:00:00+00:00,52.3,104.2833333,,,0,0,0,1,0,0.8,1.08,253.13339,0.0,427.25
2022-01-15 00:00:00+00:00,47.54260867,7.58371693,,,0,0,1,0,0,0.8,1.08,277.58826,0.0,304.73438
2022-01-15 00:00:00+00:00,23.27,5.6,,,0,1,0,0,0,0.8,1.08,281.75464,0.0,2246.375
2022-01-15 00:00:00+00:00,69.1,-105.1166667,,,0,0,0,0,1,0.8,1.08,237.53105,0.0,0.0
2022-01-15 00:00:00+00:00,0.38,6.72,,,1,0,0,0,0,0.8,1.08,296.97305,0.00018969472,0.0
2022-01-15 00:00:00+00:00,-22.66416667,-48.06,,,1,0,0,0,0,0.8,1.08,299.54504,4.885768e-05,490.46875
2022-01-15 00:00:00+00:00,-67.57,-68.13,,,0,0,0,0,1,0.8,1.08,,,11.128906
2022-01-15 00:00:00+00:00,49.67,-93.72,,,0,0,0,1,0,0.8,1.08,246.71556,0.0,427.09375
2022-01-15 00:00:00+00:00,29.7,91.13333333,,,0,0,0,0,1,0.8,1.08,276.86963,0.0,3735.25
2022-01-15 00:00:00+00:00,12.54194444,39.76972222,,,0,1,0,0,0,0.8,1.08,291.46585,0.0,1782.5
2022-01-15 00:00:00+00:00,18.9,72.82,,,1,0,0,0,0,0.8,1.08,298.0835,0.0,0.0
2022-02-15 00:00:00+00:00,52.3,104.2833333,,,0,0,0,1,0,1.8,1.68,263.31494,6.008186e-06,427.25
2022-02-15 00:00:00+00:00,47.54260867,7.58371693,,,0,0,1,0,0,1.8,1.68,276.736,0.00013754857,304.73438
2022-02-15 00:00:00+00:00,23.27,5.6,,,0,1,0,0,0,1.8,1.68,283.01385,0.0,2246.375
2022-02-15 00:00:00+00:00,69.1,-105.1166667,,,0,0,0,0,1,1.8,1.68,244.73302,0.0,0.0
2022-02-15 00:00:00+00:00,0.38,6.72,,,1,0,0,0,0,1.8,1.68,299.74307,5.3836167e-05,0.0
2022-02-15 00:00:00+00:00,-22.66416667,-48.06,,,1,0,0,0,0,1.8,1.68,296.8923,0.00012704865,490.46875
2022-02-15 00:00:00+00:00,-67.57,-68.13,,,0,0,0,0,1,1.8,1.68,,,11.128906
2022-02-15 00:00:00+00:00,49.67,-93.72,,,0,0,0,1,0,1.8,1.68,255.47713,0.0,427.09375
2022-02-15 00:00:00+00:00,29.7,91.13333333,,,0,0,0,0,1,1.8,1.68,277.75443,0.0,3735.25
2022-02-15 00:00:00+00:00,12.54194444,39.76972222,,,0,1,0,0,0,1.8,1.68,292.48975,0.0,1782.5
2022-02-15 00:00:00+00:00,18.9,72.82,,,1,0,0,0,0,1.8,1.68,298.6096,0.0,0.0
2022-03-15 00:00:00+00:00,52.3,104.2833333,,,0,0,0,1,0,2.9,0.77,266.9657,0.0,427.25
2022-03-15 00:00:00+00:00,47.54260867,7.58371693,,,0,0,1,0,0,2.9,0.77,280.06464,0.0,304.73438
2022-03-15 00:00:00+00:00,23.27,5.6,,,0,1,0,0,0,2.9,0.77,289.14,0.0,2246.375
2022-03-15 00:00:00+00:00,69.1,-105.1166667,,,0,0,0,0,1,2.9,0.77,237.8892,0.0,0.0
2022-03-15 00:00:00+00:00,0.38,6.72,,,1,0,0,0,0,2.9,0.77,299.53058,7.517227e-05,0.0
2022-03-15 00:00:00+00:00,-22.66416667,-48.06,,,1,0,0,0,0,2.9,0.77,297.1523,0.00028854466,490.46875
2022-03-15 00:00:00+00:00,-67.57,-68.13,,,0,0,0,0,1,2.9,0.77,,,11.128906
2022-03-15 00:00:00+00:00,49.67,-93.72,,,0,0,0,1,0,2.9,0.77,258.37302,0.0,427.09375
2022-03-15 00:00:00+00:00,29.7,91.13333333,,,0,0,0,0,1,2.9,0.77,285.60797,0.0,3735.25
2022-03-15 00:00:00+00:00,12.54194444,39.76972222,,,0,1,0,0,0,2.9,0.77,293.55624,0.0,1782.5
2022-03-15 00:00:00+00:00,18.9,72.82,,,1,0,0,0,0,2.9,0.77,301.89886,0.0,0.0
2022-04-15 00:00:00+00:00,52.3,104.2833333,,,0,0,0,1,0,2.8,-0.36,279.45346,0.0,427.25
2022-04-15 00:00:00+00:00,47.54260867,7.58371693,,,0,0,1,0,0,2.8,-0.36,283.12457,3.0933268e-05,304.73438
2022-04-15 00:00:00+00:00,23.27,5.6,,,0,1,0,0,0,2.8,-0.36,291.61972,0.0,2246.375
2022-04-15 00:00:00+00:00,69.1,-105.1166667,,,0,0,0,0,1,2.8,-0.36,246.22844,0.0,0.0
2022-04-15 00:00:00+00:00,0.38,6.72,,,1,0,0,0,0,2.8,-0.36,299.36133,8.7329805e-05,0.0
2022-04-15 00:00:00+00:00,-22.66416667,-48.06,,,1,0,0,0,0,2.8,-0.36,296.5531,9.5656005e-06,490.46875
2022-04-15 00:00:00+00:00,-67.57,-68.13,,,0,0,0,0,1,2.8,-0.36,,,11.128906
2022-04-15 00:00:00+00:00,49.67,-93.72,,,0,0,0,1,0,2.8,-0.36,276.50507,0.00022639098,427.09375
2022-04-15 00:00:00+00:00,29.7,91.13333333,,,0,0,0,0,1,2.8,-0.36,283.04565,0.0,3735.25
2022-04-15 00:00:00+00:00,12.54194444,39.76972222,,,0,1,0,0,0,2.8,-0.36,295.5117,0.0,1782.5
2022-04-15 00:00:00+00:00,18.9,72.82,,,1,0,0,0,0,2.8,-0.36,304.445,0.0,0.0
2022-05-15 00:00:00+00:00,52.3,104.2833333,,,0,0,0,1,0,2.4,0.71,280.3033,0.0,427.25
2022-05-15 00:00:00+00:00,47.54260867,7.58371693,,,0,0,1,0,0,2.4,0.71,284.26447,4.156706e-05,304.73438
2022-05-15 00:00:00+00:00,23.27,5.6,,,0,1,0,0,0,2.4,0.71,299.76205,0.0,2246.375
2022-05-15 00:00:00+00:00,69.1,-105.1166667,,,0,0,0,0,1,2.4,0.71,272.2049,8.970732e-06,0.0
2022-05-15 00:00:00+00:00,0.38,6.72,,,1,0,0,0,0,2.4,0.71,301.10278,0.0,0.0
2022-05-15 00:00:00+00:00,-22.66416667,-48.06,,,1,0,0,0,0,2.4,0.71,292.76797,1.5064919e-05,490.46875
2022-05-15 00:00:00+00:00,-67.57,-68.13,,,0,0,0,0,1,2.4,0.71,,,11.128906
2022-05-15 00:00:00+00:00,49.67,-93.72,,,0,0,0,1,0,2.4,0.71,285.93845,0.0,427.09375
2022-05-15 00:00:00+00:00,29.7,91.13333333,,,0,0,0,0,1,2.4,0.71,290.0537,0.0,3735.25
2022-05-15 00:00:00+00:00,12.54194444,39.76972222,,,0,1,0,0,0,2.4,0.71,290.95264,0.00012768853,1782.5
2022-05-15 00:00:00+00:00,18.9,72.82,,,1,0,0,0,0,2.4,0.71,304.20416,0.0,0.0
2022-06-15 00:00:00+00:00,52.3,104.2833333,,,0,0,0,1,0,2.8,-0.12,290.01636,5.427896e-05,427.25
2022-06-15 00:00:00+00:00,47.54260867,7.58371693,,,0,0,1,0,0,2.8,-0.12,290.85486,0.0,304.73438
2022-06-15 00:00:00+00:00,23.27,5.6,,,0,1,0,0,0,2.8,-0.12,301.45087,0.0,2246.375
2022-06-15 00:00:00+00:00,69.1,-105.1166667,,,0,0,0,0,1,2.8,-0.12,273.22482,0.0,0.0
2022-06-15 00:00:00+00:00,0.38,6.72,,,1,0,0,0,0,2.8,-0.12,298.71558,0.0,0.0
2022-06-15 00:00:00+00:00,-22.66416667,-48.06,,,1,0,0,0,0,2.8,-0.12,295.96335,0.0,490.46875
2022-06-15 00:00:00+00:00,-67.57,-68.13,,,0,0,0,0,1,2.8,-0.12,,,11.128906
2022-06-15 00:00:00+00:00,49.67,-93.72,,,0,0,0,1,0,2.8,-0.12,288.78717,0.0,427.09375
2022-06-15 00:00:00+00:00,29.7,91.13333333,,,0,0,0,0,1,2.8,-0.12,295.24835,5.077913e-05,3735.25
2022-06-15 00:00:00+00:00,12.54194444,39.76972222,,,0,1,0,0,0,2.8,-0.12,294.53104,5.067187e-06,1782.5
2022-06-15 00:00:00+00:00,18.9,72.82,,,1,0,0,0,0,2.8,-0.12,301.20798,0.00017978686,0.0
2022-07-15 00:00:00+00:00,52.3,104.2833333,,,0,0,0,1,0,1.3,-0.09,296.2566,2.2971011e-05,427.25
2022-07-15 00:00:00+00:00,47.54260867,7.58371693,,,0,0,1,0,0,1.3,-0.09,293.90854,0.0,304.73438
2022-07-15 00:00:00+00:00,23.27,5.6,,,0,1,0,0,0,1.3,-0.09,301.77756,0.0,2246.375
2022-07-15 00:00:00+00:00,69.1,-105.1166667,,,0,0,0,0,1,1.3,-0.09,284.6678,0.0,0.0
2022-07-15 00:00:00+00:00,0.38,6.72,,,1,0,0,0,0,1.3,-0.09,296.09174,2.5446836e-06,0.0
2022-07-15 00:00:00+00:00,-22.66416667,-48.06,,,1,0,0,0,0,1.3,-0.09,290.29218,1.1063703e-05,490.46875
2022-07-15 00:00:00+00:00,-67.57,-68.13,,,0,0,0,0,1,1.3,-0.09,,,11.128906
2022-07-15 00:00:00+00:00,49.67,-93.72,,,0,0,0,1,0,1.3,-0.09,291.59955,1.1390233e-05,427.09375
2022-07-15 00:00:00+00:00,29.7,91.13333333,,,0,0,0,0,1,1.3,-0.09,292.17667,8.114493e-05,3735.25
2022-07-15 00:00:00+00:00,12.54194444,39.76972222,,,0,1,0,0,0,1.3,-0.09,297.90756,0.0,1782.5
2022-07-15 00:00:00+00:00,18.9,72.82,,,1,0,0,0,0,1.3,-0.09,301.08267,0.00023537464,0.0
2022-08-15 00:00:00+00:00,52.3,104.2833333,,,0,0,0,1,0,1.7,1.47,289.55823,0.00036558002,427.25
2022-08-15 00:00:00+00:00,47.54260867,7.58371693,,,0,0,1,0,0,1.7,1.47,294.43027,0.0,304.73438
2022-08-15 00:00:00+00:00,23.27,5.6,,,0,1,0,0,0,1.7,1.47,300.42377,0.0,2246.375
2022-08-15 00:00:00+00:00,69.1,-105.1166667,,,0,0,0,0,1,1.7,1.47,276.99432,5.2248328e-05,0.0
2022-08-15 00:00:00+00:00,0.38,6.72,,,1,0,0,0,0,1.7,1.47,296.6756,1.0982631e-05,0.0
2022-08-15 00:00:00+00:00,-22.66416667,-48.06,,,1,0,0,0,0,1.7,1.47,291.87024,0.0,490.46875
2022-08-15 00:00:00+00:00,-67.57,-68.13,,,0,0,0,0,1,1.7,1.47,,,11.128906
2022-08-15 00:00:00+00:00,49.67,-93.72,,,0,0,0,1,0,1.7,1.47,294.94437,2.4997978e-05,427.09375
2022-08-15 00:00:00+00:00,29.7,91.13333333,,,0,0,0,0,1,1.7,1.47,290.9842,0.0,3735.25
2022-08-15 00:00:00+00:00,12.54194444,39.76972222,,,0,1,0,0,0,1.7,1.47,294.9632,0.0,1782.5
2022-08-15 00:00:00+00:00,18.9,72.82,,,1,0,0,0,0,1.7,1.47,300.12274,0.00012411193,0.0
2022-09-15 00:00:00+00:00,52.3,104.2833333,,,0,0,0,1,0,2.7,-1.61,279.7487,2.1468295e-05,427.25
2022-09-15 00:00:00+00:00,47.54260867,7.58371693,,,0,0,1,0,0,2.7,-1.61,284.44376,0.0,304.73438
2022-09-15 00:00:00+00:00,23.27,5.6,,,0,1,0,0,0,2.7,-1.61,298.89395,0.0,2246.375
2022-09-15 00:00:00+00:00,69.1,-105.1166667,,,0,0,0,0,1,2.7,-1.61,275.28076,0.0,0.0
2022-09-15 00:00:00+00:00,0.38,6.72,,,1,0,0,0,0,2.7,-1.61,297.52637,4.9305237e-07,0.0
2022-09-15 00:00:00+00:00,-22.66416667,-48.06,,,1,0,0,0,0,2.7,-1.61,293.94418,7.195451e-05,490.46875
2022-09-15 00:00:00+00:00,-67.57,-68.13,,,0,0,0,0,1,2.7,-1.61,,,11.128906
2022-09-15 00:00:00+00:00,49.67,-93.72,,,0,0,0,1,0,2.7,-1.61,280.09518,1.2702479e-05,427.09375
2022-09-15 00:00:00+00:00,29.7,91.13333333,,,0,0,0,0,1,2.7,-1.61,291.86322,0.0,3735.25
2022-09-15 00:00:00+00:00,12.54194444,39.76972222,,,0,1,0,0,0,2.7,-1.61,296.1949,0.0,1782.5
2022-09-15 00:00:00+00:00,18.9,72.82,,,1,0,0,0,0,2.7,-1.61,300.08936,9.635677e-05,0.0
2022-10-15 00:00:00+00:00,52.3,104.2833333,,,0,0,0,1,0,2.8,-0.72,277.36288,1.1354089e-05,427.25
2022-10-15 00:00:00+00:00,47.54260867,7.58371693,,,0,0,1,0,0,2.8,-0.72,279.84375,0.0,304.73438
2022-10-15 00:00:00+00:00,23.27,5.6,,,0,1,0,0,0,2.8,-0.72,295.71637,0.0,2246.375
2022-10-15 00:00:00+00:00,69.1,-105.1166667,,,0,0,0,0,1,2.8,-0.72,261.28918,0.0,0.0
2022-10-15 00:00:00+00:00,0.38,6.72,,,1,0,0,0,0,2.8,-0.72,298.3262,3.6007317e-05,0.0
2022-10-15 00:00:00+00:00,-22.66416667,-48.06,,,1,0,0,0,0,2.8,-0.72,294.69394,4.1699536e-06,490.46875
2022-10-15 00:00:00+00:00,-67.57,-68.13,,,0,0,0,0,1,2.8,-0.72,,,11.128906
2022-10-15 00:00:00+00:00,49.67,-93.72,,,0,0,0,1,0,2.8,-0.72,277.94043,2.243469e-05,427.09375
2022-10-15 00:00:00+00:00,29.7,91.13333333,,,0,0,0,0,1,2.8,-0.72,284.65176,0.0,3735.25
2022-10-15 00:00:00+00:00,12.54194444,39.76972222,,,0,1,0,0,0,2.8,-0.72,293.68637,0.0,1782.5
2022-10-15 00:00:00+00:00,18.9,72.82,,,1,0,0,0,0,2.8,-0.72,302.8694,0.0,0.0
2022-11-15 00:00:00+00:00,52.3,104.2833333,,,0,0,0,1,0,0.5,0.69,273.67062,0.0,427.25
2022-11-15 00:00:00+00:00,47.54260867,7.58371693,,,0,0,1,0,0,0.5,0.69,280.8037,0.0,304.73438
2022-11-15 00:00:00+00:00,23.27,5.6,,,0,1,0,0,0,0.5,0.69,288.2929,2.6903783e-06,2246.375
2022-11-15 00:00:00+00:00,69.1,-105.1166667,,,0,0,0,0,1,0.5,0.69,260.03723,0.0,0.0
2022-11-15 00:00:00+00:00,0.38,6.72,,,1,0,0,0,0,0.5,0.69,298.68533,9.111657e-05,0.0
2022-11-15 00:00:00+00:00,-22.66416667,-48.06,,,1,0,0,0,0,0.5,0.69,297.50452,0.0,490.46875
2022-11-15 00:00:00+00:00,-67.57,-68.13,,,0,0,0,0,1,0.5,0.69,,,11.128906
2022-11-15 00:00:00+00:00,49.67,-93.72,,,0,0,0,1,0,0.5,0.69,273.96582,5.9621467e-05,427.09375
2022-11-15 00:00:00+00:00,29.7,91.13333333,,,0,0,0,0,1,0.5,0.69,278.57996,0.0,3735.25
2022-11-15 00:00:00+00:00,12.54194444,39.76972222,,,0,1,0,0,0,0.5,0.69,293.63397,0.0,1782.5
2022-11-15 00:00:00+00:00,18.9,72.82,,,1,0,0,0,0,0.5,0.69,301.0101,0.0,0.0
2022-12-15 00:00:00+00:00,52.3,104.2833333,,,0,0,0,1,0,3.5,-0.15,262.42322,0.0,427.25
2022-12-15 00:00:00+00:00,47.54260867,7.58371693,,,0,0,1,0,0,3.5,-0.15,272.19708,0.0,304.73438
2022-12-15 00:00:00+00:00,23.27,5.6,,,0,1,0,0,0,3.5,-0.15,283.2025,0.0,2246.375
2022-12-15 00:00:00+00:00,69.1,-105.1166667,,,0,0,0,0,1,3.5,-0.15,243.65573,2.3879618e-05,0.0
2022-12-15 00:00:00+00:00,0.38,6.72,,,1,0,0,0,0,3.5,-0.15,299.1099,7.876956e-05,0.0
2022-12-15 00:00:00+00:00,-22.66416667,-48.06,,,1,0,0,0,0,3.5,-0.15,299.9559,0.0,490.46875
2022-12-15 00:00:00+00:00,-67.57,-68.13,,,0,0,0,0,1,3.5,-0.15,,,11.128906
2022-12-15 00:00:00+00:00,49.67,-93.72,,,0,0,0,1,0,3.5,-0.15,258.55624,0.0,427.09375
2022-12-15 00:00:00+00:00,29.7,91.13333333,,,0,0,0,0,1,3.5,-0.15,272.73093,0.0,3735.25
2022-12-15 00:00:00+00:00,12.54194444,39.76972222,,,0,1,0,0,0,3.5,-0.15,293.95096,0.0,1782.5
2022-12-15 00:00:00+00:00,18.9,72.82,,,1,0,0,0,0,3.5,-0.15,299.72546,0.0,0.0
2023-01-15 00:00:00+00:00,52.3,104.2833333,,,0,0,0,1,0,2.3,1.25,260.49146,0.0,427.25
2023-01-15 00:00:00+00:00,47.54260867,7.58371693,,,0,0,1,0,0,2.3,1.25,275.5617,0.0,304.73438
2023-01-15 00:00:00+00:00,23.27,5.6,,,0,1,0,0,0,2.3,1.25,280.69968,0.0,2246.375
2023-01-15 00:00:00+00:00,69.1,-105.1166667,,,0,0,0,0,1,2.3,1.25,236.4954,0.0,0.0
2023-01-15 00:00:00+00:00,0.38,6.72,,,1,0,0,0,0,2.3,1.25,299.0703,7.108791e-05,0.0
2023-01-15 00:00:00+00:00,-22.66416667,-48.06,,,1,0,0,0,0,2.3,1.25,297.1103,5.750783e-05,490.46875
2023-01-15 00:00:00+00:00,-67.57,-68.13,,,0,0,0,0,1,2.3,1.25,,,11.128906
2023-01-15 00:00:00+00:00,49.67,-93.72,,,0,0,0,1,0,2.3,1.25,268.39832,0.0,427.09375
2023-01-15 00:00:00+00:00,29.7,91.13333333,,,0,0,0,0,1,2.3,1.25,279.41962,0.0,3735.25
2023-01-15 00:00:00+00:00,12.54194444,39.76972222,,,0,1,0,0,0,2.3,1.25,291.85852,0.0,1782.5
2023-01-15 00:00:00+00:00,18.9,72.82,,,1,0,0,0,0,2.3,1.25,299.40335,0.0,0.0
2023-02-15 00:00:00+00:00,52.3,104.2833333,,,0,0,0,1,0,2.3,0.92,250.60532,0.0,427.25
2023-02-15 00:00:00+00:00,47.54260867,7.58371693,,,0,0,1,0,0,2.3,0.92,278.9928,1.922355e-05,304.73438
2023-02-15 00:00:00+00:00,23.27,5.6,,,0,1,0,0,0,2.3,0.92,284.18512,0.0,2246.375
2023-02-15 00:00:00+00:00,69.1,-105.1166667,,,0,0,0,0,1,2.3,0.92,259.47174,1.1789004e-05,0.0
2023-02-15 00:00:00+00:00,0.38,6.72,,,1,0,0,0,0,2.3,0.92,300.3289,4.5129575e-05,0.0
2023-02-15 00:00:00+00:00,-22.66416667,-48.06,,,1,0,0,0,0,2.3,0.92,298.4398,0.00027962806,490.46875
2023-02-15 00:00:00+00:00,-67.57,-68.13,,,0,0,0,0,1,2.3,0.92,,,11.128906
2023-02-15 00:00:00+00:00,49.67,-93.72,,,0,0,0,1,0,2.3,0.92,275.60046,3.3463686e-05,427.09375
2023-02-15 00:00:00+00:00,29.7,91.13333333,,,0,0,0,0,1,2.3,0.92,273.7841,0.0,3735.25
2023-02-15 00:00:00+00:00,12.54194444,39.76972222,,,0,1,0,0,0,2.3,0.92,291.62952,0.0,1782.5
2023-02-15 00:00:00+00:00,18.9,72.82,,,1,0,0,0,0,2.3,0.92,299.33893,0.0,0.0
2023-03-15 00:00:00+00:00,52.3,104.2833333,,,0,0,0,1,0,0.3,-1.11,264.59177,0.0,427.25
2023-03-15 00:00:00+00:00,47.54260867,7.58371693,,,0,0,1,0,0,0.3,-1.11,284.47812,7.486664e-05,304.73438
2023-03-15 00:00:00+00:00,23.27,5.6,,,0,1,0,0,0,0.3,-1.11,288.84937,0.0,2246.375
2023-03-15 00:00:00+00:00,69.1,-105.1166667,,,0,0,0,0,1,0.3,-1.11,250.19136,0.0,0.0
2023-03-15 00:00:00+00:00,0.38,6.72,,,1,0,0,0,0,0.3,-1.11,300.3783,0.00013907123,0.0
2023-03-15 00:00:00+00:00,-22.66416667,-48.06,,,1,0,0,0,0,0.3,-1.11,295.9641,8.478563e-05,490.46875
2023-03-15 00:00:00+00:00,-67.57,-68.13,,,0,0,0,0,1,0.3,-1.11,,,11.128906
2023-03-15 00:00:00+00:00,49.67,-93.72,,,0,0,0,1,0,0.3,-1.11,264.857,0.0,427.09375
2023-03-15 00:00:00+00:00,29.7,91.13333333,,,0,0,0,0,1,0.3,-1.11,280.06708,0.0,3735.25
2023-03-15 00:00:00+00:00,12.54194444,39.76972222,,,0,1,0,0,0,0.3,-1.11,295.95032,0.0,1782.5
2023-03-15 00:00:00+00:00,18.9,72.82,,,1,0,0,0,0,0.3,-1.11,300.03632,0.0,0.0
2023-04-15 00:00:00+00:00,52.3,104.2833333,,,0,0,0,1,0,0.4,-0.63,273.9866,0.0,427.25
2023-04-15 00:00:00+00:00,47.54260867,7.58371693,,,0,0,1,0,0,0.4,-0.63,284.6453,0.0,304.73438
2023-04-15 00:00:00+00:00,23.27,5.6,,,0,1,0,0,0,0.4,-0.63,293.4719,0.0,2246.375
2023-04-15 00:00:00+00:00,69.1,-105.1166667,,,0,0,0,0,1,0.4,-0.63,252.2262,0.0,0.0
2023-04-15 00:00:00+00:00,0.38,6.72,,,1,0,0,0,0,0.4,-0.63,300.10834,8.415181e-05,0.0
2023-04-15 00:00:00+00:00,-22.66416667,-48.06,,,1,0,0,0,0,0.4,-0.63,302.3653,0.0,490.46875
2023-04-15 00:00:00+00:00,-67.57,-68.13,,,0,0,0,0,1,0.4,-0.63,,,11.128906
2023-04-15 00:00:00+00:00,49.67,-93.72,,,0,0,0,1,0,0.4,-0.63,273.1816,0.0,427.09375
2023-04-15 00:00:00+00:00,29.7,91.13333333,,,0,0,0,0,1,0.4,-0.63,280.34827,2.6181602e-05,3735.25
2023-04-15 00:00:00+00:00,12.54194444,39.76972222,,,0,1,0,0,0,0.4,-0.63,293.8519,0.0,1782.5
2023-04-15 00:00:00+00:00,18.9,72.82,,,1,0,0,0,0,0.4,-0.63,302.71198,0.0,0.0
2023-05-15 00:00:00+00:00,52.3,104.2833333,,,0,0,0,1,0,-1.7,0.39,277.64124,7.266511e-05,427.25
2023-05-15 00:00:00+00:00,47.54260867,7.58371693,,,0,0,1,0,0,-1.7,0.39,287.9718,0.00016740873,304.73438
2023-05-15 00:00:00+00:00,23.27,5.6,,,0,1,0,0,0,-1.7,0.39,298.2444,0.0,2246.375
2023-05-15 00:00:00+00:00,69.1,-105.1166667,,,0,0,0,0,1,-1.7,0.39,267.05228,0.0,0.0
2023-05-15 00:00:00+00:00,0.38,6.72,,,1,0,0,0,0,-1.7,0.39,300.75055,2.1303002e-05,0.0
2023-05-15 00:00:00+00:00,-22.66416667,-48.06,,,1,0,0,0,0,-1.7,0.39,299.22498,4.2867605e-06,490.46875
2023-05-15 00:00:00+00:00,-67.57,-68.13,,,0,0,0,0,1,-1.7,0.39,,,11.128906
2023-05-15 00:00:00+00:00,49.67,-93.72,,,0,0,0,1,0,-1.7,0.39,288.00726,0.0,427.09375
2023-05-15 00:00:00+00:00,29.7,91.13333333,,,0,0,0,0,1,-1.7,0.39,288.62866,0.0,3735.25
2023-05-15 00:00:00+00:00,12.54194444,39.76972222,,,0,1,0,0,0,-1.7,0.39,297.67548,0.0,1782.5
2023-05-15 00:00:00+00:00,18.9,72.82,,,1,0,0,0,0,-1.7,0.39,304.29065,0.0,0.0
2023-06-15 00:00:00+00:00,52.3,104.2833333,,,0,0,0,1,0,0.4,-0.58,282.04376,0.00013901353,427.25
2023-06-15 00:00:00+00:00,47.54260867,7.58371693,,,0,0,1,0,0,0.4,-0.58,289.07523,3.4849054e-05,304.73438
2023-06-15 00:00:00+00:00,23.27,5.6,,,0,1,0,0,0,0.4,-0.58,301.22882,0.0,2246.375
2023-06-15 00:00:00+00:00,69.1,-105.1166667,,,0,0,0,0,1,0.4,-0.58,276.27673,0.0,0.0
2023-06-15 00:00:00+00:00,0.38,6.72,,,1,0,0,0,0,0.4,-0.58,299.2059,8.0635357e-07,0.0
2023-06-15 00:00:00+00:00,-22.66416667,-48.06,,,1,0,0,0,0,0.4,-0.58,284.81934,0.0,490.46875
2023-06-15 00:00:00+00:00,-67.57,-68.13,,,0,0,0,0,1,0.4,-0.58,,,11.128906
2023-06-15 00:00:00+00:00,49.67,-93.72,,,0,0,0,1,0,0.4,-0.58,291.3951,0.0,427.09375
2023-06-15 00:00:00+00:00,29.7,91.13333333,,,0,0,0,0,1,0.4,-0.58,291.58923,0.0,3735.25
2023-06-15 00:00:00+00:00,12.54194444,39.76972222,,,0,1,0,0,0,0.4,-0.58,294.13196,0.0,1782.5
2023-06-15 00:00:00+00:00,18.9,72.82,,,1,0,0,0,0,0.4,-0.58,303.2375,0.00032434074,0.0
2023-07-15 00:00:00+00:00,52.3,104.2833333,,,0,0,0,1,0,-0.4,-2.17,289.6327,0.0,427.25
2023-07-15 00:00:00+00:00,47.54260867,7.58371693,,,0,0,1,0,0,-0.4,-2.17,293.79742,2.9337167e-05,304.73438
2023-07-15 00:00:00+00:00,23.27,5.6,,,0,1,0,0,0,-0.4,-2.17,303.1922,0.0,2246.375
2023-07-15 00:00:00+00:00,69.1,-105.1166667,,,0,0,0,0,1,-0.4,-2.17,284.9135,7.23893e-05,0.0
2023-07-15 00:00:00+00:00,0.38,6.72,,,1,0,0,0,0,-0.4,-2.17,296.62775,8.257574e-06,0.0
2023-07-15 00:00:00+00:00,-22.66416667,-48.06,,,1,0,0,0,0,-0.4,-2.17,294.33786,0.0,490.46875
2023-07-15 00:00:00+00:00,-67.57,-68.13,,,0,0,0,0,1,-0.4,-2.17,,,11.128906
2023-07-15 00:00:00+00:00,49.67,-93.72,,,0,0,0,1,0,-0.4,-2.17,289.9906,0.0,427.09375
2023-07-15 00:00:00+00:00,29.7,91.13333333,,,0,0,0,0,1,-0.4,-2.17,294.7733,0.0,3735.25
2023-07-15 00:00:00+00:00,12.54194444,39.76972222,,,0,1,0,0,0,-0.4,-2.17,295.80566,0.0,1782.5
2023-07-15 00:00:00+00:00,18.9,72.82,,,1,0,0,0,0,-0.4,-2.17,302.37598,6.276592e-05,0.0
2023-08-15 00:00:00+00:00,52.3,104.2833333,,,0,0,0,1,0,-1.4,-1.16,289.5267,0.0,427.25
2023-08-15 00:00:00+00:00,47.54260867,7.58371693,,,0,0,1,0,0,-1.4,-1.16,293.0304,0.0,304.73438
2023-08-15 00:00:00+00:00,23.27,5.6,,,0,1,0,0,0,-1.4,-1.16,300.18515,0.0,2246.375
2023-08-15 00:00:00+00:00,69.1,-105.1166667,,,0,0,0,0,1,-1.4,-1.16,279.17563,4.278046e-06,0.0
2023-08-15 00:00:00+00:00,0.38,6.72,,,1,0,0,0,0,-1.4,-1.16,296.2147,6.006547e-06,0.0
2023-08-15 00:00:00+00:00,-22.66416667,-48.06,,,1,0,0,0,0,-1.4,-1.16,296.90805,0.0,490.46875
2023-08-15 00:00:00+00:00,-67.57,-68.13,,,0,0,0,0,1,-1.4,-1.16,,,11.128906
2023-08-15 00:00:00+00:00,49.67,-93.72,,,0,0,0,1,0,-1.4,-1.16,293.44586,1.5118279e-05,427.09375
2023-08-15 00:00:00+00:00,29.7,91.13333333,,,0,0,0,0,1,-1.4,-1.16,292.41202,7.8852005e-05,3735.25
2023-08-15 00:00:00+00:00,12.54194444,39.76972222,,,0,1,0,0,0,-1.4,-1.16,297.1535,0.00015610605,1782.5
2023-08-15 00:00:00+00:00,18.9,72.82,,,1,0,0,0,0,-1.4,-1.16,300.57913,0.00011873677,0.0
2023-09-15 00:00:00+00:00,52.3,104.2833333,,,0,0,0,1,0,-2.1,-0.44,286.17444,1.2953776e-05,427.25
2023-09-15 00:00:00+00:00,47.54260867,7.58371693,,,0,0,1,0,0,-2.1,-0.44,287.9354,0.00013759971,304.73438
2023-09-15 00:00:00+00:00,23.27,5.6,,,0,1,0,0,0,-2.1,-0.44,300.20255,0.0,2246.375
2023-09-15 00:00:00+00:00,69.1,-105.1166667,,,0,0,0,0,1,-2.1,-0.44,272.32367,0.0,0.0
2023-09-15 00:00:00+00:00,0.38,6.72,,,1,0,0,0,0,-2.1,-0.44,297.01547,3.445769e-05,0.0
2023-09-15 00:00:00+00:00,-22.66416667,-48.06,,,1,0,0,0,0,-2.1,-0.44,291.7903,0.0,490.46875
2023-09-15 00:00:00+00:00,-67.57,-68.13,,,0,0,0,0,1,-2.1,-0.44,,,11.128906
2023-09-15 00:00:00+00:00,49.67,-93.72,,,0,0,0,1,0,-2.1,-0.44,283.63074,0.0,427.09375
2023-09-15 00:00:00+00:00,29.7,91.13333333,,,0,0,0,0,1,-2.1,-0.44,288.8215,6.4390406e-05,3735.25
2023-09-15 00:00:00+00:00,12.54194444,39.76972222,,,0,1,0,0,0,-2.1,-0.44,297.0543,0.0,1782.5
2023-09-15 00:00:00+00:00,18.9,72.82,,,1,0,0,0,0,-2.1,-0.44,301.06494,3.4546843e-05,0.0
2023-10-15 00:00:00+00:00,52.3,104.2833333,,,0,0,0,1,0,-0.8,-2.03,274.69733,1.727741e-05,427.25
2023-10-15 00:00:00+00:00,47.54260867,7.58371693,,,0,0,1,0,0,-0.8,-2.03,278.90036,9.619266e-06,304.73438
2023-10-15 00:00:00+00:00,23.27,5.6,,,0,1,0,0,0,-0.8,-2.03,297.41537,0.0,2246.375
2023-10-15 00:00:00+00:00,69.1,-105.1166667,,,0,0,0,0,1,-0.8,-2.03,264.60135,0.0,0.0
2023-10-15 00:00:00+00:00,0.38,6.72,,,1,0,0,0,0,-0.8,-2.03,298.48465,5.7624795e-05,0.0
2023-10-15 00:00:00+00:00,-22.66416667,-48.06,,,1,0,0,0,0,-0.8,-2.03,294.27832,2.654374e-05,490.46875
2023-10-15 00:00:00+00:00,-67.57,-68.13,,,0,0,0,0,1,-0.8,-2.03,,,11.128906
2023-10-15 00:00:00+00:00,49.67,-93.72,,,0,0,0,1,0,-0.8,-2.03,277.0721,0.0,427.09375
2023-10-15 00:00:00+00:00,29.7,91.13333333,,,0,0,0,0,1,-0.8,-2.03,286.9691,0.0,3735.25
2023-10-15 00:00:00+00:00,12.54194444,39.76972222,,,0,1,0,0,0,-0.8,-2.03,294.88553,0.0,1782.5
2023-10-15 00:00:00+00:00,18.9,72.82,,,1,0,0,0,0,-0.8,-2.03,303.8586,0.0,0.0
2023-11-15 00:00:00+00:00,52.3,104.2833333,,,0,0,0,1,0,-1.3,-0.32,263.19876,0.0,427.25
2023-11-15 00:00:00+00:00,47.54260867,7.58371693,,,0,0,1,0,0,-1.3,-0.32,280.22427,0.0,304.73438
2023-11-15 00:00:00+00:00,23.27,5.6,,,0,1,0,0,0,-1.3,-0.32,288.6638,0.0,2246.375
2023-11-15 00:00:00+00:00,69.1,-105.1166667,,,0,0,0,0,1,-1.3,-0.32,257.88065,0.0,0.0
2023-11-15 00:00:00+00:00,0.38,6.72,,,1,0,0,0,0,-1.3,-0.32,299.58017,2.2146502e-05,0.0
2023-11-15 00:00:00+00:00,-22.66416667,-48.06,,,1,0,0,0,0,-1.3,-0.32,295.39035,7.3008436e-05,490.46875
2023-11-15 00:00:00+00:00,-67.57,-68.13,,,0,0,0,0,1,-1.3,-0.32,,,11.128906
2023-11-15 00:00:00+00:00,49.67,-93.72,,,0,0,0,1,0,-1.3,-0.32,260.48813,0.0,427.09375
2023-11-15 00:00:00+00:00,29.7,91.13333333,,,0,0,0,0,1,-1.3,-0.32,279.73077,0.0,3735.25
2023-11-15 00:00:00+00:00,12.54194444,39.76972222,,,0,1,0,0,0,-1.3,-0.32,293.79086,0.0,1782.5
2023-11-15 00:00:00+00:00,18.9,72.82,,,1,0,0,0,0,-1.3,-0.32,301.6693,0.0,0.0
2023-12-15 00:00:00+00:00,52.3,104.2833333,,,0,0,0,1,0,-0.4,1.94,263.75012,5.6170447e-06,427.25
2023-12-15 00:00:00+00:00,47.54260867,7.58371693,,,0,0,1,0,0,-0.4,1.94,278.7599,0.0,304.73438
2023-12-15 00:00:00+00:00,23.27,5.6,,,0,1,0,0,0,-0.4,1.94,282.88797,0.0,2246.375
2023-12-15 00:00:00+00:00,69.1,-105.1166667,,,0,0,0,0,1,-0.4,1.94,253.39305,0.0,0.0
2023-12-15 00:00:00+00:00,0.38,6.72,,,1,0,0,0,0,-0.4,1.94,299.23376,3.1300868e-05,0.0
2023-12-15 00:00:00+00:00,-22.66416667,-48.06,,,1,0,0,0,0,-0.4,1.94,300.1115,3.225731e-05,490.46875
2023-12-15 00:00:00+00:00,-67.57,-68.13,,,0,0,0,0,1,-0.4,1.94,,,11.128906
2023-12-15 00:00:00+00:00,49.67,-93.72,,,0,0,0,1,0,-0.4,1.94,271.81232,0.0,427.09375
2023-12-15 00:00:00+00:00,29.7,91.13333333,,,0,0,0,0,1,-0.4,1.94,273.79782,1.9472984e-06,3735.25
2023-12-15 00:00:00+00:00,12.54194444,39.76972222,,,0,1,0,0,0,-0.4,1.94,293.1833,0.0,1782.5
2023-12-15 00:00:00+00:00,18.9,72.82,,,1,0,0,0,0,-0.4,1.94,299.89206,0.0,0.0
2024-01-15 00:00:00+00:00,52.3,104.2833333,,,0,0,0,1,0,0.8,0.21,256.46643,0.0,427.25
2024-01-15 00:00:00+00:00,47.54260867,7.58371693,,,0,0,1,0,0,0.8,0.21,276.87964,0.0,304.73438
2024-01-15 00:00:00+00:00,23.27,5.6,,,0,1,0,0,0,0.8,0.21,282.11096,0.0,2246.375
2024-01-15 00:00:00+00:00,69.1,-105.1166667,,,0,0,0,0,1,0.8,0.21,245.54552,0.0,0.0
2024-01-15 00:00:00+00:00,0.38,6.72,,,1,0,0,0,0,0.8,0.21,298.85727,0.00018583216,0.0
2024-01-15 00:00:00+00:00,-22.66416667,-48.06,,,1,0,0,0,0,0.8,0.21,295.4393,4.5991754e-05,490.46875
2024-01-15 00:00:00+00:00,-67.57,-68.13,,,0,0,0,0,1,0.8,0.21,,,11.128906
2024-01-15 00:00:00+00:00,49.67,-93.72,,,0,0,0,1,0,0.8,0.21,246.31769,0.0,427.09375
2024-01-15 00:00:00+00:00,29.7,91.13333333,,,0,0,0,0,1,0.8,0.21,278.4772,0.0,3735.25
2024-01-15 00:00:00+00:00,12.54194444,39.76972222,,,0,1,0,0,0,0.8,0.21,289.6421,0.0,1782.5
2024-01-15 00:00:00+00:00,18.9,72.82,,,1,0,0,0,0,0.8,0.21,300.40823,0.0,0.0
2024-02-15 00:00:00+00:00,52.3,104.2833333,,,0,0,0,1,0,-2.3,1.09,254.68694,0.0,427.25
2024-02-15 00:00:00+00:00,47.54260867,7.58371693,,,0,0,1,0,0,-2.3,1.09,269.26553,0.0,304.73438
2024-02-15 00:00:00+00:00,23.27,5.6,,,0,1,0,0,0,-2.3,1.09,284.9994,0.00012626797,2246.375
2024-02-15 00:00:00+00:00,69.1,-105.1166667,,,0,0,0,0,1,-2.3,1.09,237.35999,0.0,0.0
2024-02-15 00:00:00+00:00,0.38,6.72,,,1,0,0,0,0,-2.3,1.09,298.07645,0.00021562865,0.0
2024-02-15 00:00:00+00:00,-22.66416667,-48.06,,,1,0,0,0,0,-2.3,1.09,299.4198,0.00012379867,490.46875
2024-02-15 00:00:00+00:00,-67.57,-68.13,,,0,0,0,0,1,-2.3,1.09,,,11.128906
2024-02-15 00:00:00+00:00,49.67,-93.72,,,0,0,0,1,0,-2.3,1.09,258.29114,2.5638643e-05,427.09375
2024-02-15 00:00:00+00:00,29.7,91.13333333,,,0,0,0,0,1,-2.3,1.09,278.27322,0.0,3735.25
2024-02-15 00:00:00+00:00,12.54194444,39.76972222,,,0,1,0,0,0,-2.3,1.09,294.26025,0.0,1782.5
2024-02-15 00:00:00+00:00,18.9,72.82,,,1,0,0,0,0,-2.3,1.09,300.77005,0.0,0.0
2024-03-15 00:00:00+00:00,52.3,104.2833333,,,0,0,0,1,0,0.6,-0.21,269.45215,0.0,427.25
2024-03-15 00:00:00+00:00,47.54260867,7.58371693,,,0,0,1,0,0,0.6,-0.21,282.7226,5.7436668e-05,304.73438
2024-03-15 00:00:00+00:00,23.27,5.6,,,0,1,0,0,0,0.6,-0.21,289.7622,0.0,2246.375
2024-03-15 00:00:00+00:00,69.1,-105.1166667,,,0,0,0,0,1,0.6,-0.21,244.33408,0.0,0.0
2024-03-15 00:00:00+00:00,0.38,6.72,,,1,0,0,0,0,0.6,-0.21,299.54297,0.00014247108,0.0
2024-03-15 00:00:00+00:00,-22.66416667,-48.06,,,1,0,0,0,0,0.6,-0.21,298.06223,0.00016058574,490.46875
2024-03-15 00:00:00+00:00,-67.57,-68.13,,,0,0,0,0,1,0.6,-0.21,,,11.128906
2024-03-15 00:00:00+00:00,49.67,-93.72,,,0,0,0,1,0,0.6,-0.21,272.9261,0.00014099387,427.09375
2024-03-15 00:00:00+00:00,29.7,91.13333333,,,0,0,0,0,1,0.6,-0.21,281.67017,0.0,3735.25
2024-03-15 00:00:00+00:00,12.54194444,39.76972222,,,0,1,0,0,0,0.6,-0.21,294.638,0.0,1782.5
2024-03-15 00:00:00+00:00,18.9,72.82,,,1,0,0,0,0,0.6,-0.21,300.68655,0.0,0.0
2024-04-15 00:00:00+00:00,52.3,104.2833333,,,0,0,0,1,0,-0.3,-0.78,273.97876,0.0,427.25
2024-04-15 00:00:00+00:00,47.54260867,7.58371693,,,0,0,1,0,0,-0.3,-0.78,282.76584,0.0,304.73438
2024-04-15 00:00:00+00:00,23.27,5.6,,,0,1,0,0,0,-0.3,-0.78,296.98816,3.7469024e-06,2246.375
2024-04-15 00:00:00+00:00,69.1,-105.1166667,,,0,0,0,0,1,-0.3,-0.78,256.73203,3.7014113e-06,0.0
2024-04-15 00:00:00+00:00,0.38,6.72,,,1,0,0,0,0,-0.3,-0.78,300.20844,5.342427e-05,0.0
2024-04-15 00:00:00+00:00,-22.66416667,-48.06,,,1,0,0,0,0,-0.3,-0.78,301.06308,6.2050167e-06,490.46875
2024-04-15 00:00:00+00:00,-67.57,-68.13,,,0,0,0,0,1,-0.3,-0.78,,,11.128906
2024-04-15 00:00:00+00:00,49.67,-93.72,,,0,0,0,1,0,-0.3,-0.78,275.72382,0.0,427.09375
2024-04-15 00:00:00+00:00,29.7,91.13333333,,,0,0,0,0,1,-0.3,-0.78,283.4661,3.847424e-05,3735.25
2024-04-15 00:00:00+00:00,12.54194444,39.76972222,,,0,1,0,0,0,-0.3,-0.78,296.0554,0.0,1782.5
2024-04-15 00:00:00+00:00,18.9,72.82,,,1,0,0,0,0,-0.3,-0.78,302.72186,0.0,0.0
2024-05-15 00:00:00+00:00,52.3,104.2833333,,,0,0,0,1,0,0.8,-0.44,280.71683,2.0468035e-05,427.25
2024-05-15 00:00:00+00:00,47.54260867,7.58371693,,,0,0,1,0,0,0.8,-0.44,289.05576,6.334992e-05,304.73438
2024-05-15 00:00:00+00:00,23.27,5.6,,,0,1,0,0,0,0.8,-0.44,295.32166,0.0,2246.375
2024-05-15 00:00:00+00:00,69.1,-105.1166667,,,0,0,0,0,1,0.8,-0.44,270.6682,7.132474e-05,0.0
2024-05-15 00:00:00+00:00,0.38,6.72,,,1,0,0,0,0,0.8,-0.44,302.46307,7.619828e-06,0.0
2024-05-15 00:00:00+00:00,-22.66416667,-48.06,,,1,0,0,0,0,0.8,-0.44,297.9444,0.0,490.46875
2024-05-15 00:00:00+00:00,-67.57,-68.13,,,0,0,0,0,1,0.8,-0.44,,,11.128906
2024-05-15 00:00:00+00:00,49.67,-93.72,,,0,0,0,1,0,0.8,-0.44,290.82098,0.0,427.09375
2024-05-15 00:00:00+00:00,29.7,91.13333333,,,0,0,0,0,1,0.8,-0.44,287.56198,0.0,3735.25
2024-05-15 00:00:00+00:00,12.54194444,39.76972222,,,0,1,0,0,0,0.8,-0.44,297.17657,0.0,1782.5
2024-05-15 00:00:00+00:00,18.9,72.82,,,1,0,0,0,0,0.8,-0.44,303.86307,2.892933e-06,0.0
2024-06-15 00:00:00+00:00,52.3,104.2833333,,,0,0,0,1,0,0.1,-0.09,287.27542,0.0,427.25
2024-06-15 00:00:00+00:00,47.54260867,7.58371693,,,0,0,1,0,0,0.1,-0.09,297.94818,0.0,304.73438
2024-06-15 00:00:00+00:00,23.27,5.6,,,0,1,0,0,0,0.1,-0.09,301.40417,0.0,2246.375
2024-06-15 00:00:00+00:00,69.1,-105.1166667,,,0,0,0,0,1,0.1,-0.09,278.37067,0.0,0.0
2024-06-15 00:00:00+00:00,0.38,6.72,,,1,0,0,0,0,0.1,-0.09,297.45163,1.6161652e-05,0.0
2024-06-15 00:00:00+00:00,-22.66416667,-48.06,,,1,0,0,0,0,0.1,-0.09,282.76443,9.571858e-06,490.46875
2024-06-15 00:00:00+00:00,-67.57,-68.13,,,0,0,0,0,1,0.1,-0.09,,,11.128906
2024-06-15 00:00:00+00:00,49.67,-93.72,,,0,0,0,1,0,0.1,-0.09,285.79108,0.0001578264,427.09375
2024-06-15 00:00:00+00:00,29.7,91.13333333,,,0,0,0,0,1,0.1,-0.09,296.19876,0.0,3735.25
2024-06-15 00:00:00+00:00,12.54194444,39.76972222,,,0,1,0,0,0,0.1,-0.09,296.3595,0.0,1782.5
2024-06-15 00:00:00+00:00,18.9,72.82,,,1,0,0,0,0,0.1,-0.09,302.86398,0.00025167115,0.0
2024-07-15 00:00:00+00:00,52.3,104.2833333,,,0,0,0,1,0,-1.2,1.46,289.48572,5.686233e-05,427.25
2024-07-15 00:00:00+00:00,47.54260867,7.58371693,,,0,0,1,0,0,-1.2,1.46,295.15427,0.0,304.73438
2024-07-15 00:00:00+00:00,23.27,5.6,,,0,1,0,0,0,-1.2,1.46,302.9742,0.0,2246.375
2024-07-15 00:00:00+00:00,69.1,-105.1166667,,,0,0,0,0,1,-1.2,1.46,281.95184,0.0,0.0
2024-07-15 00:00:00+00:00,0.38,6.72,,,1,0,0,0,0,-1.2,1.46,296.85495,8.138057e-07,0.0
2024-07-15 00:00:00+00:00,-22.66416667,-48.06,,,1,0,0,0,0,-1.2,1.46,291.18637,0.00020923476,490.46875
2024-07-15 00:00:00+00:00,-67.57,-68.13,,,0,0,0,0,1,-1.2,1.46,,,11.128906
2024-07-15 00:00:00+00:00,49.67,-93.72,,,0,0,0,1,0,-1.2,1.46,294.46283,0.0,427.09375
2024-07-15 00:00:00+00:00,29.7,91.13333333,,,0,0,0,0,1,-1.2,1.46,294.58777,3.5237048e-05,3735.25
2024-07-15 00:00:00+00:00,12.54194444,39.76972222,,,0,1,0,0,0,-1.2,1.46,294.7634,0.0,1782.5
2024-07-15 00:00:00+00:00,18.9,72.82,,,1,0,0,0,0,-1.2,1.46,301.51675,0.00016219002,0.0
2024-08-15 00:00:00+00:00,52.3,104.2833333,,,0,0,0,1,0,1.5,0.63,291.10696,0.00020911757,427.25
2024-08-15 00:00:00+00:00,47.54260867,7.58371693,,,0,0,1,0,0,1.5,0.63,290.58667,9.5281015e-05,304.73438
2024-08-15 00:00:00+00:00,23.27,5.6,,,0,1,0,0,0,1.5,0.63,300.9685,0.0,2246.375
2024-08-15 00:00:00+00:00,69.1,-105.1166667,,,0,0,0,0,1,1.5,0.63,280.02313,0.0,0.0
2024-08-15 00:00:00+00:00,0.38,6.72,,,1,0,0,0,0,1.5,0.63,298.83942,0.0,0.0
2024-08-15 00:00:00+00:00,-22.66416667,-48.06,,,1,0,0,0,0,1.5,0.63,286.9242,7.024586e-06,490.46875
2024-08-15 00:00:00+00:00,-67.57,-68.13,,,0,0,0,0,1,1.5,0.63,,,11.128906
2024-08-15 00:00:00+00:00,49.67,-93.72,,,0,0,0,1,0,1.5,0.63,291.1261,0.0,427.09375
2024-08-15 00:00:00+00:00,29.7,91.13333333,,,0,0,0,0,1,1.5,0.63,294.60437,0.0,3735.25
2024-08-15 00:00:00+00:00,12.54194444,39.76972222,,,0,1,0,0,0,1.5,0.63,295.76553,0.0,1782.5
2024-08-15 00:00:00+00:00,18.9,72.82,,,1,0,0,0,0,1.5,0.63,300.69342,6.860702e-05,0.0
2024-09-15 00:00:00+00:00,52.3,104.2833333,,,0,0,0,1,0,-0.2,-1.43,280.5539,0.0,427.25
2024-09-15 00:00:00+00:00,47.54260867,7.58371693,,,0,0,1,0,0,-0.2,-1.43,287.71344,0.0,304.73438
2024-09-15 00:00:00+00:00,23.27,5.6,,,0,1,0,0,0,-0.2,-1.43,296.57214,0.0,2246.375
2024-09-15 00:00:00+00:00,69.1,-105.1166667,,,0,0,0,0,1,-0.2,-1.43,270.17166,0.0,0.0
2024-09-15 00:00:00+00:00,0.38,6.72,,,1,0,0,0,0,-0.2,-1.43,297.5439,3.3713997e-05,0.0
2024-09-15 00:00:00+00:00,-22.66416667,-48.06,,,1,0,0,0,0,-0.2,-1.43,295.04657,3.2358552e-05,490.46875
2024-09-15 00:00:00+00:00,-67.57,-68.13,,,0,0,0,0,1,-0.2,-1.43,,,11.128906
2024-09-15 00:00:00+00:00,49.67,-93.72,,,0,0,0,1,0,-0.2,-1.43,277.10165,4.8141474e-06,427.09375
2024-09-15 00:00:00+00:00,29.7,91.13333333,,,0,0,0,0,1,-0.2,-1.43,290.50177,4.8593956e-05,3735.25
2024-09-15 00:00:00+00:00,12.54194444,39.76972222,,,0,1,0,0,0,-0.2,-1.43,295.3761,0.0,1782.5
2024-09-15 00:00:00+00:00,18.9,72.82,,,1,0,0,0,0,-0.2,-1.43,300.50974,2.9566616e-05,0.0
2024-10-15 00:00:00+00:00,52.3,104.2833333,,,0,0,0,1,0,0.8,-0.38,270.82117,0.0,427.25
2024-10-15 00:00:00+00:00,47.54260867,7.58371693,,,0,0,1,0,0,0.8,-0.38,287.362,0.0,304.73438
2024-10-15 00:00:00+00:00,23.27,5.6,,,0,1,0,0,0,0.8,-0.38,296.42703,0.0,2246.375
2024-10-15 00:00:00+00:00,69.1,-105.1166667,,,0,0,0,0,1,0.8,-0.38,258.43686,0.0,0.0
2024-10-15 00:00:00+00:00,0.38,6.72,,,1,0,0,0,0,0.8,-0.38,298.00052,5.260141e-05,0.0
2024-10-15 00:00:00+00:00,-22.66416667,-48.06,,,1,0,0,0,0,0.8,-0.38,299.9786,0.0,490.46875
2024-10-15 00:00:00+00:00,-67.57,-68.13,,,0,0,0,0,1,0.8,-0.38,,,11.128906
2024-10-15 00:00:00+00:00,49.67,-93.72,,,0,0,0,1,0,0.8,-0.38,273.59955,5.2160144e-06,427.09375
2024-10-15 00:00:00+00:00,29.7,91.13333333,,,0,0,0,0,1,0.8,-0.38,288.513,0.0,3735.25
2024-10-15 00:00:00+00:00,12.54194444,39.76972222,,,0,1,0,0,0,0.8,-0.38,293.68045,1.6258435e-05,1782.5
2024-10-15 00:00:00+00:00,18.9,72.82,,,1,0,0,0,0,0.8,-0.38,302.68735,9.770539e-06,0.0
2024-11-15 00:00:00+00:00,52.3,104.2833333,,,0,0,0,1,0,0.8,-0.23,255.36723,0.0,427.25
2024-11-15 00:00:00+00:00,47.54260867,7.58371693,,,0,0,1,0,0,0.8,-0.23,277.93933,8.569463e-06,304.73438
2024-11-15 00:00:00+00:00,23.27,5.6,,,0,1,0,0,0,0.8,-0.23,288.42166,0.0,2246.375
2024-11-15 00:00:00+00:00,69.1,-105.1166667,,,0,0,0,0,1,0.8,-0.23,261.35324,0.0,0.0
2024-11-15 00:00:00+00:00,0.38,6.72,,,1,0,0,0,0,0.8,-0.23,299.31668,5.5324268e-05,0.0
2024-11-15 00:00:00+00:00,-22.66416667,-48.06,,,1,0,0,0,0,0.8,-0.23,295.7111,0.00019077842,490.46875
2024-11-15 00:00:00+00:00,-67.57,-68.13,,,0,0,0,0,1,0.8,-0.23,,,11.128906
2024-11-15 00:00:00+00:00,49.67,-93.72,,,0,0,0,1,0,0.8,-0.23,271.0025,3.0024697e-05,427.09375
2024-11-15 00:00:00+00:00,29.7,91.13333333,,,0,0,0,0,1,0.8,-0.23,281.28705,0.0,3735.25
2024-11-15 00:00:00+00:00,12.54194444,39.76972222,,,0,1,0,0,0,0.8,-0.23,293.73413,0.0,1782.5
2024-11-15 00:00:00+00:00,18.9,72.82,,,1,0,0,0,0,0.8,-0.23,300.3147,0.0,0.0
2024-12-15 00:00:00+00:00,52.3,104.2833333,,,0,0,0,1,0,1.9,1.21,253.14052,0.0,427.25
2024-12-15 00:00:00+00:00,47.54260867,7.58371693,,,0,0,1,0,0,1.9,1.21,276.23846,0.0,304.73438
2024-12-15 00:00:00+00:00,23.27,5.6,,,0,1,0,0,0,1.9,1.21,286.4713,0.0,2246.375
2024-12-15 00:00:00+00:00,69.1,-105.1166667,,,0,0,0,0,1,1.9,1.21,255.80267,1.2014565e-06,0.0
2024-12-15 00:00:00+00:00,0.38,6.72,,,1,0,0,0,0,1.9,1.21,298.8929,5.369706e-05,0.0
2024-12-15 00:00:00+00:00,-22.66416667,-48.06,,,1,0,0,0,0,1.9,1.21,298.7146,0.0,490.46875
2024-12-15 00:00:00+00:00,-67.57,-68.13,,,0,0,0,0,1,1.9,1.21,,,11.128906
2024-12-15 00:00:00+00:00,49.67,-93.72,,,0,0,0,1,0,1.9,1.21,266.23502,0.0,427.09375
2024-12-15 00:00:00+00:00,29.7,91.13333333,,,0,0,0,0,1,1.9,1.21,275.1524,2.7917315e-06,3735.25
2024-12-15 00:00:00+00:00,12.54194444,39.76972222,,,0,1,0,0,0,1.9,1.21,292.29123,0.0,1782.5
2024-12-15 00:00:00+00:00,18.9,72.82,,,1,0,0,0,0,1.9,1.21,299.79187,0.0,0.0
2025-01-15 00:00:00+00:00,52.3,104.2833333,,,0,0,0,1,0,0.3,-0.52,245.57916,0.0,427.25
2025-01-15 00:00:00+00:00,47.54260867,7.58371693,,,0,0,1,0,0,0.3,-0.52,278.10638,0.00016154605,304.73438
2025-01-15 00:00:00+00:00,23.27,5.6,,,0,1,0,0,0,0.3,-0.52,282.41003,0.0,2246.375
2025-01-15 00:00:00+00:00,69.1,-105.1166667,,,0,0,0,0,1,0.3,-0.52,245.88756,0.0,0.0
2025-01-15 00:00:00+00:00,0.38,6.72,,,1,0,0,0,0,0.3,-0.52,300.10434,2.5510266e-05,0.0
2025-01-15 00:00:00+00:00,-22.66416667,-48.06,,,1,0,0,0,0,0.3,-0.52,297.96313,0.00015625369,490.46875
2025-01-15 00:00:00+00:00,-67.57,-68.13,,,0,0,0,0,1,0.3,-0.52,,,11.128906
2025-01-15 00:00:00+00:00,49.67,-93.72,,,0,0,0,1,0,0.3,-0.52,259.8343,0.0,427.09375
2025-01-15 00:00:00+00:00,29.7,91.13333333,,,0,0,0,0,1,0.3,-0.52,273.6767,0.0,3735.25
2025-01-15 00:00:00+00:00,12.54194444,39.76972222,,,0,1,0,0,0,0.3,-0.52,292.78287,0.0,1782.5
2025-01-15 00:00:00+00:00,18.9,72.82,,,1,0,0,0,0,0.3,-0.52,296.65845,0.0,0.0
2025-02-15 00:00:00+00:00,52.3,104.2833333,,,0,0,0,1,0,0.9,1.6,265.0142,0.0,427.25
2025-02-15 00:00:00+00:00,47.54260867,7.58371693,,,0,0,1,0,0,0.9,1.6,276.4143,1.3209089e-05,304.73438
2025-02-15 00:00:00+00:00,23.27,5.6,,,0,1,0,0,0,0.9,1.6,287.90448,0.0,2246.375
2025-02-15 00:00:00+00:00,69.1,-105.1166667,,,0,0,0,0,1,0.9,1.6,244.3881,2.8741174e-06,0.0
2025-02-15 00:00:00+00:00,0.38,6.72,,,1,0,0,0,0,0.9,1.6,299.48822,0.00012949028,0.0
2025-02-15 00:00:00+00:00,-22.66416667,-48.06,,,1,0,0,0,0,0.9,1.6,299.4688,0.00012482499,490.46875
2025-02-15 00:00:00+00:00,-67.57,-68.13,,,0,0,0,0,1,0.9,1.6,,,11.128906
2025-02-15 00:00:00+00:00,49.67,-93.72,,,0,0,0,1,0,0.9,1.6,250.82774,0.0,427.09375
2025-02-15 00:00:00+00:00,29.7,91.13333333,,,0,0,0,0,1,0.9,1.6,277.04443,0.0,3735.25
2025-02-15 00:00:00+00:00,12.54194444,39.76972222,,,0,1,0,0,0,0.9,1.6,295.02957,0.0,1782.5
2025-02-15 00:00:00+00:00,18.9,72.82,,,1,0,0,0,0,0.9,1.6,300.35074,0.0,0.0
2025-03-15 00:00:00+00:00,52.3,104.2833333,,,0,0,0,1,0,2.8,0.3,271.80548,0.0,427.25
2025-03-15 00:00:00+00:00,47.54260867,7.58371693,,,0,0,1,0,0,2.8,0.3,278.30225,6.522114e-05,304.73438
2025-03-15 00:00:00+00:00,23.27,5.6,,,0,1,0,0,0,2.8,0.3,291.09317,0.0,2246.375
2025-03-15 00:00:00+00:00,69.1,-105.1166667,,,0,0,0,0,1,2.8,0.3,236.91031,0.0,0.0
2025-03-15 00:00:00+00:00,0.38,6.72,,,1,0,0,0,0,2.8,0.3,300.3873,0.000114243674,0.0
2025-03-15 00:00:00+00:00,-22.66416667,-48.06,,,1,0,0,0,0,2.8,0.3,297.38794,0.0,490.46875
2025-03-15 00:00:00+00:00,-67.57,-68.13,,,0,0,0,0,1,2.8,0.3,,,11.128906
2025-03-15 00:00:00+00:00,49.67,-93.72,,,0,0,0,1,0,2.8,0.3,274.36166,0.0,427.09375
2025-03-15 00:00:00+00:00,29.7,91.13333333,,,0,0,0,0,1,2.8,0.3,282.39957,0.0,3735.25
2025-03-15 00:00:00+00:00,12.54194444,39.76972222,,,0,1,0,0,0,2.8,0.3,294.66904,0.0,1782.5
2025-03-15 00:00:00+00:00,18.9,72.82,,,1,0,0,0,0,2.8,0.3,302.26907,0.0,0.0
2025-04-15 00:00:00+00:00,52.3,104.2833333,,,0,0,0,1,0,0.9,0.18,280.50012,0.0,427.25
2025-04-15 00:00:00+00:00,47.54260867,7.58371693,,,0,0,1,0,0,0.9,0.18,283.80057,2.2890343e-05,304.73438
2025-04-15 00:00:00+00:00,23.27,5.6,,,0,1,0,0,0,0.9,0.18,300.5977,0.0,2246.375
2025-04-15 00:00:00+00:00,69.1,-105.1166667,,,0,0,0,0,1,0.9,0.18,265.66364,7.689668e-06,0.0
2025-04-15 00:00:00+00:00,0.38,6.72,,,1,0,0,0,0,0.9,0.18,301.22363,6.845069e-05,0.0
2025-04-15 00:00:00+00:00,-22.66416667,-48.06,,,1,0,0,0,0,0.9,0.18,298.20166,1.6499986e-05,490.46875
2025-04-15 00:00:00+00:00,-67.57,-68.13,,,0,0,0,0,1,0.9,0.18,,,11.128906
2025-04-15 00:00:00+00:00,49.67,-93.72,,,0,0,0,1,0,0.9,0.18,290.95294,0.0,427.09375
2025-04-15 00:00:00+00:00,29.7,91.13333333,,,0,0,0,0,1,0.9,0.18,287.5458,0.0,3735.25
2025-04-15 00:00:00+00:00,12.54194444,39.76972222,,,0,1,0,0,0,0.9,0.18,297.5708,0.0,1782.5
2025-04-15 00:00:00+00:00,18.9,72.82,,,1,0,0,0,0,0.9,0.18,303.3775,0.0,0.0
2025-05-15 00:00:00+00:00,52.3,104.2833333,,,0,0,0,1,0,0.7,0.49,279.92383,0.0,427.25
2025-05-15 00:00:00+00:00,47.54260867,7.58371693,,,0,0,1,0,0,0.7,0.49,285.63126,0.0,304.73438
2025-05-15 00:00:00+00:00,23.27,5.6,,,0,1,0,0,0,0.7,0.49,298.3303,0.0,2246.375
2025-05-15 00:00:00+00:00,69.1,-105.1166667,,,0,0,0,0,1,0.7,0.49,268.12808,0.0,0.0
2025-05-15 00:00:00+00:00,0.38,6.72,,,1,0,0,0,0,0.7,0.49,300.00278,9.091729e-05,0.0
2025-05-15 00:00:00+00:00,-22.66416667,-48.06,,,1,0,0,0,0,0.7,0.49,295.8788,7.3625883e-06,490.46875
2025-05-15 00:00:00+00:00,-67.57,-68.13,,,0,0,0,0,1,0.7,0.49,,,11.128906
2025-05-15 00:00:00+00:00,49.67,-93.72,,,0,0,0,1,0,0.7,0.49,282.35745,0.0,427.09375
2025-05-15 00:00:00+00:00,29.7,91.13333333,,,0,0,0,0,1,0.7,0.49,285.55618,0.0,3735.25
2025-05-15 00:00:00+00:00,12.54194444,39.76972222,,,0,1,0,0,0,0.7,0.49,295.8842,0.0,1782.5
2025-05-15 00:00:00+00:00,18.9,72.82,,,1,0,0,0,0,0.7,0.49,305.27368,0.0,0.0
2025-06-15 00:00:00+00:00,52.3,104.2833333,,,0,0,0,1,0,0.5,0.7,292.82233,0.0,427.25
2025-06-15 00:00:00+00:00,47.54260867,7.58371693,,,0,0,1,0,0,0.5,0.7,287.52325,1.0787109e-05,304.73438
2025-06-15 00:00:00+00:00,23.27,5.6,,,0,1,0,0,0,0.5,0.7,300.446,0.0,2246.375
2025-06-15 00:00:00+00:00,69.1,-105.1166667,,,0,0,0,0,1,0.5,0.7,274.74716,0.0,0.0
2025-06-15 00:00:00+00:00,0.38,6.72,,,1,0,0,0,0,0.5,0.7,297.75455,1.4484574e-06,0.0
2025-06-15 00:00:00+00:00,-22.66416667,-48.06,,,1,0,0,0,0,0.5,0.7,296.33875,0.0,490.46875
2025-06-15 00:00:00+00:00,-67.57,-68.13,,,0,0,0,0,1,0.5,0.7,,,11.128906
2025-06-15 00:00:00+00:00,49.67,-93.72,,,0,0,0,1,0,0.5,0.7,287.88614,0.0,427.09375
2025-06-15 00:00:00+00:00,29.7,91.13333333,,,0,0,0,0,1,0.5,0.7,296.34116,0.0,3735.25
2025-06-15 00:00:00+00:00,12.54194444,39.76972222,,,0,1,0,0,0,0.5,0.7,296.31635,0.0,1782.5
2025-06-15 00:00:00+00:00,18.9,72.82,,,1,0,0,0,0,0.5,0.7,301.97998,5.8958496e-05,0.0
2025-07-15 00:00:00+00:00,52.3,104.2833333,,,0,0,0,1,0,1.0,0.48,288.08188,4.6898524e-05,427.25
2025-07-15 00:00:00+00:00,47.54260867,7.58371693,,,0,0,1,0,0,1.0,0.48,297.03555,4.706202e-05,304.73438
2025-07-15 00:00:00+00:00,23.27,5.6,,,0,1,0,0,0,1.0,0.48,299.25592,0.0,2246.375
2025-07-15 00:00:00+00:00,69.1,-105.1166667,,,0,0,0,0,1,1.0,0.48,280.9705,0.0,0.0
2025-07-15 00:00:00+00:00,0.38,6.72,,,1,0,0,0,0,1.0,0.48,296.03906,2.5332572e-06,0.0
2025-07-15 00:00:00+00:00,-22.66416667,-48.06,,,1,0,0,0,0,1.0,0.48,293.16254,8.182294e-05,490.46875
2025-07-15 00:00:00+00:00,-67.57,-68.13,,,0,0,0,0,1,1.0,0.48,,,11.128906
2025-07-15 00:00:00+00:00,49.67,-93.72,,,0,0,0,1,0,1.0,0.48,295.18515,0.0,427.09375
2025-07-15 00:00:00+00:00,29.7,91.13333333,,,0,0,0,0,1,1.0,0.48,292.1208,4.2959655e-05,3735.25
2025-07-15 00:00:00+00:00,12.54194444,39.76972222,,,0,1,0,0,0,1.0,0.48,293.20596,0.0,1782.5
2025-07-15 00:00:00+00:00,18.9,72.82,,,1,0,0,0,0,1.0,0.48,303.2285,4.4196004e-05,0.0
2025-08-15 00:00:00+00:00,52.3,104.2833333,,,0,0,0,1,0,0.7,0.26,288.8458,0.0,427.25
2025-08-15 00:00:00+00:00,47.54260867,7.58371693,,,0,0,1,0,0,0.7,0.26,291.4471,0.0,304.73438
2025-08-15 00:00:00+00:00,23.27,5.6,,,0,1,0,0,0,0.7,0.26,301.2692,0.0,2246.375
2025-08-15 00:00:00+00:00,69.1,-105.1166667,,,0,0,0,0,1,0.7,0.26,280.43173,1.7584482e-05,0.0
2025-08-15 00:00:00+00:00,0.38,6.72,,,1,0,0,0,0,0.7,0.26,296.95917,2.5840188e-06,0.0
2025-08-15 00:00:00+00:00,-22.66416667,-48.06,,,1,0,0,0,0,0.7,0.26,290.39474,7.265693e-06,490.46875
2025-08-15 00:00:00+00:00,-67.57,-68.13,,,0,0,0,0,1,0.7,0.26,,,11.128906
2025-08-15 00:00:00+00:00,49.67,-93.72,,,0,0,0,1,0,0.7,0.26,291.67926,0.0,427.09375
2025-08-15 00:00:00+00:00,29.7,91.13333333,,,0,0,0,0,1,0.7,0.26,293.9364,0.0,3735.25
2025-08-15 00:00:00+00:00,12.54194444,39.76972222,,,0,1,0,0,0,0.7,0.26,295.21902,0.0,1782.5
2025-08-15 00:00:00+00:00,18.9,72.82,,,1,0,0,0,0,0.7,0.26,300.4618,0.00019137724,0.0
2025-09-15 00:00:00+00:00,52.3,104.2833333,,,0,0,0,1,0,0.1,-0.8,279.09848,1.8970912e-05,427.25
2025-09-15 00:00:00+00:00,47.54260867,7.58371693,,,0,0,1,0,0,0.1,-0.8,286.24332,2.8355495e-05,304.73438
2025-09-15 00:00:00+00:00,23.27,5.6,,,0,1,0,0,0,0.1,-0.8,296.43747,0.0,2246.375
2025-09-15 00:00:00+00:00,69.1,-105.1166667,,,0,0,0,0,1,0.1,-0.8,280.32648,1.5409332e-05,0.0
2025-09-15 00:00:00+00:00,0.38,6.72,,,1,0,0,0,0,0.1,-0.8,296.93063,3.6093625e-05,0.0
2025-09-15 00:00:00+00:00,-22.66416667,-48.06,,,1,0,0,0,0,0.1,-0.8,293.1235,0.00030676147,490.46875
2025-09-15 00:00:00+00:00,-67.57,-68.13,,,0,0,0,0,1,0.1,-0.8,,,11.128906
2025-09-15 00:00:00+00:00,49.67,-93.72,,,0,0,0,1,0,0.1,-0.8,283.341,9.306211e-06,427.09375
2025-09-15 00:00:00+00:00,29.7,91.13333333,,,0,0,0,0,1,0.1,-0.8,291.00507,0.0,3735.25
2025-09-15 00:00:00+00:00,12.54194444,39.76972222,,,0,1,0,0,0,0.1,-0.8,294.26266,0.0,1782.5
2025-09-15 00:00:00+00:00,18.9,72.82,,,1,0,0,0,0,0.1,-0.8,300.5938,1.7484996e-05,0.0
2025-10-15 00:00:00+00:00,52.3,104.2833333,,,0,0,0,1,0,1.9,-0.96,275.61566,0.0,427.25
2025-10-15 00:00:00+00:00,47.54260867,7.58371693,,,0,0,1,0,0,1.9,-0.96,282.38745,3.034613e-05,304.73438
2025-10-15 00:00:00+00:00,23.27,5.6,,,0,1,0,0,0,1.9,-0.96,294.9539,0.0,2246.375
2025-10-15 00:00:00+00:00,69.1,-105.1166667,,,0,0,0,0,1,1.9,-0.96,272.5356,1.1135383e-05,0.0
2025-10-15 00:00:00+00:00,0.38,6.72,,,1,0,0,0,0,1.9,-0.96,297.57312,0.0001773655,0.0
2025-10-15 00:00:00+00:00,-22.66416667,-48.06,,,1,0,0,0,0,1.9,-0.96,294.28076,5.1649217e-06,490.46875
2025-10-15 00:00:00+00:00,-67.57,-68.13,,,0,0,0,0,1,1.9,-0.96,,,11.128906
2025-10-15 00:00:00+00:00,49.67,-93.72,,,0,0,0,1,0,1.9,-0.96,275.33643,0.0,427.09375
2025-10-15 00:00:00+00:00,29.7,91.13333333,,,0,0,0,0,1,1.9,-0.96,285.5069,0.0,3735.25
2025-10-15 00:00:00+00:00,12.54194444,39.76972222,,,0,1,0,0,0,1.9,-0.96,290.6223,0.0,1782.5
2025-10-15 00:00:00+00:00,18.9,72.82,,,1,0,0,0,0,1.9,-0.96,301.91498,0.0,0.0
2025-11-15 00:00:00+00:00,52.3,104.2833333,,,0,0,0,1,0,1.8,-0.78,272.4653,0.0,427.25
2025-11-15 00:00:00+00:00,47.54260867,7.58371693,,,0,0,1,0,0,1.8,-0.78,277.01184,0.0,304.73438
2025-11-15 00:00:00+00:00,23.27,5.6,,,0,1,0,0,0,1.8,-0.78,288.39008,0.0,2246.375
2025-11-15 00:00:00+00:00,69.1,-105.1166667,,,0,0,0,0,1,1.8,-0.78,262.50302,1.373898e-05,0.0
2025-11-15 00:00:00+00:00,0.38,6.72,,,1,0,0,0,0,1.8,-0.78,297.17764,0.00020925749,0.0
2025-11-15 00:00:00+00:00,-22.66416667,-48.06,,,1,0,0,0,0,1.8,-0.78,297.4398,4.8791182e-05,490.46875
2025-11-15 00:00:00+00:00,-67.57,-68.13,,,0,0,0,0,1,1.8,-0.78,,,11.128906
2025-11-15 00:00:00+00:00,49.67,-93.72,,,0,0,0,1,0,1.8,-0.78,266.68704,0.0,427.09375
2025-11-15 00:00:00+00:00,29.7,91.13333333,,,0,0,0,0,1,1.8,-0.78,279.3222,0.0,3735.25
2025-11-15 00:00:00+00:00,12.54194444,39.76972222,,,0,1,0,0,0,1.8,-0.78,290.96414,0.0,1782.5
2025-11-15 00:00:00+00:00,18.9,72.82,,,1,0,0,0,0,1.8,-0.78,301.70425,0.0,0.0
2025-12-15 00:00:00+00:00,52.3,104.2833333,,,0,0,0,1,0,-0.0,-0.65,256.05844,0.0,427.25
2025-12-15 00:00:00+00:00,47.54260867,7.58371693,,,0,0,1,0,0,-0.0,-0.65,273.9784,0.0,304.73438
2025-12-15 00:00:00+00:00,23.27,5.6,,,0,1,0,0,0,-0.0,-0.65,286.02713,0.0,2246.375
2025-12-15 00:00:00+00:00,69.1,-105.1166667,,,0,0,0,0,1,-0.0,-0.65,237.47765,0.0,0.0
2025-12-15 00:00:00+00:00,0.38,6.72,,,1,0,0,0,0,-0.0,-0.65,299.09222,0.00011273064,0.0
2025-12-15 00:00:00+00:00,-22.66416667,-48.06,,,1,0,0,0,0,-0.0,-0.65,296.64673,2.8044278e-05,490.46875
2025-12-15 00:00:00+00:00,-67.57,-68.13,,,0,0,0,0,1,-0.0,-0.65,,,11.128906
2025-12-15 00:00:00+00:00,49.67,-93.72,,,0,0,0,1,0,-0.0,-0.65,262.7172,0.0,427.09375
2025-12-15 00:00:00+00:00,29.7,91.13333333,,,0,0,0,0,1,-0.0,-0.65,276.06598,1.7606247e-06,3735.25
2025-12-15 00:00:00+00:00,12.54194444,39.76972222,,,0,1,0,0,0,-0.0,-0.65,288.78812,0.0,1782.5
2025-12-15 00:00:00+00:00,18.9,72.82,,,1,0,0,0,0,-0.0,-0.65,299.3035,0.0,0.0
