O18 KGE,H2 KGE,O18 RMSE,H2 RMSE
0.8455458092296,0.8675285638232904,2.3447444263282304,18.343769640001135
0.2461892685303042,0.3085026213125598,2.6813988067026013,17.116405359231127
0.18308749033563665,0.22416111447148956,2.915581045280357,19.477860307626514
-0.4989895923848209,-0.3655272902271829,3.8084550718918315,32.36138244017396
-0.22227593349363373,-0.2087478657365438,1.5486851275402538,11.380234921214296
0.011722642937171734,0.08436665962937584,3.48874287796895,22.481188139061327
0.2688980898810951,0.2780807769206356,1.8276431985623316,12.046588392036025
0.0387607826786156,0.08011651530748198,2.4597846628071935,16.44871505021254
-0.05267896938770944,-0.06222378477426904,2.1142391152838975,16.884206572135483
-0.41142847383253467,-0.5010564335257071,1.874844812585453,15.992836173569843
-1.0948094445614576,-1.157060151582098,0.8214948586655215,8.346240282981354
0.25110337006875627,0.1846065006458083,1.000237898681515,8.705294173337837
0.04339052455007031,-0.018427300952981618,1.524765877205379,12.55952180072937
0.5721430972026157,0.6304994874834208,1.936451865315321,14.943460433322246
-0.4476385107255514,-0.35493990266609066,2.857131198287774,22.60424666842459
0.32759825110331287,0.432948521874024,1.930285558867481,12.053394873674023
-1.0214334953052324,-1.0812381624536789,2.7049846365660053,27.663488690930727
0.4041904998184458,0.31887809012214996,2.276284993434917,19.365827734493713
0.30360551291832794,0.39518863522388614,1.696291796616146,10.49076347432296
0.030201273607506796,-0.003511268442463855,1.1338904291270848,9.016776488433365
-0.16160265609449898,-0.03484618048769317,1.3506597939140346,10.6040378155654
0.19106686579500953,0.172096964755872,2.9509381181204217,23.72615211152086
0.5200427283801625,0.5746546986495813,1.7165531918550236,12.229074106533927
0.5014319047645737,0.5476100004852811,1.3502573100394366,9.7938201151894
0.31049596408403357,0.3942309612321071,1.4972133829273482,10.46275382397775
,,3.406887,19.62225
0.0694055940494901,0.016180001278900624,2.499637296672597,17.494856445133937
0.40208294309267734,0.49239277304960183,1.577368192466613,12.064158816728227
0.10574323284272724,0.24601471357716997,1.6644931483964318,8.598288905920855
0.08579899467082075,0.28965541005812634,1.3623463100669893,9.05368615139436
0.2139515430995167,0.27916356552047605,2.271738304260761,17.840016155039248
0.4585203818374769,0.3833903838396041,1.9543135204516817,16.179911128527856
0.39972036508911757,0.3650117099941974,1.625519600579978,13.067959437439779
0.34893524402001985,0.3523556422022587,2.1714796529030354,17.014872289866947
0.43359160618908155,0.5039911770508259,1.3397144178864184,10.02071823973611
0.6409607219244422,0.6154497815232678,1.4019084184996,9.760021870738827
0.5469253840589157,0.5517739329538269,1.5873436425146183,13.21737921425917
0.7906042720653756,0.7831536815102362,0.8905386415826647,6.29870519384758
0.632381820008151,0.5728526434269829,1.831440015616332,15.76513605505922
-0.1610925538691672,-0.15568111561560727,2.5582952698082044,21.11410610098526
0.30863899784118876,0.28635958454865484,2.423288193049443,17.983780754962506
-0.01080296023314542,-0.0375543449761635,1.749166915419377,13.261005611382284
0.17263851608102188,0.20483656173181952,2.735738147801631,20.78155467790164
0.14655838194958637,0.12151483270685637,1.7224196223703676,11.533974016303029
0.12166446067615322,0.1597282757336449,1.7906974883820896,9.479791906655489
0.3331740574522959,0.10316408345706707,1.5954924426461223,14.230926811115664
-0.09582429118024338,-0.4266158856378972,0.799449429895056,10.342492362097632
0.16998041917621576,0.4464200644688494,2.063767802042461,13.022311800469812
0.07017483716362505,0.017702714541359965,2.8635956447924555,24.41752002613016
0.14326242875851858,0.20317707268355767,2.3574458202175337,18.681628351661267
0.1325886484276516,0.3956590456580844,1.2798697671627102,7.817305840488461
0.41525471126171065,0.46865446214984474,2.595691331438063,17.95356454013621
0.09617975080213648,0.05032753608657925,1.4360953069641667,10.959630280364868
0.16600812076438276,0.11333595593415047,1.4103686795222332,9.246316127055747
0.35468447870272135,0.36463880151771366,1.933124551684316,15.665514553474011
0.295447610174152,0.265818145027786,2.955416709789378,22.5741541407086
-0.24492808659473142,-0.13470951813290055,4.153136322670873,27.838299068664146
-3.0356676798835025,-1.7126609324492743,4.683403809515136,17.930450688148596
-0.237246395593957,-0.6031760916048694,2.816922393225428,21.99418661535158
-0.30560199129283916,-0.16840268665029812,2.282718567477947,16.61910102125789
0.527383335182795,0.5775643913176509,1.4480661560003611,11.00354981628431
-0.2588862054354901,-0.2724668753416102,1.7400667356736914,14.379194679951931
0.38406256445821585,0.39198766462656165,3.449577487205356,19.980975044177146
0.36116654893928146,0.386882978455541,2.523194042018439,18.90396291568119
,,3.0111076999999997,24.465266
0.1687721362977691,0.180971465351359,2.130689495479401,15.681425183335957
0.014401366094921375,0.10009037748973715,1.8272725840250827,11.481472770831104
0.13407831170394546,-0.158177530374499,1.7501151801318497,17.162204429685296
0.17608449512888347,0.07861136393424817,3.2206749652403754,25.20195488129293
0.2607952248643832,-1.617710838858509,2.35174084408639,18.308594628477948
0.1464460473339405,0.08899187601357794,2.272988480304075,15.984689545918304
,,4.4380434,35.522674
0.6958469437343685,0.5867652431437524,1.5994628688284527,16.483486018406772
0.06141706276902159,0.19983794786501874,2.36254306906279,14.113540595649596
0.39915815792627674,0.3494949047208581,2.765688411590716,25.170038256407988
0.17426728148493076,0.20708050480973306,3.289168617119613,25.615452190173425
-0.11323998331817586,-0.6620815176081682,3.8011424321616922,25.625612940023196
0.3023342298221293,0.22055272227125577,4.9358384210388655,42.86348742678508
,,10.8041602,85.8156182
-0.6701420663005204,-0.7265436136667738,2.3601580713804355,20.314552258911785
0.30410600930295695,0.3583109042456186,2.3168001635999507,17.760136416951628
-0.07936730257700231,-0.011991476141144819,2.14247106741634,17.601167900095028
0.26703081170785514,0.2021412971611617,3.3853076435899827,25.610914034218304
0.6059226054943003,0.5720069278753281,1.3664629700173225,12.358274509946662
0.1889088398648523,0.19569409442652896,3.5229005903984,28.53096189043989
0.05831261202652649,0.13257106416669617,2.983982996134706,23.223579819760257
0.39025884048274806,0.39214867585459046,2.8781014923422896,22.42577808440091
,,0.7496329839999998,6.499630998000001
0.5104327930605539,0.5370089540488834,2.1049528814056995,15.891593643240487
0.4637365093716672,0.220898696510353,2.207912826580786,19.694566715353925
0.3050425942899171,0.11744300616537795,5.633228983967381,42.122910345089295
-1.0635094580744124,-0.9831262812579724,4.6471043926494024,37.6653348204833
0.3060614517550543,0.22838065488486892,2.2874473403655746,18.645168407292083
0.24189061613656704,0.27817950658576707,1.4208355156552863,12.755251885515246
0.794541978307949,0.7335573426681914,1.047491589410639,9.375915632870292
,,3.4700050000000005,27.089290000000005
0.1775532359585158,0.1985239905564956,2.9984476254716648,25.345587321013667
-0.4956013460715476,-0.5142952018138802,8.52978156616662,72.22423434215843
0.47869820053473067,0.632959450120708,1.5796498640045031,9.580398832991065
0.45730811666947857,0.6319553885306062,3.9083331551192,23.83241136459765
0.668750354559542,0.8345577942452808,1.4881336415807052,12.471209595869405
-1.2808670892789165,-1.2020003827627654,2.5542597213235188,4.24081351988677
0.5611543214448723,0.5901912072832499,2.5118165354689768,19.759894872602864
0.24255846361538802,0.1491323428832605,1.4192051631132812,11.028935049895718
0.5914300396114364,0.4442154977586753,1.2112034621786618,10.03460148570098
-1.23390002369137,-1.2633540998879091,2.0555238504028113,18.164051123425097
0.6680231108283702,0.5285147530258404,0.7154094574294654,2.7726211370286866
0.3710202498822198,0.11975281091461476,1.8054268429759797,16.81723184582035
0.6433160770204773,0.39050944200496707,0.7286488347228726,7.700655645925009
,,0.6299104,5.506392999999999
0.37128043759327967,0.3785284690768227,2.6774096059311066,21.551004680807374
,,3.3821200000000005,29.489279999999994
0.12548592744880027,0.12574319625605324,2.5963958516134764,22.094484946958296
-0.7407076884105659,-0.6574244971978516,7.393752739126923,57.848786443161224
0.003303198777621419,0.025249352277045944,4.333295383521179,34.36193903975209
,,4.868547,39.991289300000005
0.41312818493303416,0.37564554063178257,2.366321487710853,20.3170454605309
0.7521304876083383,0.7616372994241123,2.3997373794679464,17.905891490754573
-1.1078917720615635,-1.1754325457403962,2.727972716427105,20.604262792290353
,,1.3504546,8.418575
0.4657410085755781,0.47462995725194657,5.65560944663294,42.21980160198346
0.3521727351794146,0.34337304161804505,4.105141099904103,34.98933285147378
0.5590544573738095,0.3449629265601428,2.3758457917530333,19.436584063629812
-1.162569456795847,-1.1083568840631925,2.724069829857272,19.82884347391067
0.44531257921981204,0.5330363546793608,1.7240432666060512,12.578525986116377
,,1.848379,14.484287000000002
,,4.3536038,17.660699
-1.1772937743938194,-1.1987246073891065,1.5270881547472825,11.369770643969611
0.554798079630968,0.416927910602214,2.718831753190053,22.828995106073624
0.8372781229076367,0.8082729656509213,1.5038153356651671,13.991902191069567
-1.0465375914609791,-1.0083267834013183,4.408510233675884,31.84576435630491
0.5403494215986291,0.5449174239317688,3.2490649281095534,23.25916590767768
0.632069821966958,0.6353345912541115,3.844455495003438,31.2631883825381
0.018892131517559863,-0.021237097200931476,8.535289317697027,74.32257631115327
,,1.1413969999999978,6.172709999999995
-1.171288823457628,-1.0235792942771313,0.773891030840906,8.782748687001577
0.2665359322724403,0.2576911969048715,4.114480819169008,30.33864175595278
,,0.18310359999999992,5.279565000000002
0.6967823974887063,0.7194339085239738,2.992300579886208,23.076027623485853
0.14956575988191,0.1955628192106743,4.772773653964145,34.54258762049899
,,3.2194013999999997,34.3269
0.21964844802381567,-0.38973778557493,2.859699699072776,24.84149122117222
0.6044214492384505,0.6703796008099502,1.4518473137066623,9.669844029880982
0.3478465229289679,0.06334100855292557,0.619883600895522,5.764757456383964
0.8843869545855656,0.8340726128420961,1.0654515876683464,6.597674894194926
0.6373554619417718,0.5638275259025407,1.9069022142828231,16.049310284537533
0.3457536523675201,0.30199819120405247,3.058225821221139,28.690013747329196
-0.04429844029184338,-0.04111835659979568,5.911116966047152,49.055838833820324
0.5001057793586987,0.5344304263880696,4.370636473017708,31.850515260950466
0.5162259285525468,0.5461059054160957,2.7407101409236603,21.484380255281568
-1.1166162345750732,-1.112178480989264,4.515230894046064,35.83075598287943
,,0.9511980000000015,13.205299999999994
,,2.1599600000000017,12.732849999999985
,,0.219066999999999,0.2361799999999903
,,7.711996000000001,56.382744
-5.215137774774249,-2.345486047407569,4.40161804548492,29.411951564130604
-0.21448512083289417,-1.0435972821766892,3.434113930812393,28.40214359707112
0.3764557756784962,0.35165796233982194,1.9813143300762632,14.948415941510607
0.0358754970003351,-1.7048124845009953,1.5915672553163958,12.091308959718605
0.344215866407961,0.25580355595277615,2.1462033778901572,18.00866933752944
0.5580894654023043,0.5885856355618961,2.292891515282174,17.336539281827072
0.6168073710764722,0.5359628931707028,3.0795012654767655,28.36879993219227
0.7279546046531533,0.640486589439027,1.530575652463137,14.715230439335047
0.4435373095682169,0.3622193278528696,2.072849633437861,18.246461383939863
,,3.4477886,27.392482
0.37078463207640977,0.3736805662589735,3.3720758898598993,27.00872758324516
,,3.2942137,27.486633
-0.2645341175793181,-11.46540610399136,1.0503904488619948,12.925959900160608
-1.96699316287421,-1.091702667651632,1.744463968767805,16.86494800349079
-1.2556798397642188,0.3219694701711233,0.6237623287044769,4.503890371908661
-1.1220827878715398,0.41870587694986827,0.8742386146598128,4.202312841375651
0.013098407157407066,-0.016503598446333978,3.541317206894849,28.94477965323987
0.6040468506396675,-0.1602208747946383,0.8761660565811712,7.547814873946039
0.05667603060775861,-0.10504208318279407,2.1197208209296745,18.13932358348211
0.30923280329175484,0.292089177297292,1.4419543948714684,10.237197142369238
-0.08762858677350893,0.5207980155168377,0.5050681687634686,11.048188739062903
0.31285764468726496,-0.3700520625846344,1.892365700905165,17.43002956163069
-0.09532171979570458,-0.056313202763463854,2.3119862346152695,17.041948243156046
,,2.4947614,21.475494
-13.982687608368584,-1.7425455707695332,2.832271664302925,16.656444835794822
0.14698564977608353,0.22441346576779386,3.435872976856117,23.961938359860977
0.3572572502308311,-1.495087583196654,0.9629207793145595,7.657434751081517
0.5582084818539113,0.590594744940433,1.7802983208115852,14.581266327969344
0.40550090873704747,0.42850534314799826,2.2249038295542958,16.303141944131532
0.34838087984609156,0.36219425542127326,2.373266504197432,18.638489056492986
0.6758153100266554,0.4490299936892683,1.690973089733945,17.22880993406501
0.3498558471977161,0.3915407309023625,2.8544887599174498,21.021927116536073
0.11446911618351463,0.2652984147076627,2.2791658200595997,16.5695447057438
0.4451905536154902,0.39343846339901656,3.295309872531771,25.955886528423765
0.07045300101069907,0.056753731475947755,0.7384309632490234,6.487574453238475
-0.5157656042229171,-0.4867929745883901,3.1177576641298717,29.056003025907206
,,0.18949360000000004,0.19041199999999847
0.3865598088480652,-1.3625171078553446,1.2304635475652996,9.291141900642968
-2.5168406174850064,-120.2326956593383,2.003127479355372,15.763450522280513
,,0.2747107,4.4603090000000005
0.8019978959711089,0.7096473778533441,0.8319376052147871,7.379117556868162
,,0.29229470000000024,5.208162999999999
0.43607702626429057,0.4522391845423692,2.3573426672222926,18.393010687347175
0.06999558088106617,0.04779862430898729,2.102136389942651,16.769241885574406
0.2291768927260669,0.21723894087213513,3.945202299608219,32.3142033691175
0.6279176705702041,0.5818484171907958,0.5403465154778644,3.5791783527091785
0.28284606592301964,0.2640223569382866,1.1935398057387276,9.520387577750792
0.39205089915424063,0.2637166206517144,2.0952739322281424,21.56465189167794
-0.562774379218532,-0.7986545057291916,2.1256958037982625,18.269389445058067
0.2493870811651715,0.2676624054042057,1.9824446007990084,14.617553492427401
0.5347301183992523,0.6553953899802881,1.4109075471981223,8.966158639829473
-0.4575081622317858,0.0028410152889259965,3.1923502605004908,24.058582676632415
0.23175222000388862,0.19379157089557375,1.9125631476910963,15.368476790838413
0.3381764991099271,0.331381099585051,2.4034974233557054,18.973782995360068
,,1.3683756,7.17888255
0.09990346690265495,0.25124958726163504,1.1349586742264546,8.186346995141957
-0.21760397414205435,0.42292399277083736,1.0723347922415762,6.131621637656579
0.4429389878727793,0.6447973029405438,1.2903796287826848,9.638726387063075
-0.7313354046062153,-0.7474118302170512,2.574633074038999,15.342666647946505
0.4751376621660306,-0.37885241459993346,1.1709277021049505,8.394418394888774
,,2.6126463,14.429003999999999
0.3032806732502247,0.3350264785257998,1.3522961613311084,8.516432732313806
0.07747694047825227,-0.10413459956380633,2.3183400200457607,13.03624132091079
,,4.3776678,27.420554
0.1711529773246484,0.1701245027953321,2.345209120350325,17.461205475659117
0.43141535655808394,-0.06633298940095589,1.5006851548089408,13.341314123955215
0.5351802305304949,0.5768567828447527,2.0111478265696885,14.38373310840691
,,3.7913435000000004,25.7868402
0.6771828673140872,-0.046729953638054766,0.9664706235851352,10.785639845289353
0.4051800776284833,0.2657911946150677,1.2220038523275802,6.69614913205244
-0.2877727327452759,-0.12305403191565922,1.7974414737180682,13.309907354396415
0.32196136238525797,0.3741300331369004,2.939283219485006,23.54734409594435
-0.7720687906147718,-1.291241460550531,1.6461688984849583,10.426350207304246
-0.24732949570033202,-0.2701907467231863,1.6206482481408893,11.462705501047562
0.39742646321759634,0.306465713571627,0.7541951091657781,4.926759165118507
,,0.79040164,1.294752
,,0.11057486000000005,1.4576524999999998
0.5804021800209178,0.32638902006820236,0.9260134913929918,10.015547179034035
,,0.23461043000000015,1.9023563000000001
,,0.10556589999999999,1.5303786
-1.1530708548695041,-1.8992559415960262,4.292192840756575,38.945262704444566
0.16432975692783536,0.07938790366985404,2.13999661138524,16.90708109483661
-1.3205330317586572,-0.8643558722781379,3.1649518044881044,20.768450900175903
0.2426766347767778,0.2510956896610519,3.1823418424279506,26.960070943782423
0.29800151869300906,0.28268874339180394,3.4309656235445414,28.316664257010913
-1.032839521481896,-1.1685113943523806,2.9500414757794666,18.97260119201578
-0.04508177230304278,-0.13006701236906304,1.7993861552091093,16.594921044358948
0.0217949102109537,-0.8715188362836179,2.409342687857915,18.017641252586543
-0.8046830369644764,-0.6912050822718037,2.2322260692650886,18.428324251783803
0.367473538398395,0.3673552188881901,2.7601883447465885,22.873654730062555
0.3949978104544988,0.4314368036895879,2.9047550143831615,21.282734206652993
0.25184758357012604,0.2807774415293379,3.9553429145535355,29.78878629030844
0.38524676130885815,0.4439360341327544,1.7729595653652517,14.071229083485296
0.21876447949812106,0.3551998489604218,1.6215173853469462,11.482745332202283
,,1.3200180000000001,12.028739999999999
0.32855247250548014,0.7509206271927567,0.9250842799739244,6.066131160407297
0.2122738052806299,-0.6649390621105407,2.2475710769181108,17.48860088831748
-0.5038456695663278,-0.46019072636809666,2.5716049643682863,17.980750031740584
0.7599136187975654,0.7380292974929958,1.1052080884746303,8.34584163926187
0.06059359415627941,0.01550150341909895,1.739098045984415,12.607298747238907
0.12483108109397811,0.1867926620153797,2.0970810456921787,13.51133279785172
-0.0023615835266912466,-1.3766010634420622,3.201604395800506,20.46052599373269
0.3405999532398931,0.26156139684634494,1.8070403739810816,14.714492286582347
0.2897670889386862,0.26893807556256766,3.0677666927237555,25.84184103239284
0.7025588256730149,0.7040085987971685,1.2972285364672642,11.075135542910376
,,1.40426,2.377758
0.29894034737926056,0.3913231107590509,2.148334549333522,13.314626199065149
-1.0248915743170364,-6.5059645610668815,1.0980846776522402,8.204527229908372
0.1232604965405163,0.23633940312829949,2.3872559812570264,16.771637056031825
0.1930666582164302,0.1482726756418563,1.9482334401409886,16.562621415874982
-1.2020158301530643,-1.6851067079289308,3.7672507256758996,31.484853631365233
0.03514900475485938,-2.22557494768497,1.8038201241464948,15.385833391795853
0.1392924447550523,0.17276323936284566,0.8283503654222226,5.060266246035567
,,0.02775609999999995,2.4221465
0.33146735335294275,0.2328335368223885,2.115183323512409,18.815830953328316
-1.235980904895718,-7.445370673206755,3.5142398734539455,24.82028272803535
-0.6124747073283041,-0.6523385860081541,3.4040899469664456,27.488487972156648
0.15793061109800222,0.24160716352075484,2.107591702492949,15.862904310170277
-0.544353279154673,-0.3126991071072198,2.8788553564412966,15.0245037660791
0.44330802345701503,0.4288703012035435,0.943357189083677,9.907086917134038
,,0.7944059999999986,7.762100000000004
0.0002538640183019636,-0.12846811681082282,3.2917523897568963,28.369140156805056
,,3.63115,28.774815000000004
-1.1234973270544355,-1.1236477058503644,1.509415224333242,12.757100411428157
-1.0060764413124663,-0.9996521270870995,3.2139410950940612,25.840732369474587
,,1.5067062000000002,7.018114300000001
0.27434593063349644,0.2567679357815188,1.916263435900222,14.959484573897026
0.3065742754946612,0.20727866565406305,1.8370911330534216,15.963017223939955
0.36495926310421223,0.4017272802842631,1.988913594381005,13.794567852943748
0.3212573705311813,0.4024599980929512,1.6836455602930647,12.046110124457348
-0.017061828735476237,-0.026683985457461423,3.5926754630891837,28.478862976176742
-0.7635226811687743,-0.6081113187305651,1.649224161526844,10.743945237507804
0.08033290628447587,0.11630070413542781,1.645225218770592,13.08106667208804
-0.7405826750960671,-0.6325127465851459,2.1720647763064065,15.998871658491138
0.06936146817177924,0.28711866109915385,1.0230694470682336,6.122554761459675
0.5154763129160842,0.21849535503985995,0.9462092842943595,8.152363692249926
-1.1836377404963234,-1.1786628242686774,2.5191093783026024,16.061737792033902
0.39961607267649313,-0.8335176267208537,1.872604686130674,15.199969607632829
0.5746009064557227,0.6135230966943428,0.7854808203649851,5.234897876520087
-0.18333012094616197,0.19673629067230503,2.2721598419099776,17.203404036172415
0.054090448944091984,0.3455468321270252,1.6806786260516215,10.049966108016
0.3411655873451884,0.37550601719419796,0.8003362241015415,5.81393450454669
0.2638027564260801,0.3406772790783401,1.371723310399592,9.426020304435186
-0.8419588367491702,-0.8001571550814033,1.322321061747638,8.971755935924318
0.03421121579323749,0.04764881403189258,2.4009942132088606,19.537742268274876
,,4.311289,41.193004
0.36538908218532284,0.34461030391973746,2.151910108198915,15.83524998461871
0.49151004717749336,0.4114884610339641,1.7056309718894351,15.822587387345285
0.23713368863772644,-3.866204754656539,1.0448196529703704,1.129860186467557
0.14564275422141804,0.1488211793435643,2.659003356096626,20.646202149410254
,,1.3320399999999992,15.329176000000004
0.17027886482456256,0.15317980154205957,3.9772964557172674,32.433204111437576
0.5900274626097664,0.5538493968129468,1.2227018511828107,8.746449752444487
,,1.9374460999999998,2.6207116
-0.08626903191627333,-0.10689899070613929,3.48943436986854,24.746913089610942
0.15090249664449418,0.03083941887396635,1.1173447636172904,9.11909873081733
0.0501635815730761,0.05025245426039249,3.0127164885808626,24.461244531564507
-0.3020728731944118,-1.0666577489490727,4.71312669765836,41.28669680123611
-1.1445507416339504,-1.2008183782687816,2.7883967500600284,24.81008309345433
0.34846338843315716,0.3693789692031738,1.8621596336299253,14.132927607480138
0.12171517945192079,0.16096123356114755,2.965074265291471,21.880455164686694
0.10092189449401301,0.12452531713070603,2.0329996957588246,14.76084556893659
-0.011678577248244837,0.023352132371059264,1.9250359540124145,15.345619579965843
0.1500559287034845,0.17397626185393078,2.3711214435788825,17.483417874392746
0.42152098645283653,0.41251524590769706,1.5056469407544861,11.026242416420397
0.44574476078295056,0.48250607646298294,1.2247542248993288,8.938289135265045
,,0.6959354000000002,4.892714999999999
0.6010860144040266,-0.38911902257516395,0.47913969651973637,7.210024760082502
0.17589465972545248,0.2028369568406697,1.4012817995441766,11.941057881850972
-0.06465129994145524,-1.1124109014235017,2.056773907661503,17.613850747768407
0.2093589943751324,0.2258187689242036,2.3761032314644956,17.718678937322185
0.31061657668331377,0.3435654987386527,1.9833973665169948,15.843933554009046
0.4315346162906083,0.3793267274427501,1.6660458250100485,13.685665771753309
-1.0600382559870525,-1.0648848254846888,8.078849981410777,64.17251855014281
-0.3846811651981068,-0.6665762978096457,1.4829935489662074,14.166636271527034
0.4428668525038322,0.4773137635267174,1.9609623332809658,15.941995926365061
0.2873436108167554,0.09918914680998736,2.7642471439224443,16.782673879036505
-0.1479121140274251,-0.4044985173468141,0.9573325016177973,5.4513787248030585
-1.0548630407028803,-0.9525182017752067,0.9548158888613395,6.354395043680009
0.17616523410399265,0.1347672066697988,2.2668273848475593,21.27138761951912
0.34523949025195744,0.30855447265138125,2.0395685352864437,17.775047827216948
-0.37812141161533996,-0.352478699484581,3.9190888494097096,33.93324862713853
-0.1868083226456494,-0.1298005987783002,1.99966453705774,13.586775345940705
,,1.5136479999999999,7.4643899999999945
-0.21339229970480722,-0.24947533720366577,3.9386457968218913,34.442119328164985
,,1.576213,17.331849999999996
-0.5058292859143738,-0.4819932423160802,3.6501999318993748,31.222664263933027
-1.3366352882039254,-1.66028214672012,2.880648718837117,19.84266310271906
0.4071338243506607,0.4931673044723016,2.223531754307103,15.368935545751226
0.34063204726534824,0.35634111711858785,2.090088177622285,14.558896445697068
-0.0013058503181628822,0.04177442153622024,1.8796526374516156,14.976833072993621
0.598671950526029,0.5277265477616397,1.4300378073784683,11.295562512540748
0.1635565287151789,0.10344250025654589,2.09311037597926,17.578578206251564
0.16283965825677937,0.10774283204350066,2.3503736415209864,20.15449019432085
,,1.5917610999999998,8.281407
-0.16296095509021002,-0.24144025702321126,0.6356999014405027,1.479239147478493
-1.032345731841923,-0.7124006945613233,2.338754698315082,10.699436189723178
0.29250372463898355,0.34325012437080016,1.3651513165970026,10.243190838511858
0.13192606359614378,0.15474308671221615,2.3740441535649994,18.761095504543153
-0.48251226741163333,-0.39263353205718077,2.4849734076038743,17.61614290233162
,,0.7707875,7.6689600000000056
0.3562344228155341,0.36410088586977274,2.4990559542192807,19.143922953658528
-0.2191551010670436,-0.00844742632248252,3.78201753083272,25.4638352941551
0.5761925288103713,0.4929806951942919,0.8479541638135263,8.959445594954206
0.10718288275902876,0.24176300507438875,2.2102526146676036,17.161319347068765
,,1.9335632999999999,13.542963999999998
-1.299060885205924,-1.36571399031526,5.268236746173537,41.12143768873556
-0.5996872522816428,-0.4981722691531154,2.540716568601319,19.699616777564707
0.2737758066524111,0.30925635684776276,2.5720290781911985,18.152405967385196
0.2015819151230751,0.25651447384674286,1.8126609690490023,12.805263023773534
0.2957878261393325,0.35854695774378986,2.229262936668823,17.442035099819996
-0.5205080709864041,-0.5365331914610516,2.852227971007222,24.97622469408346
0.43410142199622725,0.43538094378879444,2.2468269124721454,17.014426477619118
-0.47132793910779003,0.29949049908997505,0.9873171513364271,5.029696079230027
0.22055092771458684,-0.2597555667529885,1.6833902868668895,14.955661981251803
0.721114376149693,0.7114754410407194,0.9960819490767736,8.77664541990746
0.13086032546702842,0.17589722658286622,2.4398911657067743,18.16495969452029
-1.0570738598492428,-1.081613220465143,4.60074038012781,38.291334516041914
,,5.76359425,25.976909999999997
,,2.075623,18.792059999999992
0.1433474098834625,0.06618715511366591,1.5627814101464506,12.728746275790835
,,1.6101959999999993,13.378009999999996
,,3.638388000000001,28.32468
0.042957605879053284,0.042355152993257206,1.7983360573179865,13.751191534438094
0.3956652377560069,0.39154284363134695,2.488747703115432,20.014778353488317
-1.1563111103801718,-0.5433988994177987,1.355105299149048,6.984237880153566
,,0.24205100000000002,1.5986580000000004
0.1974604908252211,0.17562526906193643,3.5124007816698763,28.79828144144179
0.6898176476405177,0.6776647616757694,1.7562129655695615,14.022102759188405
-0.6945818979213745,-1.0857168479050734,3.7235482433560683,36.6867169701538
-0.38192102310978493,-0.3020650074537765,2.352519256453366,15.329797905197935
0.031843419855783206,-0.05611738634846142,3.6033174600023057,32.84203606495015
-0.20600750701271453,-0.2797097633112391,2.8411850546834074,24.10253806897685
-0.09391126104459113,-0.14664045748659849,3.5261631193861995,29.6703976289676
-1.8594374902754995,-16.374825258002296,4.838873741881911,45.793897438073174
-0.0018767207360477212,-0.009925780684314045,3.676015728952719,31.10627916082473
,,0.7315363999999995,4.591930000000005
0.46239142620259943,0.5394690776966317,0.8945820133830605,6.3084517547494965
0.21775628808964642,0.26435778069748916,1.6926440294820126,11.806402417907726
,,2.6047646999999996,10.639975
-0.5525577047504568,-0.3614404837348637,3.7807283509564,24.16030106428351
,,2.8566210000000005,23.22414
-1.182340946401542,-1.2037559670434366,2.1045060557137454,17.13861189628034
,,2.9134713999999997,26.957039999999992
-1.097256221420801,-1.0805752498436636,1.8221713546141876,12.997133517561577
-0.46517915913410546,-0.6190833372096629,4.667513809149537,35.61932179409609
-3.8128109940448374,-1.25851977174408,2.1725828105850304,16.509959122947908
-0.02408536929101146,0.024854326529278215,2.3462819608682097,17.076957351718953
-0.001391170118784757,0.06086076737492985,2.4631900183932256,15.745017295474291
0.0003357335582186982,-0.11614847007886109,0.8348629038289639,8.89231328155209
-1.0641810692069162,-1.059314386431696,0.9897518233121542,4.374349216122951
,,2.3695879999999994,15.773167
-0.09369153498885074,-0.08397592472206816,2.8556434019889516,22.92877478197378
0.17539573312567525,0.12568387473351705,2.3681472835657047,18.40868993943552
0.1322309472537544,0.14641668567261734,0.6431856699189897,4.430135232019728
-0.10019644916511705,-0.05224788182730178,3.256630026572291,24.14324417139092
-0.8814571563827103,-0.8731707973935521,2.453328507357861,16.042640947914823
0.22329103606051737,0.41624840797710727,1.3102405565695567,11.905884684314822
-1.1832475426349576,-1.0528180717473288,0.9525772221618388,4.785931752603927
-0.19091861642079655,-0.15013307122921193,4.071310111892022,31.051499494192928
,,0.7623530000000001,10.083286000000001
,,2.0536832999999994,13.150477
-1.120300433700864,-1.0032724424648083,1.443815312544654,10.553601956059584
0.5026234048486643,0.5699663770910504,1.523148255731064,10.59345431617658
0.3720523963486234,0.23356545043353172,2.817164577920171,22.83609065999515
-0.16150258299954445,0.17619814080425333,2.3566122253453345,10.698235001993787
,,0.5632998,3.5734060000000003
0.7623256901909689,0.6953598788385468,0.839068842418528,7.480096600644537
,,0.17677560000000003,0.5597100000000026
0.5275368462821102,0.6196631128620786,2.6798329879856086,17.24348518566077
-1.6248216937084137,-2.4727602925150673,1.331837371035249,16.002694334560708
,,2.3588132999999996,20.98547
0.5824960867200741,0.27332020134532686,1.4170467855957023,12.303191508336075
0.24091083704204008,0.18787357700158935,2.316463448121029,18.60232154271068
0.5061579543503341,0.49639860869992525,2.927084309665033,22.090569709390195
0.585151683941554,0.6412285721628029,1.3553049002753532,10.089356769150093
0.4092133259459598,0.4216259098010412,2.686334783707263,19.453242656829882
-2.1071537664789526,-1.4121595381813905,3.1739812716955322,25.066692376190893
0.7260067696139471,0.745956067453671,0.9068895878178377,7.7466064548389335
0.2279335266870739,-65.60335782408754,1.648007009310345,8.880327088358609
,,0.38687899999999953,3.0502900000000004
,,3.640155,22.721219999999995
-0.019831703088102337,-0.03569102296932036,2.3977326074193104,19.956329002780166
-0.07954164898803873,-0.0744538781943187,3.3269790000197768,19.397473050520556
0.4619600928041202,-0.19387965688651,1.6467953759010154,16.817188900549393
0.3599015360214828,0.4025530592218318,1.9721952705305958,14.218803183007502
0.4467640090990058,0.5502962820618648,1.9633801387890533,12.674344441854009
-0.05413417593683323,-0.09528097084033504,2.3052955369729196,19.780617643711274
0.4461479397108622,0.44955079532849407,2.094318579333846,16.10413642012589
,,3.3943171999999997,29.817636
,,9.0132797,70.5921417
0.7900623709360208,0.4965597907719832,0.8993819509666066,11.590041181667326
0.6083895449418787,0.45723112019520507,0.8737934348253245,9.86163136833014
0.007343246991615815,0.40843581437494303,1.578171355106311,6.260622845122477
,,1.4838286000000003,4.72678
0.6126729973390368,0.7145679138925709,1.5541128951454581,8.113523288210729
-0.6184251738281878,-1.7945450882980611,1.2481631198410126,2.984385651319904
0.7173613782384988,0.6275028805773868,1.3008314909687202,11.533970324658924
,,5.822704,50.79235
0.8046005192202264,0.6103647184551897,1.4232937306494469,16.456239374870243
0.09129789519402842,0.05966215162592026,2.0491674962762287,15.114915679519681
0.44966633710883597,0.5049239971746522,2.4167633295950304,17.377663064869388
0.4203001180461061,0.4350625396895662,2.1903761539923607,17.179209118242536
,,2.3465629999999997,10.096682000000001
-1.1634385455839795,-1.1753672604594576,2.2096305528748985,16.25478142803855
0.4503433809263132,0.4592502403690769,2.1092372217894138,16.809342277105053
0.3516241366919082,0.3783360695718867,2.2273632991938217,18.3434535283586
-0.850581361611461,-0.9485342830938159,1.369658380895354,13.398590304312274
-3.537644469440967,0.14943433646485238,3.4908698763108577,17.210840980597464
,,2.600091,11.6189447
0.1952364567226822,0.22951669925967733,2.049361350166459,15.738768704818417
-0.9316095175156622,-9.647240926302263,2.35437047386099,21.680508109176778
-0.04972925331313105,0.1774022960282623,2.941557764711237,17.619550176917503
,,0.3844812000000002,2.41662
-6.670451102649287,-21.226232745023513,3.927943029618705,25.189430654006504
,,4.6447537,33.493700000000004
,,4.5217497,20.2738934
0.1048568383168027,0.175587241309335,1.7188200384790007,10.760758680215494
0.8319432618420127,0.8187492205023502,0.883628500313286,6.562668645543114
0.4725398383213396,0.44409839797396145,1.8956104524337558,14.77297907713334
-0.49209470130949584,-0.4965959040983883,0.6860128393266038,4.739977425496277
-0.3332915691413847,-0.4953708797698686,0.2500754207638318,2.147520095586741
-0.9315360088817977,-1.076568728058823,4.184420486565058,31.882063789497384
0.30136479926778825,0.28112685719191766,3.3388693172846065,29.235955243855827
0.6296477753756458,-2.521285352933245,0.5521907344430181,5.804431356747132
,,3.0862979999999993,20.201896999999995
-0.5805833193288761,-0.5101890417639869,1.2306612727973978,8.46103193451899
0.3745821667478666,0.30251875740265377,1.2874661743075189,10.899836831628425
0.24251173216086042,0.13066808176635925,1.393581510550685,10.811872427495485
,,0.5207455000000003,8.258332999999999
0.34432814573419834,-0.21785274298758028,1.332944026091078,14.750172861437706
0.528775820916159,0.41095773097869304,1.9798392865213785,14.965963856394298
-0.010093283371303441,-2.416342849059681,1.3157784117347686,12.581086308410669
0.6834423432052215,0.679564193420706,1.4034545269345655,10.339134020916458
-0.16593112649260844,-4.947053962485856,0.9914175915150399,11.473016333661327
-0.24584944033997957,-0.312217722894341,1.0513636595821516,8.375639633847017
0.12966036526353963,0.018605084747439937,0.8818773554242797,7.775970402437664
,,1.8837329999999999,15.853279
0.19199447024990124,-2.3552930091084368,0.8053539987539478,8.017783178125475
0.515669478670059,-2.1829937654650147,0.9960014014613684,7.714529128265155
-0.023746272961538972,-31.88395143230627,1.2047548344540846,9.432109837827369
0.3085869624565758,0.09296510329859842,1.319094146684926,10.86888740008785
0.3318681890241061,0.08161076896676267,1.2103978375026292,10.958936319852702
0.020137129681152555,-0.3100379190136495,1.583316604807935,12.017259177908002
0.23719756514919432,0.23476348079309517,3.161662259539046,25.014156663513212
0.40033722157790963,0.3313546543084205,2.8962981158307333,25.22683728397187
0.5036122761899451,0.5060196027306642,3.495670141012792,26.074892819043434
0.28794715747507094,-2.3807720266120107,1.1326136370938766,7.289851877441026
0.12465241948173145,0.10647902660305797,3.4251227320359754,25.848228107772048
-1.163188565991359,-1.118775904656291,6.930960896692583,51.12365017029906
0.4824449275571191,0.4733777089234411,2.7122113818207194,21.418621748377852
0.4326696819348914,0.4302028899641134,2.2808517848342214,18.105854645402356
-0.003445678668405172,-0.10499110008609569,1.4867952575194923,8.83906147161573
0.5699924576669733,0.5659325038176947,2.4738685268477227,18.591252792401065
0.47059054793176636,0.4998744572158952,2.2975114193383015,17.78125564677467
,,0.4417543000000004,8.424137000000002
0.24198131785929267,-0.6634582776162177,0.4945895877037714,4.797273073024993
,,3.2461643000000002,24.640403999999997
,,1.6995777000000007,11.53978
,,2.6289379999999998,22.298628
0.09476374512620378,0.07596189277314358,0.500297946033411,5.506026923752645
,,0.4710799999999997,3.6811369999999997
,,0.9071705999999997,2.4123100000000015
,,0.8027135000000003,0.049129000000000644
0.797980617416653,0.821109407413002,1.6093449962396242,12.278497318376377
0.5391826349751041,0.014675018997304612,2.2138937069088462,20.937679713895996
0.7011905110258039,0.777120762605115,2.012332311244693,12.531533321545355
0.5987937245424864,0.6007827909894079,2.948555102137481,23.34356730075546
0.021332908508514214,-0.32937152423829397,2.4375515962636296,10.452500042503654
0.6745211583750179,0.607689677347742,1.9141325495879775,17.002555227986036
,,0.77064336,1.416758999999999
0.3604353935867507,0.43193035363818166,2.643517148918706,20.445354321944908
0.7308762787297116,0.7467605141629553,1.8233809026467547,14.226011887846402
-0.2060736070552014,-5.011043244626178,1.6010046093487988,11.750561542850622
-0.29028080572851733,-0.2727880210200291,1.810162958377081,12.044715016124126
0.6822448254051595,0.7194461173464939,1.9692417020362225,15.139578525731439
-1.2907615928432246,-7.378489757771167,1.1752876021582206,10.47281499720299
0.4763594810912275,0.25063426784162424,1.8840048733458228,13.925861984858884
0.27952377551626884,-2.284591666417074,1.6468690780581634,15.938588478488443
0.32039682279903403,0.3298304481284623,2.656763806689863,21.92325133855596
-179.94533402149963,-0.9550063583482162,1.8167150593012282,9.46142941293266
-3.165414095588857,-0.6286315413351224,3.474941054002576,11.28677341186707
-3.046014526737337,-3.3018002212259105,2.7143947053613955,22.207045131754757
-1.241095858424094,-1.2942562864831628,2.0113004022300993,18.915617148903618
-0.2971635932047292,-0.18307802893406433,2.5347297636819635,21.580990707411804
0.24744890800362895,0.2050513296920995,1.7098306569243942,13.486084400938221
-0.5638875227706541,-0.9301641877429119,2.493814222713086,18.342211631787173
0.6806086889628461,0.4215172420274962,1.2539962180455593,13.887544003347505
0.5088127161396412,0.45662994418489133,0.6815246335645212,6.348250946648395
-121.3700042887183,-0.011610488772856309,3.821819026212346,17.47622053373612
0.7167590721857775,0.7489064141744235,1.8393513227097358,13.692658819878746
0.40032243600189976,0.3585357401722411,2.587185687942773,20.869611591585734
0.7347250203131805,0.7548518116175194,1.9091070782415227,15.527612062659609
0.7101194257496067,0.6046289053532207,2.2010728346208954,20.075766413746766
,,11.2276094,63.421867000000006
0.12012072357536552,-0.06836167355252121,2.895059089205725,29.58711927300822
0.38159665772827867,0.34272943051335836,2.167133112808679,17.5801843848263
0.8505040444477142,0.8440787700859234,1.6280227636969467,14.152732713946117
0.6670720771674238,0.6745770445042711,2.6388741411848566,20.166715068999554
0.8688877260162313,0.8114399005538595,1.0212354075171362,9.04728296058053
,,1.8207843000000001,20.418369000000002
0.4056917321101713,0.3890205008701736,4.296361972135182,35.67457476344229
0.495965756539672,-0.8077122742629279,0.9038134121622318,8.600205889593942
-0.12856957848813644,-9.619015554513522,1.0296820158772018,10.92844544791128
0.10901954386306412,0.03337155457392993,5.0097507429764825,39.08069379525831
-0.7669567002291511,-0.8379204602162875,6.12772444253006,49.353394358605655
0.7222153926736641,0.7265844792296652,1.8732450476674896,15.397598563115205
-0.10463335339591029,-0.6482662349751482,1.5816877220661887,11.443610296292265
0.6087109259781217,0.5745698971749116,1.8313332565211182,16.50353613473917
-0.057310778457397404,-0.7688826057864697,0.898757975504375,9.580263442559145
0.015150736364157869,0.3512718887064479,3.464708871382331,22.379839810981625
-0.412714764057573,-0.35670392725368183,2.603073207268638,19.321753305403043
0.6344893571386745,0.6088130930767255,2.6379398426768406,22.207946057825367
-1.2720181336794019,-2.3245780714279403,4.154083587888547,29.805579706802078
-0.6895185319067023,-1.1457048989197185,2.3326321287217486,16.131973713445664
0.6125818418711237,0.6582388676105281,2.261428871877179,17.030346666913537
0.49338401154969447,0.494837567383421,2.403772038921853,20.37889349514554
0.10617382463198988,0.12299074051226067,1.6880748698073225,11.664156696640791
0.8237336678528276,0.8262595899540813,3.058379546230901,24.790456811917647
,,1.2233447000000002,10.327389999999994
-0.37226758883480193,-0.3640467137881429,2.404340115598458,15.750119151692173
0.01226372338717463,0.07054574180321027,2.224987788951866,16.509213054594326
0.5132817962999427,0.49622465145400685,3.4297579906141915,26.606698727246357
0.026537431613098628,0.001273291257840703,3.1163081333853277,23.958048217149134
-0.8732191306441417,-0.9035604593738173,5.263594638987468,43.84904102487089
,,2.2217032000000003,17.79844
,,6.574021800000001,39.350041999999995
-0.539793470222353,-0.4681240903878763,3.764267728893849,24.89095209035265
0.29013948910940235,0.27165013330581633,6.039931793070746,49.07340870251745
-1.466603246386827,-0.70851817228307,3.256072394975867,26.53597867977352
-0.032878888442913645,0.06551964253213305,2.6171046817520507,21.792503703249942
0.47077625865081385,0.4382687480896267,2.955008909308397,27.931938188507207
0.4369722068887527,0.03529044854477237,2.1113746298892733,17.75782432957951
0.2367353540952234,0.19911722133581755,2.159954655820845,10.559043061547245
0.4206309487050608,-1.4919310489279711,1.2819143575199399,16.121491610719083
-24.936776651100327,-1.6808218050493329,4.267864065590108,35.56788490807091
-0.01770109598808589,-0.14951360886879672,3.571120069403623,20.721389364462325
0.516650458874852,0.5120378134455748,2.0312447151298323,12.587655197209179
0.601218065560901,0.6069801728348063,2.9102518822328545,22.575978630780394
0.08867865962887933,0.41259436710699127,2.135071723059695,13.58974884424965
0.4797216455808453,0.4055385069189271,2.5803175019693247,18.979826402031026
,,0.6936325000000001,15.472795
0.3862280544184057,0.20743599865580908,1.873972944628322,16.10246904302736
0.12738956761731568,0.01593484212460261,6.353976527736308,50.65918415357169
0.11428400612445133,0.0664278407944332,6.298947249481899,50.18435863955383
,,7.616815000000001,54.11847999999999
-0.05954347181276254,-0.23508873427886123,1.9386882802543124,16.4054750003599
0.012570586357400826,0.0899719082671726,3.038166712994977,16.063429096519478
-0.6196316605831522,-9.618070350543622,3.4033966754112077,27.583486070882778
0.11918746792272972,0.14772907003705305,2.032011844166693,13.028139306544702
,,5.036685100000001,33.60325
0.32647230125235727,0.6840414570474107,2.3052761746427257,4.972974297780605
-0.1883912719407681,-0.3766662026800831,2.60318477344708,16.84808433565598
,,2.7613029000000004,29.872582
0.04035359138342287,0.043529750745134654,3.7939867637621725,26.09417667841842
-0.07196587788279007,-1.0274442809936613,0.8213217839890466,8.643797606270155
0.23460782422010296,0.18003828579357462,1.38917897323632,9.572297462637621
0.3664434412205825,0.43491214166517667,1.8970146941993735,12.986180211943784
-0.05594458450069495,0.025743801485999418,2.4929588667810045,16.302723680672692
0.3016986735783529,-0.29347159171622694,1.0223644964725433,6.681205949946488
-1.178937304781663,-1.1885476213127535,1.9509429195000159,14.745099624790669
-0.5653325237171667,-0.43112840536835906,3.375889502762049,18.850410302224596
,,0.393624,20.295606000000003
0.15374676668399423,0.1955372926033201,2.4180666721362547,15.098151232311066
0.3656438745441264,-0.09365234412135837,2.5971348015499696,17.323077841627008
0.33838304553298515,0.4292399790362007,1.71033470752984,8.986555807278753
0.5873634298372999,0.1610302327374864,2.8430862417565437,11.932844399608237
0.7365967966259701,0.7575996378762224,1.4288757020812166,11.852757977429693
0.07510957678503338,0.16145156166623198,2.7963035349109258,16.496967094397082
0.18442620576299018,0.11557939010662288,2.8966189843612713,22.772244573808297
,,0.46986300000000014,3.8799339999999995
-0.10165012646403526,-0.10150497755479759,2.9551532961543994,21.389248310353175
0.5845202501543132,0.6783002564733913,1.5887020249573585,6.956226215121727
0.09968889062812814,-0.16779007917935163,1.6361796902537682,12.916836514123174
,,3.0002403,14.010268
0.3609852594796693,0.4443455501236425,2.069686770587978,11.612916781401765
-0.18557841553086396,-0.25199093742689516,3.107397765525062,15.086322761739897
0.27446986564180376,0.14723402046531708,1.3270808376953322,8.4215868808293
,,1.907635,2.5570600000000034
0.15644758914996015,0.2956534207054966,0.9376846603541007,5.93721838390458
0.3943338036586832,0.3365929641215325,3.5030882860518657,30.597548552675427
0.04803378337634456,-0.4107981355160617,0.39484825555346764,15.97631513060327
0.3207406196830498,0.35493599175888113,1.9345047842403322,15.536576695110481
0.5230309985424435,0.5878898265929267,1.5933783602600102,13.129022843670738
-0.8561971354947411,-0.872265615387799,1.2754450346105346,7.948809615187211
0.028219780604852196,0.2354903508572237,2.217172205994464,11.87547471689976
,,0.37023260000000047,5.602457000000001
0.3561969117152348,0.3791806767346758,1.7456976349314208,12.264721348381673
0.1952694327276826,0.3293319052291275,1.9770191189241555,6.605019917994378
,,2.5802430000000003,20.41229
-0.9703801530956295,-0.35223774336126734,2.3818010249862756,7.361106148843137
0.4068269122275229,0.4697730887157695,2.285097979426204,16.364477701080034
0.4205916636474053,0.28930237773077916,2.773874408948476,22.451976591714043
-1.0925959716751912,-1.021015478052032,1.9716129956098445,13.41292282570178
0.1985129805035467,0.23980549883751645,1.955143328143208,8.688516031765623
,,6.364246,39.764449
0.0963763863139202,0.14318762948366415,1.8942450509265902,10.094216203965143
0.15128226778148934,-0.005994331478681225,2.433762128846826,17.740058122147374
,,1.0401430000000005,0.9693590000000007
0.018111516168642816,-0.10227989357431899,4.365871317101694,38.53609273264804
0.07781577753456814,0.07091139529366342,4.4748763102869376,25.737725178366667
0.3687659108755863,0.14700734767003876,0.9845140904606214,12.513638357007206
0.028536627055193997,-0.02965326142670932,2.2210001553616174,15.7001207287752
0.22681318836782727,0.28189995671873036,2.507385032894785,12.73652341014203
0.4714548250830739,0.3978459518020643,2.51476101173894,22.24480594756426
-1.121502375634119,-1.2303976026918826,0.18434935482155873,13.258517333735114
0.5840378613534831,0.5783294708416624,4.122545773825961,32.762013603292054
0.09760603234952259,0.05321857264095908,2.2046376737151694,16.64208162093666
0.42377940951383175,0.4688157544498772,2.217302881584175,16.06921786852344
-0.25150913989685963,-0.37761690367539114,2.8925645493441783,19.845536041352528
0.5070987545399058,0.554416284759073,1.9176781530849887,9.055668863621575
0.152464385961953,0.16142320972756763,2.744045717077357,18.03954567847628
0.19685098293167902,0.32607722820616636,1.9106329096834886,9.912589439767421
0.7354199580224702,0.6392529000546477,1.2126373947271698,7.809151838759109
0.19374443088019933,0.33028022247068844,1.4660659121967552,8.233465997518092
0.22100354203738715,0.31124951498102715,4.540836007211004,28.185153923647746
,,0.6893341,1.3047339999999998
0.4040507067987419,0.5963719309873039,2.1104290827743424,16.15135249305571
0.28117478969285914,0.09497710330364084,1.5207690646887098,11.194851505125325
0.24295589516060867,0.2115662288501019,1.2810368793251758,10.366226663658841
,,1.4032180000000007,11.847300000000004
0.503649363420271,0.8187462327313985,1.043419429342295,5.323989716035381
0.6972861321163317,0.7879862229082257,1.395623442699593,5.480776957489269
0.29258862209197356,0.35751764467180314,3.7448166438495,24.356738278857502
-0.027784142292740732,0.09813412016337753,2.4026439582385097,16.11763305069547
0.08542465933974686,-1.2083084982964887,3.8879197095107947,39.11545966088285
0.8310194259160267,0.9514867438589554,1.083046615354393,5.275399008850771
,,1.6144610000000004,0.4080499999999887
0.8233374077132802,0.9329512854341923,1.0432166160187766,3.192568874478617
,,0.463398999999999,8.063175999999999
-5.634920024500857,-0.20317978517348467,1.894336063007962,9.326730346613974
0.9303832440660533,0.970047438176318,0.5145341582655139,1.5996945302359058
0.868292105352622,0.9552659417697026,1.4627260497478674,3.323504317540822
0.5333935086589913,0.5963846327875593,1.0811730435033282,6.892884026125567
-1.0621540169194206,-1.0272597139936015,1.4900882475642165,10.485979031557907
,,1.1149845999999997,11.674950000000003
0.9048466160064952,0.8851306619197385,0.873084627222662,8.300902903079793
-0.12677857271168014,-0.00039300562751498624,3.3203850874050302,25.768653155410362
-0.029962448967403743,-0.2587375767739555,2.0028219154944473,19.244939706127614
0.19004263507348795,0.15296060300352743,1.6662946919633583,12.18791945464407
,,3.904668,27.919114
0.4581749772741718,0.5006907145857877,1.7014252675315353,11.175750012023352
0.42647649039841373,0.45469629998087224,7.309579202986337,55.66391392309161
,,0.5597510000000003,0.12591700000000117
0.30616430289284746,0.19510168188487886,3.040335601655785,27.22469170922258
0.11503275221253595,0.576146748508302,2.1272950191220836,1.5977279614892226
0.2926032459847159,0.3456339598074465,2.480352530650443,19.938402837060877
-0.08345208312343888,-0.09498484770197058,3.5595921636540795,22.325482143155273
,,2.0348420000000003,17.93763
0.37540799658608004,0.3827406120034359,1.6413806396812471,11.69565092337981
,,1.6341995999999996,17.819211999999997
0.690991018642489,0.6918336861015016,1.7546790947335336,8.44769115776163
0.24585084933599732,0.2742664883762297,2.4424754538101685,17.678222159644772
0.7228051602405092,0.39866338679408986,1.5527878947549352,17.675498678412303
0.17001135959955294,0.1878195333962993,2.4103301773440426,14.512179203508193
0.48586150986201637,-0.07773216493594437,2.259274149991589,18.733516297530084
0.5320192091476073,0.36361588658597643,1.1189406132781938,4.086680007789268
0.23515351664342743,0.20218044544822777,2.3753726566313693,17.52774429708323
,,2.9897172999999997,22.321368000000003
,,0.0022820000000001173,2.8111220000000046
0.3207437763890181,0.2338270845120567,1.9834117336930774,15.552523217781658
0.5077858110081839,0.5098544334452964,1.8551608526816994,6.959683144920813
,,1.2554162999999994,6.297047000000006
0.2351734449075289,0.20272647863724746,2.458767060071035,17.377394490020528
0.21803995342049132,0.26327731345852545,1.1694532945366167,7.953425572046793
0.20178366888344357,0.5248888031487653,2.7343953600177033,12.827495736429562
0.3658406538819905,0.2564425339131039,1.6469438949221928,13.505248995824832
-0.027946331367151078,-0.3190332839175374,1.7678898358784048,18.434728441650616
0.6815757303631842,0.6748680447962965,4.68303474672613,38.04563741220129
0.7719982464165969,0.8046726629271145,0.9856585229934893,4.040375184303762
0.21367585134623435,0.2325392177064598,1.2060661965677442,8.627487865705495
0.05462998374321548,0.00014881728223858914,2.157024258343762,15.595459912291668
0.12365094375838992,0.14900190204261943,3.2746512818609044,19.538478130506086
0.15151743251930583,0.07648285009207323,1.5196246338214339,6.095262022661319
0.27103327832919066,0.2606783490616438,2.566016665485709,20.36669576900804
0.5383574936288058,0.20501656214724384,2.1230340783517896,15.657877574206807
0.39859040807210033,0.698578895091214,2.4833918983888,11.378217714498238
0.20313065237587424,0.2188541114973549,3.813684204029361,28.914621319826736
0.3004736267760516,0.2758168909141828,1.329777470615859,10.19522686495142
-11.035558711874053,0.494879646924297,0.6729525563662013,6.918911182043025
0.32179398724095665,0.288892469176511,2.551615150585536,16.759126386982853
0.2318537508117402,0.1640199956420334,3.8496917379480466,31.439523801329944
0.4231468853036201,0.3821751881380745,1.7136780343249738,13.00037178920234
0.27021687192151767,0.1911971131157767,2.5876091406124737,21.16268291928104
0.10247525955269843,-0.1081448720039222,1.6700503482363136,12.011858566426241
0.29591374071787546,0.4391096091029022,3.502161105939603,19.82919711068939
0.5439205119928014,0.6496250425050204,1.9380620347294888,12.016213519380992
0.24510781508948132,0.19075523735769062,2.7213334771249946,20.19830571118332
0.18185704750114529,0.27964870398551356,2.099562053991198,9.530825098844153
0.49004553564970577,0.47430133375781336,1.5801083703658312,11.914588002781903
0.2772638839103114,0.1711396210244941,1.7128570936115008,13.965111150002894
0.682366735800456,0.658713530641058,3.0936897051363963,24.38427352111955
0.3424311788228054,0.3044212305894052,3.412424424721764,26.693807981753125
,,1.8785213,9.264244000000001
-0.44295780895526504,-0.5000393878507647,1.8803692575222728,12.769407807771666
0.1201091217934166,0.1417239058428028,1.6260014172498025,12.52210672439173
0.5861632741827514,0.41648730287530955,0.7023763094148927,7.822222446770835
0.8087461476613341,0.6549697878828644,0.41619666779908876,4.463349986320645
-1.1387362331801998,-1.3810611475815495,0.852155727676136,14.83047959048097
0.26316719507515796,0.09606316349865396,1.2214522901789289,10.742987911631694
-1.1021678913526531,-1.0972964175802762,0.6845595176140129,4.997238305197494
0.6567201363173101,0.6723008392155634,1.0107892525462985,4.872025649726104
0.6154040504079052,0.4580261521993396,0.449505479422804,4.818452591556184
0.383874101933419,-1.6156020164363634,0.644893797037931,8.433621166478332
-0.07816985149012767,-0.5982158152263952,0.4192215742439194,2.593416092250914
0.015378970894499133,0.026905752585418163,2.369791392867216,16.67508606668576
0.3688343365768797,0.5095997982176106,6.074977594547705,40.77552578316309
0.2878494012536772,0.3228275063751771,2.624307229693019,17.464116838322152
-0.05604586652661969,0.043960428805580376,2.6763278872374583,19.757449234089002
0.4145837371030704,0.3838622575490901,2.3647066004668615,16.967354326145262
0.325553283358336,0.3580641081332204,2.129706688971351,13.802267032428587
0.7604983144396283,0.9483170034012184,0.2991533636523245,0.7297413951630402
0.464294092462166,0.4614761023225301,1.8270568699592966,13.199574453542729
0.26322042828287584,0.23432475073320436,2.634430583622573,20.41947200721563
0.35395167110966286,0.41202576246245926,1.8968472966177738,13.715620367116601
0.8305608209855455,0.8996403654520105,1.8776528444544591,10.3158477329025
-1.0062816324819321,-1.1030292576598026,0.9939027528871955,11.436823921855972
0.6504734958234152,0.6534423887148384,3.9736343831018304,30.01852063068367
0.5426831208140128,0.5445916083030659,3.17693009037872,24.70631454188896
0.6430378716435424,0.6498280798341354,4.492473016073409,35.042754802066206
0.6612971956405723,0.582616844845496,3.3224501296402074,23.375328117436073
0.6825779644342252,0.7028290744914223,1.0517454408467526,9.11943012045052
0.7643123918358797,0.774511992159105,2.8168879850710473,21.402700509702942
0.342043874014464,0.4442048695587949,2.7991685793535854,18.15261967112638
-0.01622760356325159,0.003533710192667905,3.2640745361590184,24.43869494838243
0.369272252748143,0.3916283868869108,2.3799748311924094,17.134560462278877
0.43924985084786883,0.4156392441112221,1.5499715236679896,12.240627467002541
0.739046452640742,0.7675440924304259,1.1794630501785583,9.255359283606346
0.49419812070789004,0.531290574014331,2.3301025316036235,16.68327190172215
0.4649807982926847,0.24676273719510788,1.1746486860038412,11.435121181180314
-1.1049434956998319,-0.43872342217211013,3.7418711007424985,47.8787524431374
0.5372920380925652,0.6029934479241115,1.825167605457769,13.447314994460063
0.7936592358498684,0.34873970655436803,1.0160484878589688,10.845639038742487
-0.14209845704588409,-0.1414520683793199,2.148890640801868,18.283183099634023
0.3158889532531035,0.4867033768874749,2.7981697967645984,16.311965161570512
0.5204970318426454,0.51064719981579,2.1294553541323658,16.54905362762847
0.5979942571426353,0.6260594774111925,4.121236120794371,30.839711617208106
0.44399836254697367,0.44807123210622324,1.8259709974901026,13.760394010342285
,,1.7711690000000004,15.453924999999998
0.6063836302485544,0.6495810080131228,1.412556533932352,4.644459903427364
0.2644051967874088,-0.0006210100037153943,1.2672070917427998,10.176330431009793
,,0.2979099999999999,13.108143000000002
0.5016101747285175,0.26955691093036704,0.8782607787775166,8.686075170592815
0.4217736911281975,0.5387103483126685,1.727679535846564,9.154044791410627
0.6330556171187144,0.6611862466577885,1.9597994603103053,13.642342463764079
0.5071003705747665,0.5386725119303288,3.9894621799376213,29.585413279875734
-11.413502060859745,-0.028963703992280765,1.0508486032203308,8.477354517139059
0.5149375801166965,-0.23688400738328563,1.7748687612013043,5.937978721755295
0.16770171345850438,0.17451455936817573,1.864104358426055,12.311099087387767
0.7477473251643599,0.7938163793826355,1.9716984255083758,14.896382167159707
0.6808669635244831,0.49139242708044484,1.920235215930677,21.232641981833257
0.4541846733325835,0.2970498907866934,1.1485032828562378,8.746860665148382
0.03576758738533492,0.11961344679868413,2.193636127186299,14.395308619108237
-0.5093429890796628,-0.31879113818666194,2.017777445450239,19.38422613733581
0.23348299929359884,0.24446319710782805,4.038764528420544,32.51793417606062
0.19960349355642293,-0.23937119800898476,2.3815463992955546,20.839200091944022
0.4636428349648971,0.48522486129775966,2.4957293381526617,18.023127210927296
0.7056785593556032,0.6359017333409869,1.5139106008959116,12.770382080368842
0.3738136644808733,0.3695510534551407,2.5195379906396456,19.41751328913342
0.5401963057714038,0.4905852783269673,2.091900838366242,16.508255798677286
0.6849185510996555,0.673007472292021,2.880768828598487,22.55166159852709
0.3812071857075776,0.4141819128894093,3.1555629024686693,23.4725113275816
0.23924031055595396,0.34055237045853615,4.239008063654874,24.042855556296438
0.3727789100304967,0.38244773107030827,2.957012280380242,22.830923291333768
0.5372690428815055,0.6195233167729056,3.243983291949753,21.347990134973973
0.4119473426806626,0.2858078061131778,1.7211557372389066,15.32713997825267
0.4276895046209117,0.4356826937481174,4.272490277959759,32.12093158979581
0.13402483821990951,0.13962748089420463,2.408705864380436,18.610887488295052
0.6497398137727031,0.5861772501750526,1.5659458311746293,13.39891415612993
0.4274652504433546,0.3617651429760794,1.9139462643038845,15.967430315390487
0.3298799020530966,0.36105000582400293,2.1330479606249453,15.984961738557066
0.5582355361971494,0.5675426505212268,3.337114104282964,25.42435438973161
0.5865176411212865,0.6017964471177726,1.8940331117701152,13.749796696874503
0.8593330636765696,0.8228029687727453,1.8726007562562077,16.693706405988348
0.44317648263015474,0.39608049991225924,3.5803046571456907,30.19235786674655
0.5446103568554093,0.5393456882153522,1.6359760315311431,13.44666641255163
0.6977203701146973,0.7385037943968178,1.6367165769742862,13.252852737464542
,,0.6973739999999999,0.29554500000000417
,,4.5250714,30.682527000000004
-0.3638999990064389,-0.2674308270034933,3.231550115767246,20.637737607520545
0.3275839952437978,0.3248592820648003,1.9802555699864464,14.371510167486733
0.5136896750560774,0.512257879845938,2.2620505852337662,17.271788732610243
0.5900092259591967,0.5245218220631708,1.3307573761422058,11.298814884468541
0.3831605817801642,0.3741096735653622,2.65109898895904,21.719278419012994
0.6794691416041199,0.5294261013303841,2.38465717697517,23.631393387886625
0.4215538727138589,0.42210721190944256,2.369394998124848,17.953319391750824
-6.418693512743353,-3.7404765151411414,1.8787172774588783,19.845385341661284
0.4625685585054895,0.4487047448139808,1.987529146404902,15.868307240202201
0.25208559847357737,0.2184079612622517,2.0963727839812774,16.328894358238095
0.2647176802136665,0.22038910137158785,1.6595608324185156,13.322326666344102
0.4061354961485011,0.2716890145362322,1.399196145061325,12.142113680366874
0.28961049457661525,0.20174011153383387,1.5624665620024538,13.286419756497132
0.44799867954245876,0.47823828393510437,2.621155236618616,18.16862894531407
-0.19162273324364332,-0.19757910987792848,2.3686531993767055,17.634970907358195
-0.015769271267898066,-0.38944754161879036,1.276895742106084,10.926879589992456
-1.800175886979447,-1.2435148363940036,1.4321308654484055,9.528403436829908
0.28605862065543575,0.32216534985848544,2.2476013017957235,15.556440307034064
0.21631786727813107,0.1672748721645685,2.433120733004672,16.759071403431616
0.3410990751377294,0.489777758314895,3.379375893916035,19.057961753940322
0.18075092771913148,0.1327229236467692,2.087911051958165,16.21835100848228
0.1914551656784379,0.1569040354306518,2.9852833126159695,21.48864366756068
0.7796729540585805,0.7441950531835443,3.3954559689718398,28.160659171427138
0.41032909367835246,0.24310389053165815,1.6108644081381378,15.88888674462426
0.6673527420618827,0.7081471061440265,1.616130435307265,14.455811510859224
0.31630629511571706,0.31827188659076455,1.8133770692812,14.723524354503647
-5.613079964370613,-9.409142943714357,1.9590858586504383,10.410225920896819
0.18773044173951314,0.15167133665924726,1.289671609338316,11.188833149865367
0.49802716379509526,-0.1897479322688338,1.0089551196156645,7.716138932736892
0.3092975950451664,0.209765700429012,2.006889060607645,15.30694486881725
0.6578571527618362,0.6483935642415519,1.31367670949959,9.960765448544112
0.16857933153633442,0.03378495400946957,2.063002931020697,16.174722928256443
0.3437635593856948,0.08149681352866112,1.585747756993314,15.264450390976421
0.32158768868747134,0.3169283151875476,2.4906862144649953,17.30462430885452
0.014804439629509392,-1.237831999994837,1.7261341867175755,11.965214111383569
0.3274787570151242,0.5684365356705727,1.5113601102552792,9.84231840572671
0.4783117060434723,0.48214861802584996,2.484852842559504,19.240555560571863
-0.20775384341178804,-0.3025981783914289,3.6946162117129733,31.431778743250014
0.4437432686491847,0.45395132119911674,3.123432071576467,23.916640470738162
0.2193522061605464,0.20495463005068237,2.0748783058238325,15.843467782597981
0.705926621957489,0.7267057558010153,1.8092466779257217,14.282982635431429
0.6614061090388441,0.3815404850130668,1.3243683873327443,10.699795944996648
0.3319089755356257,0.286603565977368,1.5452244795856194,11.30693479239061
,,0.8078164000000001,8.133430000000004
0.6370818375512238,0.6785557201980232,2.2156908820109584,13.880338565773208
0.5307226157380395,0.4924555910769237,3.708720835594093,29.181897679593156
0.32646006825054585,0.28506624613916454,2.102429949052346,16.603126365704412
0.09570191450605514,-0.17737451892830802,2.308940299009423,16.83210649759619
0.6389213715582004,0.7217016840757828,2.4774318614279363,16.842594325232376
0.456429085281433,0.49969491035485214,1.7354462767974403,12.097460915084532
-1.1128715137953082,-1.162922500744239,1.566951488349165,11.651799875814229
0.7303084817563641,0.7323312987840704,2.707908344542501,20.839328480124333
0.6674184848306974,0.5763159958440596,2.15984425581431,16.189178345129754
0.5841555245691595,0.5253687281616664,2.717714798123042,23.6463099069755
0.3623451502661992,0.317172098548851,2.6566208895347354,22.736643358735144
0.3525856583483462,0.33347228162719156,3.056604186925432,26.704667633511047
0.2449680158544325,0.21769627641793354,1.9006567873357054,13.170963619700688
0.04805424822165871,0.047876323536174326,2.7502915180975998,15.320356971673343
0.9588427944274581,0.8034173633455992,0.2674497806710634,6.685318530859248
0.653194487998468,0.6564789216435549,2.159171763504894,17.09584541309155
0.6875986052121354,0.713833645440999,1.8393586558319759,13.89065649314255
0.5946836296292992,0.6203421881375129,2.0099580359509193,15.208704026842204
0.811948835555269,0.8019851341000024,2.057512528156447,15.716392430285554
0.3865148075799151,0.3721005406620017,3.744030896229438,29.707572861346037
0.6749052909992128,0.6492652061939609,2.2248831861871396,18.826566439695853
0.627426728861931,0.6218174636458196,2.343855953747008,18.876140402836363
0.48832333427545005,0.5059719724132719,3.8626365175977395,29.567510245501815
0.5223643732319261,0.5273783138213062,3.1823817266383334,25.613605335577557
0.6435697422433042,0.7133995116964265,2.951935793094758,19.810224491116163
0.2330765904127131,0.19690249160241613,2.0879797329218146,16.92019826507706
0.6079103940641231,0.6663146829550401,2.084168249394593,15.239747005077149
0.7577298210430841,0.7571037722966862,1.4837272859414006,10.292527144119813
0.6598625524924469,0.7113580864131793,1.895292913287521,12.980887871048326
0.6364059190502773,0.6541323179138177,2.274659644684375,17.76228597945215
0.677131062892865,0.7324357810866576,1.2699346518600902,10.08809112245172
0.5687027311612515,0.5651160308264704,3.426214450858176,27.872213400484032
0.6019784356271853,0.5956926010401075,2.7476868030795956,21.82231988159478
0.6320784457119688,0.601720917726335,2.8047991186009438,23.91821134921786
0.6240068197500543,0.6466604567139758,1.1925491564458675,9.130554767408043
0.2398263847146599,0.23838240979915792,4.42736520249246,36.21163227376078
0.5228031758275542,0.53808727382221,3.2453319587552665,24.88897786567248
0.722497854600846,0.7000893432180607,2.211680552721055,17.82323721801946
0.5442344741072256,0.549035555099606,2.74847494979261,21.70808300239544
,,0.11253530000000023,5.355587
0.7583730544635553,0.7525348502556132,2.3431829198347307,18.692040657929475
0.575204945044147,0.5657556674866945,2.489830967963957,20.396570975515477
0.7312615574899579,0.7308241922019266,2.0910245584017533,16.47087380567199
0.6016156259991805,0.5965918233981282,2.6943744858782837,21.837147654711032
0.6423079856696192,0.6581468391607577,2.092974531555477,16.473322947467736
0.6101886915428476,0.600737345682284,2.2121321299525394,18.129797056113407
0.5394293973765578,0.5726045379520316,2.446143206150825,19.210910218058675
0.6175289343982685,0.49906169550161417,2.596474084948048,25.407938566098576
0.6207884851144272,0.6277073096790954,1.8445689319038345,14.721754386856333
0.2978233614323511,0.392052508423432,7.351923021481433,51.70364726051003
0.6182614661774555,0.6513303448838959,2.311213037062334,17.400430759341074
0.6247513284171291,0.6134542928175677,2.526885729031177,20.38505902881074
0.5377592305138668,0.6227899885227481,3.4180076300570517,22.395063079392575
0.7423428124992966,0.7300374114525674,2.040299820322981,16.462515204984935
0.5979757173040798,0.6130142577687618,2.294064597990449,18.18066505848985
0.5172084935990189,0.5078803802062496,2.2449901532547645,18.52960632809728
0.4688020884149424,0.4338075291060296,1.7783209069895831,15.406735568198133
0.7272709364339134,0.7237237523154647,2.016752008243703,16.049132494611683
0.7394686693204895,0.7197103592771628,2.333805419918344,19.890393888206518
0.6560463027221127,0.7821017101440726,1.598530302033847,12.627821859189757
0.7275668529942225,0.7231817716422311,2.0304255570527885,15.754870203289277
0.28110646490645685,0.2761904821629667,3.957375084484761,32.59630730905595
0.4076611497031869,0.5154741805751673,1.834359184572005,12.578021714574895
0.7490958412977329,0.8105742690905825,1.3706309629321995,9.155692288034205
0.45475247040457834,0.48696110637338075,1.7501706671977086,13.688072692925271
0.7433812092621823,0.7420998838219712,4.534586778493629,36.73915002106378
0.5096007373680373,0.4703064366114569,2.284947965824255,19.408366215847437
0.582892925183875,0.6097265502450192,2.6048646179772135,19.990283482866356
0.3613770698814964,0.33316661415996807,3.017919968843735,26.026468822663077
0.7034688817437151,0.732920975900503,1.8401512403536024,13.69215708107957
-0.5112086435467837,-0.5742266463964047,1.6390408236071778,11.19768288680932
0.6727131199843479,0.7024315489197757,2.297798899771622,17.5886601694605
,,1.256392,10.499259999999992
0.2827514594543675,0.1781987110818265,1.6067293767511186,12.648751182141188
0.08587817851509472,0.13733662392398105,2.2528357604456875,13.816604379271848
0.26653604664773145,0.2500904031609027,5.360813422307328,39.6634685962129
0.8074252546143361,0.796011245961479,1.8999572259865205,15.07595878170308
0.416066801397984,0.35311666582633305,1.8758159242392654,15.660710730601041
0.7337005355270801,0.09995660907962545,0.9138856952076231,15.20239545910544
0.9500344389499784,0.9429943482543204,1.7934658367293341,15.640126434073261
0.38869451556376067,0.43112929486695617,2.1783098776274694,15.88034839967416
0.5585897358440416,0.5482509037347242,1.949753426834107,15.791319556696855
0.6279935331700075,0.6154958682420651,0.9970152836326033,8.562520766987513
0.4989938109349983,0.6736922426681706,3.6997370845535094,17.27933309776995
0.4393949054733872,0.6692211301161868,3.3294906480127464,10.504820670836475
0.6303902599624385,0.6282889956268889,1.5919085290246404,12.860502127019132
0.7221306546866195,0.7182635440056357,1.5824793069444938,12.936396097216676
0.6830600007128538,0.6676431241807799,1.9844334113615076,15.982713971210899
0.5706952453982961,0.53719392758917,2.341962303195922,19.31318885133626
0.6370726888536372,0.6305097519184634,2.6215561033368995,20.88101818293874
0.9554246873700061,0.889460597015752,0.521166985481736,7.665218253054853
-0.016593878716459898,-0.023945517040502518,4.075611545919163,31.95550257193469
0.6248385327118068,0.6592110663924473,2.107901391023563,14.707240811446372
,,0.13916399999999918,1.1368940000000123
0.6128460710680208,0.6254745976574023,3.390187592931557,26.356358991531806
0.6085710903049792,0.6019076129807741,1.6894468233860729,12.694024361083228
0.6268068661980661,0.6397210122870567,4.248281084469585,33.02952076093827
0.5807439946010315,0.5891105388888604,1.809187736159857,14.105711702054437
0.485731724413594,0.4854767909159413,2.33651928048766,18.529468612218274
0.7889476295449984,0.5404547846030527,1.235004322506905,9.91709815225802
0.6834517726074978,0.6957888502493534,2.7983769680751553,22.99849403120754
-1.070274953957966,-1.0903410036488266,1.9113873891198772,14.129057748099767
0.5945954433235443,0.6703957083049545,2.0635128506420495,14.011104832171254
0.6771310803370301,0.6788056794319166,2.335804170110957,18.63524632084875
0.43764013751286623,0.41534354867296264,2.495472211076257,20.337815796821733
0.7927859973820737,0.8248392619744712,3.13470633250454,23.559050444433023
0.6708630862166932,0.6691280380674626,1.9669520534108655,15.38208180348579
0.5237411813202341,0.5282060795483461,1.776555780183133,13.740773748477226
0.5103205704186144,0.5008470275530259,1.7723091129052029,14.022770290112001
0.8561156401066121,0.8640289812686879,3.396794667567261,25.95716713350495
0.3497815780560738,0.4305527951465379,1.4827528434843642,11.537191812714443
0.6839218208287924,0.6806594639891537,1.8564763444354218,13.760086021030551
0.634611505234761,0.6322532549110595,1.7074976852307702,13.121185265120262
0.7034961911739535,0.7165840246138081,1.9300330496293139,15.007739884375626
0.3093314503743215,0.3183939114790513,2.1822768321325983,16.285408358612635
0.8123384596967606,0.7199876719880391,1.2307773090060299,9.740698039203597
0.5764741890443854,0.6571631081066085,3.7235706630086662,25.17099610191493
0.45279790464806324,0.46993455916895277,2.6940382093413895,20.41032805181804
0.6972535281706955,0.6684427371089945,2.1190170071811867,18.190176598242125
0.8111836244401657,0.784968349101697,1.6008564866788733,13.566807573670696
0.39658997759740855,0.4062240037267485,1.4993127931571033,11.270950829990733
0.4773264631638131,0.37201285898226066,1.4788322939884675,12.825194057756809
0.6441859467765664,0.6433064821017218,1.824201866491791,14.145107468794
0.5525299624051138,0.5589292419367026,1.954127592532081,15.016238206721766
0.8045976780085862,0.7271086841050675,1.173860208942225,11.036243501022284
0.343869882118336,0.42151640189345996,1.8136045287930518,12.322681593291007
0.4375920155810522,0.45852270521816985,1.8344762962718477,13.396350592790927
0.7971811820118164,0.739250045469391,2.5855721990660343,23.841011687100643
0.7332877853126368,0.7297532027573024,2.113186310861245,16.09007023311301
0.7577085283834276,0.7561118527307723,3.4002098644409386,25.47514036621287
0.35482301648558534,0.3287673632627678,1.6280880393744788,13.165270757914953
0.37214543815682943,0.39692718855193676,1.9581110101164962,13.665426151274136
0.20216492895971327,0.22007058743066,1.529044418002742,11.130312784388488
0.6507328508952379,0.6309838712765732,2.0526739058493013,15.122156400530637
0.33886821066737405,0.2877651885895579,1.6220163522890836,12.824297640910768
0.5055052054974902,0.5004073220802365,1.7171009340294863,13.563147632468686
0.7464665000739563,0.734220044273761,3.0356696592435446,23.808891813270023
0.2014666031444977,0.19123198132192987,1.787940274759626,13.67145521189416
0.8674912404415587,0.8621509948788064,1.6371806501205424,12.302282161605731
0.5168059750986145,0.551071597856061,1.9018536158336026,13.874238719290162
0.447709960650834,0.5639135832812204,5.880522968088669,43.8188825681579
0.2573430048680122,0.258760680547811,1.7613751491991512,14.339211162095829
0.6192731562894924,0.6299971455769191,1.9063480130872448,14.51802014066806
0.24822701863757446,0.4234598592347898,3.838711652013602,25.264144543959898
0.24314241095281408,0.2621276210256328,1.7153458997151663,13.148695125390892
0.19740636241018283,0.23178704886848978,2.867215020727566,20.000048767458406
0.488071430696446,0.4633369816636437,1.901410779877338,15.114176266002309
0.4114777029217882,0.4849816104166509,1.776547002452434,12.16511178287571
0.3349501568105332,0.37472064299795116,2.1040435878893655,14.203907749123832
0.34875797530261476,0.34592817770366135,1.9161018306676727,14.174903185606249
0.6052281658007249,0.6019546220112211,3.0321230960980823,24.289105728145728
0.48000211001238524,0.4667810334749083,1.6973068419414825,13.689692816150975
0.5683100341746178,0.6115493757103703,4.014292916930591,27.04763572286292
0.22918006105864008,0.15846255271207277,1.7318705701309511,14.66699739201487
0.3683504531870583,0.3558389219993323,1.6419797388278825,13.06182564257179
0.7557154458960502,0.7538651115440804,2.078080743976479,15.251374813745924
0.8926658444052963,0.8622817641135302,2.5811945931576536,22.62280031389635
0.5897750405608613,0.5867008976359461,2.2376912609807844,17.42962790202622
-0.4133584471285685,-0.5973183185386655,3.6311324889385763,24.501157207924386
0.4425827698984135,0.4751984236645994,1.6520842207507291,12.05029052956168
0.6827262996329604,0.7407198835871195,2.20573033398657,16.08264992340905
0.32278752746620565,0.30195114077772955,1.834929732553111,14.29774625355788
0.284465130782962,0.26505024368222796,1.953708713594035,15.543492344389488
0.3066089170634523,0.49256552404820364,2.37653197475237,16.760505201054652
0.41724683449927946,0.4304848249276243,1.805260492381273,13.125249091101336
-1.2072180785038982,-1.2196421854998984,4.393395635921945,38.904192142364295
0.7225015357787918,0.789938934478935,2.051740608602081,12.652881752106255
,,1.2552029999999998,14.390589999999996
0.28082117084282054,0.35307102486862296,1.9030762113038857,11.669033257161743
-0.005015456377481575,0.018334299979945734,2.821505639060609,21.042889282850084
0.7530750483163208,0.8408125599688527,1.2187623342221405,5.6540888214823095
0.46454048531037884,0.6141966672463262,2.3641881212972105,14.016006073541377
0.16994531819714032,0.12796833242038852,3.104155661750954,28.440332975871605
0.8380980292544978,0.8576028668681706,1.5096685910057193,11.020251246901159
0.7963854521429696,0.8313641811966717,2.45457218101593,15.368650576975968
0.4990105802107093,0.5822731497911424,1.5300628268203735,9.768362258073477
0.6289728308907824,0.6037229570006675,1.9655949071360685,17.476395214551268
0.6850360078560802,0.8127394572232591,1.4597524454480666,11.797717904112718
0.5793882731474471,0.5769056038417387,0.6296951041546489,3.2760363105572665
0.847950203606919,0.7517115333425728,2.044207353800918,21.7602208048141
0.3406406845573072,0.32024768389183766,1.790682170283014,13.744950220067457
0.3666396115118621,0.3963793964151543,2.278267779582257,12.263727391550221
0.7630298611022506,0.7726931893305641,1.439495760055086,10.965993810060302
0.5883656087240823,0.6443290232120429,1.6091531344459782,11.456845751233562
0.010180879636256357,-0.3170106686724232,1.488136244183555,13.993223356650851
,,0.7027590000000004,12.100880000000004
0.8621221662038323,0.8576752907690923,1.85110579837146,15.730849760712015
0.9072546591791045,0.9599246413263105,1.8808325403949442,12.373638838388025
0.8031714629628668,0.8059687994081183,2.0700469434013065,14.707044462485355
0.7950012662583538,0.7933744724927163,1.7054978266612932,10.92514440802006
0.5278938979954557,0.5614674245519858,4.411263866250155,31.647298973943908
-2.692017352640069,-1.0664274345867657,2.7565043817622534,24.342739404114933
0.5721674228105031,0.5811182328619053,2.141563125164051,16.490800167000845
0.6704944781730059,0.6928867276719123,2.464244157983283,17.33566490046854
-0.38131995640373106,-0.08621326186234257,3.0124492847191915,13.59939598722017
0.26501048817954587,0.3501023180091787,2.531087063606046,15.822620206302954
0.8054294332823415,0.8201665373678142,4.0287479390097465,32.51315367857656
0.5237161791464204,0.7336279140436517,4.625590558327723,24.951062039750827
0.7512904914728648,0.751163420028727,1.7538048496399579,13.501469948656878
0.593564642860291,0.7783599258790531,4.4048799921659905,23.274804177316668
0.6384776195187392,0.6633450616388892,2.40585383963334,18.377262108807077
0.5137944194548575,0.4058151389603518,5.2006290187697175,48.0694693142092
0.4909009867255022,0.5629253978379867,1.6812672341331083,12.092660419278705
-0.009411579338676646,0.3667614178516495,3.3456956700823075,23.618160968208343
0.144744279411824,0.2650258032203391,3.1217260007618397,5.064249215002158
,,2.443351999999999,0.6924300000000017
0.07819703843877268,0.12961076471550337,2.460327385298551,13.320677081142032
,,2.1997370000000007,14.896919999999994
0.28696209692387464,-0.5281202684801043,1.7572737991858296,17.27144306089101
,,8.119473000000001,21.667190000000005
0.4576093645624565,0.6308491833133181,1.2903326438735663,19.33701434996395
0.28751272979057485,0.46485430632179103,0.7365088200982391,9.287560239172072
0.7184831583908692,0.5868404440030324,2.9645645640737235,29.043098587708478
0.5988761094072268,0.620472171140811,2.1853338361117154,16.279723065244116
0.8249598170775406,0.8591998235229505,2.9164478219670413,21.429103203641247
0.6345511287128756,0.6252134002539398,2.228515150482271,17.412208478011795
0.8529189771719599,0.8318409235301863,3.996642569555627,27.85911571210508
0.5610075685784,0.5222586874779276,3.22596265921771,27.34410687656959
0.7604001436307308,0.6729547317054734,2.0819526166662072,18.006236451066833
0.7501541738623168,0.7895246921859633,3.233593158160593,22.74513433741709
0.7016601879178197,0.6918679766044206,4.459475077458038,34.14113356138602
0.49865873405322825,0.6018040585481359,2.6920112676292662,17.855787763171207
0.7662579545705835,0.7521581012312445,3.611478027744758,28.57154687909182
-0.6828539867635981,-0.8351076932791757,3.76325164441224,34.929969465251055
0.6051228074659974,0.6471570773158404,2.7004746853516335,13.557500670732049
0.6653377189004916,0.595756705992016,4.039928155360373,32.78911109948128
-1.3371544683051795,-2.1733577726532927,3.734679901393759,29.404762318335443
0.3392309447047487,0.3752853905162109,6.411887132563893,51.74291855369031
0.6710496563163006,0.6588973052460163,3.9113994572490505,32.025462310869656
0.6165625486717983,0.5996850183681035,4.1595448929244485,32.30044498502503
0.9689292356757163,0.8478975719454924,1.4130480451774576,14.641265020893297
0.19922731954716622,0.17188525366090113,4.136371496917044,33.78892006263525
0.30690176299295635,0.3673217118307256,2.848573211777626,20.848131146842157
-0.0021003996907815736,0.0390685188944927,1.9027972879473094,15.26241123159532
0.28255957083553507,0.297162735293119,2.2847305195048833,16.571665283013203
0.5553990227734591,0.6255806490925009,3.0223935491846317,21.158156602749482
0.6150480268015555,0.6103864063732518,4.592323493363587,38.05178253426089
0.8012025507878885,0.7991938353127419,3.2858732826671666,25.961462532718574
